"Kecamatan","Tahun","Long","Lat","Intercept","X1_fe","X2_fe","X3_fe","X5_fe","y","yhat","residual","CV_Score","Stud_residual","Intercept_SE","X1_fe_SE","X2_fe_SE","X3_fe_SE","X5_fe_SE","Intercept_TV","X1_fe_TV","X2_fe_TV","X3_fe_TV","X5_fe_TV","Local_R2","coords.x1","coords.x2","optional","Intercept_p_p","X1_fe_p_p","X2_fe_p_p","X3_fe_p_p","X5_fe_p_p","ket.Kepadatan","ket.SIM_C","ket.SIM_A","ket.Macet"
"Cakung",2024,106.941,-6.188,-2.74637051234004e-16,8.76627376733824,-1.76038653997301,-2.13871687875339,15.1896298819934,5.43819303228734,5.68917079174852,-0.250977759461183,0,-0.146855473498993,0.99421590900112,8.55411512850534,0.814832876050421,1.06719609821149,6.36775056804173,-2.76234818561624e-16,1.02480193867463,-2.16042650181935,-2.00405237831889,2.38539963519091,0.959668163705698,106.941,-6.188,TRUE,1,0.308,0.033,0.048,0.019,"Tidak Berpengaruh","Berpengaruh","Berpengaruh","Berpengaruh"
"Cakung",2023,106.941,-6.188,-2.74637051234004e-16,8.76627376733824,-1.76038653997301,-2.13871687875339,15.1896298819934,4.17800569860221,3.39262423222202,0.785381466380196,0,0.367786391182339,0.99421590900112,8.55411512850534,0.814832876050421,1.06719609821149,6.36775056804173,-2.76234818561624e-16,1.02480193867463,-2.16042650181935,-2.00405237831889,2.38539963519091,0.959668163705698,106.941,-6.188,TRUE,1,0.308,0.033,0.048,0.019,"Tidak Berpengaruh","Berpengaruh","Berpengaruh","Berpengaruh"
"Cakung",2022,106.941,-6.188,-2.74637051234004e-16,8.76627376733824,-1.76038653997301,-2.13871687875339,15.1896298819934,-4.11014945755763,-4.26555109492459,0.155401637366956,0,0.178157471866329,0.99421590900112,8.55411512850534,0.814832876050421,1.06719609821149,6.36775056804173,-2.76234818561624e-16,1.02480193867463,-2.16042650181935,-2.00405237831889,2.38539963519091,0.959668163705698,106.941,-6.188,TRUE,1,0.308,0.033,0.048,0.019,"Tidak Berpengaruh","Berpengaruh","Berpengaruh","Berpengaruh"
"Cakung",2020,106.941,-6.188,-2.74637051234004e-16,8.76627376733824,-1.76038653997301,-2.13871687875339,15.1896298819934,-2.94689961107906,-3.4732828738398,0.526383262760743,0,1.63153005692566,0.99421590900112,8.55411512850534,0.814832876050421,1.06719609821149,6.36775056804173,-2.76234818561624e-16,1.02480193867463,-2.16042650181935,-2.00405237831889,2.38539963519091,0.959668163705698,106.941,-6.188,TRUE,1,0.308,0.033,0.048,0.019,"Tidak Berpengaruh","Berpengaruh","Berpengaruh","Berpengaruh"
"Cakung",2021,106.941,-6.188,-2.74637051234004e-16,8.76627376733824,-1.76038653997301,-2.13871687875339,15.1896298819934,-2.55914966225286,-1.34296105520615,-1.21618860704671,0,-0.60958695850912,0.99421590900112,8.55411512850534,0.814832876050421,1.06719609821149,6.36775056804173,-2.76234818561624e-16,1.02480193867463,-2.16042650181935,-2.00405237831889,2.38539963519091,0.959668163705698,106.941,-6.188,TRUE,1,0.308,0.033,0.048,0.019,"Tidak Berpengaruh","Berpengaruh","Berpengaruh","Berpengaruh"
"Cempaka Putih",2023,106.868,-6.181,1.22364575869113e-16,5.51408179824784,-0.322269234579806,-2.68435290057731,14.1053707152089,3.17243361924657,0.319057621173381,2.85337599807319,0,1.15033087097714,0.426630258815077,3.66835674414333,0.779748708657948,0.658161821686586,2.80979806688034,2.86816448999582e-16,1.50314764425551,-0.413298837178551,-4.07856063984153,5.02006563442113,0.535959054576521,106.868,-6.181,TRUE,1,0.136,0.68,0,0,"Tidak Berpengaruh","Tidak Berpengaruh","Berpengaruh","Berpengaruh"
"Cempaka Putih",2020,106.868,-6.181,1.22364575869113e-16,5.51408179824784,-0.322269234579806,-2.68435290057731,14.1053707152089,-5.61606492055812,-1.27030518156076,-4.34575973899736,0,-2.18837474717064,0.426630258815077,3.66835674414333,0.779748708657948,0.658161821686586,2.80979806688034,2.86816448999582e-16,1.50314764425551,-0.413298837178551,-4.07856063984153,5.02006563442113,0.535959054576521,106.868,-6.181,TRUE,1,0.136,0.68,0,0,"Tidak Berpengaruh","Tidak Berpengaruh","Berpengaruh","Berpengaruh"
"Cempaka Putih",2022,106.868,-6.181,1.22364575869113e-16,5.51408179824784,-0.322269234579806,-2.68435290057731,14.1053707152089,0.814543767103849,0.0734269229835589,0.74111684412029,0,0.301400033412806,0.426630258815077,3.66835674414333,0.779748708657948,0.658161821686586,2.80979806688034,2.86816448999582e-16,1.50314764425551,-0.413298837178551,-4.07856063984153,5.02006563442113,0.535959054576521,106.868,-6.181,TRUE,1,0.136,0.68,0,0,"Tidak Berpengaruh","Tidak Berpengaruh","Berpengaruh","Berpengaruh"
"Cempaka Putih",2024,106.868,-6.181,1.22364575869113e-16,5.51408179824784,-0.322269234579806,-2.68435290057731,14.1053707152089,6.17338434015549,1.32602767239561,4.84735666775988,0,1.92998845173512,0.426630258815077,3.66835674414333,0.779748708657948,0.658161821686586,2.80979806688034,2.86816448999582e-16,1.50314764425551,-0.413298837178551,-4.07856063984153,5.02006563442113,0.535959054576521,106.868,-6.181,TRUE,1,0.136,0.68,0,0,"Tidak Berpengaruh","Tidak Berpengaruh","Berpengaruh","Berpengaruh"
"Cempaka Putih",2021,106.868,-6.181,1.22364575869113e-16,5.51408179824784,-0.322269234579806,-2.68435290057731,14.1053707152089,-4.54429680594779,-0.448207034991795,-4.09608977095599,0,-1.64857871949554,0.426630258815077,3.66835674414333,0.779748708657948,0.658161821686586,2.80979806688034,2.86816448999582e-16,1.50314764425551,-0.413298837178551,-4.07856063984153,5.02006563442113,0.535959054576521,106.868,-6.181,TRUE,1,0.136,0.68,0,0,"Tidak Berpengaruh","Tidak Berpengaruh","Berpengaruh","Berpengaruh"
"Cengkareng",2020,106.737,-6.151,-3.83496070772236e-16,4.91278522597788,0.592925392417459,0.192432499307452,6.85330061370949,-1.2754611968937,-0.708851898721651,-0.566609298172044,0,-0.387864385846674,0.825093898086096,23.4152537847225,1.18046727545171,1.82220619446487,4.80827630889847,-4.64790821580188e-16,0.209811316637673,0.502280245075469,0.105604129703864,1.42531339162568,0.741703951030101,106.737,-6.151,TRUE,1,0.834,0.617,0.916,0.157,"Tidak Berpengaruh","Tidak Berpengaruh","Tidak Berpengaruh","Tidak Berpengaruh"
"Cengkareng",2023,106.737,-6.151,-3.83496070772236e-16,4.91278522597788,0.592925392417459,0.192432499307452,6.85330061370949,0.97992750493052,0.734064767316748,0.245862737613772,0,0.131331879486376,0.825093898086096,23.4152537847225,1.18046727545171,1.82220619446487,4.80827630889847,-4.64790821580188e-16,0.209811316637673,0.502280245075469,0.105604129703864,1.42531339162568,0.741703951030101,106.737,-6.151,TRUE,1,0.834,0.617,0.916,0.157,"Tidak Berpengaruh","Tidak Berpengaruh","Tidak Berpengaruh","Tidak Berpengaruh"
"Cengkareng",2024,106.737,-6.151,-3.83496070772236e-16,4.91278522597788,0.592925392417459,0.192432499307452,6.85330061370949,1.6021036985372,0.865637775988558,0.736465922548643,0,0.35376319182163,0.825093898086096,23.4152537847225,1.18046727545171,1.82220619446487,4.80827630889847,-4.64790821580188e-16,0.209811316637673,0.502280245075469,0.105604129703864,1.42531339162568,0.741703951030101,106.737,-6.151,TRUE,1,0.834,0.617,0.916,0.157,"Tidak Berpengaruh","Tidak Berpengaruh","Tidak Berpengaruh","Tidak Berpengaruh"
"Cengkareng",2022,106.737,-6.151,-3.83496070772236e-16,4.91278522597788,0.592925392417459,0.192432499307452,6.85330061370949,0.746611432328015,-0.00271318511036456,0.749324617438379,0,0.429518175883942,0.825093898086096,23.4152537847225,1.18046727545171,1.82220619446487,4.80827630889847,-4.64790821580188e-16,0.209811316637673,0.502280245075469,0.105604129703864,1.42531339162568,0.741703951030101,106.737,-6.151,TRUE,1,0.834,0.617,0.916,0.157,"Tidak Berpengaruh","Tidak Berpengaruh","Tidak Berpengaruh","Tidak Berpengaruh"
"Cengkareng",2021,106.737,-6.151,-3.83496070772236e-16,4.91278522597788,0.592925392417459,0.192432499307452,6.85330061370949,-2.05318143890204,-0.888137459473293,-1.16504397942875,0,-0.681994357743283,0.825093898086096,23.4152537847225,1.18046727545171,1.82220619446487,4.80827630889847,-4.64790821580188e-16,0.209811316637673,0.502280245075469,0.105604129703864,1.42531339162568,0.741703951030101,106.737,-6.151,TRUE,1,0.834,0.617,0.916,0.157,"Tidak Berpengaruh","Tidak Berpengaruh","Tidak Berpengaruh","Tidak Berpengaruh"
"Cilandak",2024,106.793,-6.293,-8.74084250783362e-17,-2.39063176238172,-0.127030138609895,-1.40265525485615,1.13003425496521,1.39749388572152,0.316943051221437,1.08055083450008,0,0.653923634518129,0.805294163612643,19.4561905463071,1.57837544349684,2.68808057593926,2.5165052271069,-1.08542230936099e-16,-0.122872550856852,-0.0804815730840714,-0.521805509630617,0.44904903943488,0.174344394126926,106.793,-6.293,TRUE,1,0.902,0.936,0.603,0.654,"Tidak Berpengaruh","Tidak Berpengaruh","Tidak Berpengaruh","Tidak Berpengaruh"
"Cilandak",2020,106.793,-6.293,-8.74084250783362e-17,-2.39063176238172,-0.127030138609895,-1.40265525485615,1.13003425496521,0.777637726732136,0.170214849926325,0.607422876805811,0,0.565330674622899,0.805294163612643,19.4561905463071,1.57837544349684,2.68808057593926,2.5165052271069,-1.08542230936099e-16,-0.122872550856852,-0.0804815730840714,-0.521805509630617,0.44904903943488,0.174344394126926,106.793,-6.293,TRUE,1,0.902,0.936,0.603,0.654,"Tidak Berpengaruh","Tidak Berpengaruh","Tidak Berpengaruh","Tidak Berpengaruh"
"Cilandak",2021,106.793,-6.293,-8.74084250783362e-17,-2.39063176238172,-0.127030138609895,-1.40265525485615,1.13003425496521,0.214132127650878,0.000519665125025881,0.213612462525852,0,0.180777135834108,0.805294163612643,19.4561905463071,1.57837544349684,2.68808057593926,2.5165052271069,-1.08542230936099e-16,-0.122872550856852,-0.0804815730840714,-0.521805509630617,0.44904903943488,0.174344394126926,106.793,-6.293,TRUE,1,0.902,0.936,0.603,0.654,"Tidak Berpengaruh","Tidak Berpengaruh","Tidak Berpengaruh","Tidak Berpengaruh"
"Cilandak",2022,106.793,-6.293,-8.74084250783362e-17,-2.39063176238172,-0.127030138609895,-1.40265525485615,1.13003425496521,-1.64543634931727,0.0774363887061422,-1.72287273802342,0,-0.78203010565161,0.805294163612643,19.4561905463071,1.57837544349684,2.68808057593926,2.5165052271069,-1.08542230936099e-16,-0.122872550856852,-0.0804815730840714,-0.521805509630617,0.44904903943488,0.174344394126926,106.793,-6.293,TRUE,1,0.902,0.936,0.603,0.654,"Tidak Berpengaruh","Tidak Berpengaruh","Tidak Berpengaruh","Tidak Berpengaruh"
"Cilandak",2023,106.793,-6.293,-8.74084250783362e-17,-2.39063176238172,-0.127030138609895,-1.40265525485615,1.13003425496521,-0.743827390787261,-0.56511395497893,-0.178713435808331,0,-0.134769540711972,0.805294163612643,19.4561905463071,1.57837544349684,2.68808057593926,2.5165052271069,-1.08542230936099e-16,-0.122872550856852,-0.0804815730840714,-0.521805509630617,0.44904903943488,0.174344394126926,106.793,-6.293,TRUE,1,0.902,0.936,0.603,0.654,"Tidak Berpengaruh","Tidak Berpengaruh","Tidak Berpengaruh","Tidak Berpengaruh"
"Cilincing",2020,106.942,-6.124,1.28153416584148e-16,-5.66866857922835,-0.258978661864,-0.363636028738978,5.45439672971544,-0.270890479489266,-0.418320488467532,0.147430008978266,0,0.164876490893655,0.965622976291782,12.6238756809841,1.20534146458143,1.09193910844957,3.69289826212661,1.32715790459219e-16,-0.449043441370965,-0.214859166032203,-0.333018595931875,1.47699620800667,0.857343573977594,106.942,-6.124,TRUE,1,0.654,0.83,0.74,0.143,"Tidak Berpengaruh","Tidak Berpengaruh","Tidak Berpengaruh","Tidak Berpengaruh"
"Cilincing",2021,106.942,-6.124,1.28153416584148e-16,-5.66866857922835,-0.258978661864,-0.363636028738978,5.45439672971544,-0.408631401263469,-0.0580441803100445,-0.350587220953424,0,-0.158680858574781,0.965622976291782,12.6238756809841,1.20534146458143,1.09193910844957,3.69289826212661,1.32715790459219e-16,-0.449043441370965,-0.214859166032203,-0.333018595931875,1.47699620800667,0.857343573977594,106.942,-6.124,TRUE,1,0.654,0.83,0.74,0.143,"Tidak Berpengaruh","Tidak Berpengaruh","Tidak Berpengaruh","Tidak Berpengaruh"
"Cilincing",2022,106.942,-6.124,1.28153416584148e-16,-5.66866857922835,-0.258978661864,-0.363636028738978,5.45439672971544,0.87695053529576,0.516651413453993,0.360299121841767,0,0.211442135769106,0.965622976291782,12.6238756809841,1.20534146458143,1.09193910844957,3.69289826212661,1.32715790459219e-16,-0.449043441370965,-0.214859166032203,-0.333018595931875,1.47699620800667,0.857343573977594,106.942,-6.124,TRUE,1,0.654,0.83,0.74,0.143,"Tidak Berpengaruh","Tidak Berpengaruh","Tidak Berpengaruh","Tidak Berpengaruh"
"Cilincing",2023,106.942,-6.124,1.28153416584148e-16,-5.66866857922835,-0.258978661864,-0.363636028738978,5.45439672971544,-0.156106378010763,-0.297788892321543,0.141682514310779,0,0.106075084428077,0.965622976291782,12.6238756809841,1.20534146458143,1.09193910844957,3.69289826212661,1.32715790459219e-16,-0.449043441370965,-0.214859166032203,-0.333018595931875,1.47699620800667,0.857343573977594,106.942,-6.124,TRUE,1,0.654,0.83,0.74,0.143,"Tidak Berpengaruh","Tidak Berpengaruh","Tidak Berpengaruh","Tidak Berpengaruh"
"Cilincing",2024,106.942,-6.124,1.28153416584148e-16,-5.66866857922835,-0.258978661864,-0.363636028738978,5.45439672971544,-0.0413222765322607,0.257502147645127,-0.298824424177388,0,-0.155734079202111,0.965622976291782,12.6238756809841,1.20534146458143,1.09193910844957,3.69289826212661,1.32715790459219e-16,-0.449043441370965,-0.214859166032203,-0.333018595931875,1.47699620800667,0.857343573977594,106.942,-6.124,TRUE,1,0.654,0.83,0.74,0.143,"Tidak Berpengaruh","Tidak Berpengaruh","Tidak Berpengaruh","Tidak Berpengaruh"
"Cipayung",2024,106.904,-6.325,-3.04955327719732e-16,5.54482109215175,-1.93664329411961,-3.56860007055391,1.12475161799209,1.71002434407215,3.12863069204465,-1.4186063479725,0,-0.935612076725702,0.847428162123687,15.459952367636,1.56924961829701,2.70041112085735,2.73553590470873,-3.59859798564521e-16,0.358657061826355,-1.23412060869023,-1.32150250863317,0.411163171375683,0.760418841256949,106.904,-6.325,TRUE,1,0.721,0.22,0.19,0.682,"Tidak Berpengaruh","Tidak Berpengaruh","Tidak Berpengaruh","Tidak Berpengaruh"
"Cipayung",2022,106.904,-6.325,-3.04955327719732e-16,5.54482109215175,-1.93664329411961,-3.56860007055391,1.12475161799209,-2.43876889576535,-1.93018899163285,-0.508579904132497,0,-0.332893769397914,0.847428162123687,15.459952367636,1.56924961829701,2.70041112085735,2.73553590470873,-3.59859798564521e-16,0.358657061826355,-1.23412060869023,-1.32150250863317,0.411163171375683,0.760418841256949,106.904,-6.325,TRUE,1,0.721,0.22,0.19,0.682,"Tidak Berpengaruh","Tidak Berpengaruh","Tidak Berpengaruh","Tidak Berpengaruh"
"Cipayung",2023,106.904,-6.325,-3.04955327719732e-16,5.54482109215175,-1.93664329411961,-3.56860007055391,1.12475161799209,1.42141264043128,0.851776588015488,0.569636052415795,0,0.260729189544145,0.847428162123687,15.459952367636,1.56924961829701,2.70041112085735,2.73553590470873,-3.59859798564521e-16,0.358657061826355,-1.23412060869023,-1.32150250863317,0.411163171375683,0.760418841256949,106.904,-6.325,TRUE,1,0.721,0.22,0.19,0.682,"Tidak Berpengaruh","Tidak Berpengaruh","Tidak Berpengaruh","Tidak Berpengaruh"
"Cipayung",2021,106.904,-6.325,-3.04955327719732e-16,5.54482109215175,-1.93664329411961,-3.56860007055391,1.12475161799209,-0.634945748009914,-1.23478610229669,0.599840354286775,0,0.604326041389533,0.847428162123687,15.459952367636,1.56924961829701,2.70041112085735,2.73553590470873,-3.59859798564521e-16,0.358657061826355,-1.23412060869023,-1.32150250863317,0.411163171375683,0.760418841256949,106.904,-6.325,TRUE,1,0.721,0.22,0.19,0.682,"Tidak Berpengaruh","Tidak Berpengaruh","Tidak Berpengaruh","Tidak Berpengaruh"
"Cipayung",2020,106.904,-6.325,-3.04955327719732e-16,5.54482109215175,-1.93664329411961,-3.56860007055391,1.12475161799209,-0.0577223407281737,-0.815432186130601,0.757709845402427,0,0.675770177454592,0.847428162123687,15.459952367636,1.56924961829701,2.70041112085735,2.73553590470873,-3.59859798564521e-16,0.358657061826355,-1.23412060869023,-1.32150250863317,0.411163171375683,0.760418841256949,106.904,-6.325,TRUE,1,0.721,0.22,0.19,0.682,"Tidak Berpengaruh","Tidak Berpengaruh","Tidak Berpengaruh","Tidak Berpengaruh"
"Ciracas",2023,106.878,-6.334,-1.27342951637343e-16,4.5919353940843,-1.29284729691209,-4.60975066663095,1.94883799647515,2.3983041168918,0.207640863347078,2.19066325354473,0,0.997810754269951,0.710854720047381,14.3085283562278,1.24791399735066,2.3799770284316,2.33282886302444,-1.79140614876771e-16,0.320922968439702,-1.03600672775274,-1.93688872269022,0.835396898317067,0.802070542047521,106.878,-6.334,TRUE,1,0.749,0.303,0.056,0.406,"Tidak Berpengaruh","Tidak Berpengaruh","Tidak Berpengaruh","Tidak Berpengaruh"
"Ciracas",2020,106.878,-6.334,-1.27342951637343e-16,4.5919353940843,-1.29284729691209,-4.60975066663095,1.94883799647515,-0.273074231131245,-0.462080966892682,0.189006735761437,0,0.197286323705045,0.710854720047381,14.3085283562278,1.24791399735066,2.3799770284316,2.33282886302444,-1.79140614876771e-16,0.320922968439702,-1.03600672775274,-1.93688872269022,0.835396898317067,0.802070542047521,106.878,-6.334,TRUE,1,0.749,0.303,0.056,0.406,"Tidak Berpengaruh","Tidak Berpengaruh","Tidak Berpengaruh","Tidak Berpengaruh"
"Ciracas",2022,106.878,-6.334,-1.27342951637343e-16,4.5919353940843,-1.29284729691209,-4.60975066663095,1.94883799647515,-4.78473544112573,-2.69722411034828,-2.08751133077745,0,-1.13236911099691,0.710854720047381,14.3085283562278,1.24791399735066,2.3799770284316,2.33282886302444,-1.79140614876771e-16,0.320922968439702,-1.03600672775274,-1.93688872269022,0.835396898317067,0.802070542047521,106.878,-6.334,TRUE,1,0.749,0.303,0.056,0.406,"Tidak Berpengaruh","Tidak Berpengaruh","Tidak Berpengaruh","Tidak Berpengaruh"
"Ciracas",2024,106.878,-6.334,-1.27342951637343e-16,4.5919353940843,-1.29284729691209,-4.60975066663095,1.94883799647515,4.29795094215264,3.40002178467616,0.89792915747648,0,0.491490995373248,0.710854720047381,14.3085283562278,1.24791399735066,2.3799770284316,2.33282886302444,-1.79140614876771e-16,0.320922968439702,-1.03600672775274,-1.93688872269022,0.835396898317067,0.802070542047521,106.878,-6.334,TRUE,1,0.749,0.303,0.056,0.406,"Tidak Berpengaruh","Tidak Berpengaruh","Tidak Berpengaruh","Tidak Berpengaruh"
"Ciracas",2021,106.878,-6.334,-1.27342951637343e-16,4.5919353940843,-1.29284729691209,-4.60975066663095,1.94883799647515,-1.63844538678747,-0.448357570782274,-1.1900878160052,0,-0.842154978114134,0.710854720047381,14.3085283562278,1.24791399735066,2.3799770284316,2.33282886302444,-1.79140614876771e-16,0.320922968439702,-1.03600672775274,-1.93688872269022,0.835396898317067,0.802070542047521,106.878,-6.334,TRUE,1,0.749,0.303,0.056,0.406,"Tidak Berpengaruh","Tidak Berpengaruh","Tidak Berpengaruh","Tidak Berpengaruh"
"Duren Sawit",2024,106.921,-6.233,-1.19649351604684e-15,-6.35492020935028,-1.89961816346842,-9.14831731294105,8.79589484162803,14.8511148175724,13.7805075574423,1.07060726013017,0,0.636701179055345,0.910057662176513,7.96420680592146,1.06146269000209,1.25736490543035,4.60023214157966,-1.31474473077374e-15,-0.797935106936869,-1.78962311286201,-7.27578547280189,1.91205455962221,0.974711852813668,106.921,-6.233,TRUE,1,0.427,0.077,0,0.059,"Tidak Berpengaruh","Tidak Berpengaruh","Berpengaruh","Tidak Berpengaruh"
"Duren Sawit",2023,106.921,-6.233,-1.19649351604684e-15,-6.35492020935028,-1.89961816346842,-9.14831731294105,8.79589484162803,10.1393517271895,10.2948324594513,-0.155480732261825,0,-0.0789566417457162,0.910057662176513,7.96420680592146,1.06146269000209,1.25736490543035,4.60023214157966,-1.31474473077374e-15,-0.797935106936869,-1.78962311286201,-7.27578547280189,1.91205455962221,0.974711852813668,106.921,-6.233,TRUE,1,0.427,0.077,0,0.059,"Tidak Berpengaruh","Tidak Berpengaruh","Berpengaruh","Tidak Berpengaruh"
"Duren Sawit",2021,106.921,-6.233,-1.19649351604684e-15,-6.35492020935028,-1.89961816346842,-9.14831731294105,8.79589484162803,-7.89220317639145,-6.99247382384143,-0.899729352550022,0,-0.843576419244036,0.910057662176513,7.96420680592146,1.06146269000209,1.25736490543035,4.60023214157966,-1.31474473077374e-15,-0.797935106936869,-1.78962311286201,-7.27578547280189,1.91205455962221,0.974711852813668,106.921,-6.233,TRUE,1,0.427,0.077,0,0.059,"Tidak Berpengaruh","Tidak Berpengaruh","Berpengaruh","Tidak Berpengaruh"
"Duren Sawit",2022,106.921,-6.233,-1.19649351604684e-15,-6.35492020935028,-1.89961816346842,-9.14831731294105,8.79589484162803,-10.2933901359135,-9.19912656543173,-1.0942635704818,0,-1.63298533516682,0.910057662176513,7.96420680592146,1.06146269000209,1.25736490543035,4.60023214157966,-1.31474473077374e-15,-0.797935106936869,-1.78962311286201,-7.27578547280189,1.91205455962221,0.974711852813668,106.921,-6.233,TRUE,1,0.427,0.077,0,0.059,"Tidak Berpengaruh","Tidak Berpengaruh","Berpengaruh","Tidak Berpengaruh"
"Duren Sawit",2020,106.921,-6.233,-1.19649351604684e-15,-6.35492020935028,-1.89961816346842,-9.14831731294105,8.79589484162803,-6.80487323245692,-7.8837396276204,1.07886639516348,0,0.964647893282039,0.910057662176513,7.96420680592146,1.06146269000209,1.25736490543035,4.60023214157966,-1.31474473077374e-15,-0.797935106936869,-1.78962311286201,-7.27578547280189,1.91205455962221,0.974711852813668,106.921,-6.233,TRUE,1,0.427,0.077,0,0.059,"Tidak Berpengaruh","Tidak Berpengaruh","Berpengaruh","Tidak Berpengaruh"
"Gambir",2023,106.818,-6.171,3.35538827769281e-16,0.126496664859317,-0.569346268614806,-0.996793929688317,9.24848858980359,0.586088508560788,1.49233378030461,-0.906245271743821,0,-0.37068462567245,0.388774085735566,3.80660095244282,0.684059081964959,0.682829406940043,2.0563352737527,8.63068913491075e-16,0.0332308709107374,-0.832305693507291,-1.4597993577272,4.49755869475778,0.55277922349861,106.818,-6.171,TRUE,1,0.974,0.407,0.148,0,"Tidak Berpengaruh","Tidak Berpengaruh","Tidak Berpengaruh","Berpengaruh"
"Gambir",2022,106.818,-6.171,3.35538827769281e-16,0.126496664859317,-0.569346268614806,-0.996793929688317,9.24848858980359,1.91810784619894,0.0529177711269646,1.86519007507198,0,0.798832927252315,0.388774085735566,3.80660095244282,0.684059081964959,0.682829406940043,2.0563352737527,8.63068913491075e-16,0.0332308709107374,-0.832305693507291,-1.4597993577272,4.49755869475778,0.55277922349861,106.818,-6.171,TRUE,1,0.974,0.407,0.148,0,"Tidak Berpengaruh","Tidak Berpengaruh","Tidak Berpengaruh","Berpengaruh"
"Gambir",2020,106.818,-6.171,3.35538827769281e-16,0.126496664859317,-0.569346268614806,-0.996793929688317,9.24848858980359,-3.01036370306223,-2.48025600350547,-0.530107699556756,0,-0.273512224635894,0.388774085735566,3.80660095244282,0.684059081964959,0.682829406940043,2.0563352737527,8.63068913491075e-16,0.0332308709107374,-0.832305693507291,-1.4597993577272,4.49755869475778,0.55277922349861,106.818,-6.171,TRUE,1,0.974,0.407,0.148,0,"Tidak Berpengaruh","Tidak Berpengaruh","Tidak Berpengaruh","Berpengaruh"
"Gambir",2021,106.818,-6.171,3.35538827769281e-16,0.126496664859317,-0.569346268614806,-0.996793929688317,9.24848858980359,-2.47755596800697,-1.1522794272562,-1.32527654075076,0,-0.560740650310521,0.388774085735566,3.80660095244282,0.684059081964959,0.682829406940043,2.0563352737527,8.63068913491075e-16,0.0332308709107374,-0.832305693507291,-1.4597993577272,4.49755869475778,0.55277922349861,106.818,-6.171,TRUE,1,0.974,0.407,0.148,0,"Tidak Berpengaruh","Tidak Berpengaruh","Tidak Berpengaruh","Berpengaruh"
"Gambir",2024,106.818,-6.171,3.35538827769281e-16,0.126496664859317,-0.569346268614806,-0.996793929688317,9.24848858980359,2.98372331630947,2.0872838793301,0.896439436979365,0,0.376542278313111,0.388774085735566,3.80660095244282,0.684059081964959,0.682829406940043,2.0563352737527,8.63068913491075e-16,0.0332308709107374,-0.832305693507291,-1.4597993577272,4.49755869475778,0.55277922349861,106.818,-6.171,TRUE,1,0.974,0.407,0.148,0,"Tidak Berpengaruh","Tidak Berpengaruh","Tidak Berpengaruh","Berpengaruh"
"Grogol Petamburan",2023,106.786,-6.163,1.96975495778685e-16,4.91412385432194,-0.398950214959266,-1.33364935229171,7.92365033398763,0.387782409304995,0.975568434112008,-0.587786024807013,0,-0.262063045114824,0.509275489449649,6.06174650646345,0.80023662358347,1.02346029366545,2.61282830245748,3.86775919633492e-16,0.810677887813711,-0.498540310705552,-1.3030787423275,3.03259511026235,0.863786944684366,106.786,-6.163,TRUE,1,0.42,0.619,0.196,0.003,"Tidak Berpengaruh","Tidak Berpengaruh","Tidak Berpengaruh","Berpengaruh"
"Grogol Petamburan",2024,106.786,-6.163,1.96975495778685e-16,4.91412385432194,-0.398950214959266,-1.33364935229171,7.92365033398763,2.97299847133829,2.1688852926859,0.804113178652393,0,0.379162192261453,0.509275489449649,6.06174650646345,0.80023662358347,1.02346029366545,2.61282830245748,3.86775919633492e-16,0.810677887813711,-0.498540310705552,-1.3030787423275,3.03259511026235,0.863786944684366,106.786,-6.163,TRUE,1,0.42,0.619,0.196,0.003,"Tidak Berpengaruh","Tidak Berpengaruh","Tidak Berpengaruh","Berpengaruh"
"Grogol Petamburan",2022,106.786,-6.163,1.96975495778685e-16,4.91412385432194,-0.398950214959266,-1.33364935229171,7.92365033398763,0.757098989595466,1.03137055473757,-0.274271565142107,0,-0.120370386162532,0.509275489449649,6.06174650646345,0.80023662358347,1.02346029366545,2.61282830245748,3.86775919633492e-16,0.810677887813711,-0.498540310705552,-1.3030787423275,3.03259511026235,0.863786944684366,106.786,-6.163,TRUE,1,0.42,0.619,0.196,0.003,"Tidak Berpengaruh","Tidak Berpengaruh","Tidak Berpengaruh","Berpengaruh"
"Grogol Petamburan",2021,106.786,-6.163,1.96975495778685e-16,4.91412385432194,-0.398950214959266,-1.33364935229171,7.92365033398763,-2.10510450765568,-2.25654595681966,0.151441449163979,0,0.0735201393351875,0.509275489449649,6.06174650646345,0.80023662358347,1.02346029366545,2.61282830245748,3.86775919633492e-16,0.810677887813711,-0.498540310705552,-1.3030787423275,3.03259511026235,0.863786944684366,106.786,-6.163,TRUE,1,0.42,0.619,0.196,0.003,"Tidak Berpengaruh","Tidak Berpengaruh","Tidak Berpengaruh","Berpengaruh"
"Grogol Petamburan",2020,106.786,-6.163,1.96975495778685e-16,4.91412385432194,-0.398950214959266,-1.33364935229171,7.92365033398763,-2.01277536258307,-1.91927832471582,-0.0934970378672502,0,-0.0736541772003203,0.509275489449649,6.06174650646345,0.80023662358347,1.02346029366545,2.61282830245748,3.86775919633492e-16,0.810677887813711,-0.498540310705552,-1.3030787423275,3.03259511026235,0.863786944684366,106.786,-6.163,TRUE,1,0.42,0.619,0.196,0.003,"Tidak Berpengaruh","Tidak Berpengaruh","Tidak Berpengaruh","Berpengaruh"
"Jagakarsa",2020,106.822,-6.334,-3.67505257364656e-16,20.028460979569,-0.187287439668914,-3.03331485693288,1.36102463501394,0.606443022090578,0.309448970402784,0.296994051687793,0,0.474208965344439,0.867114057293381,20.0858862278909,2.0657141883325,2.06762791105768,1.78970820554249,-4.23825740424265e-16,0.997141014955956,-0.0906647399367948,-1.4670506432568,0.760472925585872,0.719053455879126,106.822,-6.334,TRUE,1,0.321,0.928,0.146,0.449,"Tidak Berpengaruh","Tidak Berpengaruh","Tidak Berpengaruh","Tidak Berpengaruh"
"Jagakarsa",2021,106.822,-6.334,-3.67505257364656e-16,20.028460979569,-0.187287439668914,-3.03331485693288,1.36102463501394,0.526647887604976,-0.156976383425483,0.683624271030459,0,0.426486385436391,0.867114057293381,20.0858862278909,2.0657141883325,2.06762791105768,1.78970820554249,-4.23825740424265e-16,0.997141014955956,-0.0906647399367948,-1.4670506432568,0.760472925585872,0.719053455879126,106.822,-6.334,TRUE,1,0.321,0.928,0.146,0.449,"Tidak Berpengaruh","Tidak Berpengaruh","Tidak Berpengaruh","Tidak Berpengaruh"
"Jagakarsa",2022,106.822,-6.334,-3.67505257364656e-16,20.028460979569,-0.187287439668914,-3.03331485693288,1.36102463501394,-0.390996158979451,0.954384275892128,-1.34538043487158,0,-0.686024079242867,0.867114057293381,20.0858862278909,2.0657141883325,2.06762791105768,1.78970820554249,-4.23825740424265e-16,0.997141014955956,-0.0906647399367948,-1.4670506432568,0.760472925585872,0.719053455879126,106.822,-6.334,TRUE,1,0.321,0.928,0.146,0.449,"Tidak Berpengaruh","Tidak Berpengaruh","Tidak Berpengaruh","Tidak Berpengaruh"
"Jagakarsa",2023,106.822,-6.334,-3.67505257364656e-16,20.028460979569,-0.187287439668914,-3.03331485693288,1.36102463501394,-0.590483995193457,-0.83137753190476,0.240893536711303,0,0.269336690424348,0.867114057293381,20.0858862278909,2.0657141883325,2.06762791105768,1.78970820554249,-4.23825740424265e-16,0.997141014955956,-0.0906647399367948,-1.4670506432568,0.760472925585872,0.719053455879126,106.822,-6.334,TRUE,1,0.321,0.928,0.146,0.449,"Tidak Berpengaruh","Tidak Berpengaruh","Tidak Berpengaruh","Tidak Berpengaruh"
"Jagakarsa",2024,106.822,-6.334,-3.67505257364656e-16,20.028460979569,-0.187287439668914,-3.03331485693288,1.36102463501394,-0.151610755522644,-0.275479330964667,0.123868575442022,0,0.122120843602579,0.867114057293381,20.0858862278909,2.0657141883325,2.06762791105768,1.78970820554249,-4.23825740424265e-16,0.997141014955956,-0.0906647399367948,-1.4670506432568,0.760472925585872,0.719053455879126,106.822,-6.334,TRUE,1,0.321,0.928,0.146,0.449,"Tidak Berpengaruh","Tidak Berpengaruh","Tidak Berpengaruh","Tidak Berpengaruh"
"Jatinegara",2024,106.877,-6.227,1.40905299935813e-16,8.81332398073832,-1.68100031191095,-11.9471136771455,8.73098178194039,16.2000950244218,12.4070959999307,3.79299902449108,0,1.79189734554083,0.518709096587803,3.90845654213503,0.922105653762631,0.950507376228938,2.05207130858678,2.71646093856312e-16,2.25493718190965,-1.82300184913916,-12.5691961745155,4.25471656145968,0.839265414001151,106.877,-6.227,TRUE,1,0.026,0.072,0,0,"Berpengaruh","Tidak Berpengaruh","Berpengaruh","Berpengaruh"
"Jatinegara",2022,106.877,-6.227,1.40905299935813e-16,8.81332398073832,-1.68100031191095,-11.9471136771455,8.73098178194039,-16.1807631687841,-10.6721129804649,-5.50865018831915,0,-3.18559487592696,0.518709096587803,3.90845654213503,0.922105653762631,0.950507376228938,2.05207130858678,2.71646093856312e-16,2.25493718190965,-1.82300184913916,-12.5691961745155,4.25471656145968,0.839265414001151,106.877,-6.227,TRUE,1,0.026,0.072,0,0,"Berpengaruh","Tidak Berpengaruh","Berpengaruh","Berpengaruh"
"Jatinegara",2023,106.877,-6.227,1.40905299935813e-16,8.81332398073832,-1.68100031191095,-11.9471136771455,8.73098178194039,13.9769316260823,11.8744553641926,2.10247626188969,0,0.972511530705257,0.518709096587803,3.90845654213503,0.922105653762631,0.950507376228938,2.05207130858678,2.71646093856312e-16,2.25493718190965,-1.82300184913916,-12.5691961745155,4.25471656145968,0.839265414001151,106.877,-6.227,TRUE,1,0.026,0.072,0,0,"Berpengaruh","Tidak Berpengaruh","Berpengaruh","Berpengaruh"
"Jatinegara",2021,106.877,-6.227,1.40905299935813e-16,8.81332398073832,-1.68100031191095,-11.9471136771455,8.73098178194039,-9.02797658282218,-6.3001186711238,-2.72785791169839,0,-1.35969077615959,0.518709096587803,3.90845654213503,0.922105653762631,0.950507376228938,2.05207130858678,2.71646093856312e-16,2.25493718190965,-1.82300184913916,-12.5691961745155,4.25471656145968,0.839265414001151,106.877,-6.227,TRUE,1,0.026,0.072,0,0,"Berpengaruh","Tidak Berpengaruh","Berpengaruh","Berpengaruh"
"Jatinegara",2020,106.877,-6.227,1.40905299935813e-16,8.81332398073832,-1.68100031191095,-11.9471136771455,8.73098178194039,-4.96828689889786,-7.30931971253463,2.34103281363677,0,1.75343373097485,0.518709096587803,3.90845654213503,0.922105653762631,0.950507376228938,2.05207130858678,2.71646093856312e-16,2.25493718190965,-1.82300184913916,-12.5691961745155,4.25471656145968,0.839265414001151,106.877,-6.227,TRUE,1,0.026,0.072,0,0,"Berpengaruh","Tidak Berpengaruh","Berpengaruh","Berpengaruh"
"Johar Baru",2024,106.855,-6.182,1.51311061101135e-16,2.58170665749162,-0.335685156645782,-1.96671259960304,13.7721594066946,1.0981405585898,4.36922067474733,-3.27108011615753,0,-1.4969302605588,0.410565144218033,3.93314450750271,0.771579885458534,0.663823795007204,2.95235083176525,3.68543368164688e-16,0.656397610758227,-0.435062088802758,-2.9627027750364,4.66481126108581,0.471826100224963,106.855,-6.182,TRUE,1,0.513,0.665,0.004,0,"Tidak Berpengaruh","Tidak Berpengaruh","Berpengaruh","Berpengaruh"
"Johar Baru",2023,106.855,-6.182,1.51311061101135e-16,2.58170665749162,-0.335685156645782,-1.96671259960304,13.7721594066946,1.0981405585898,4.59247320351955,-3.49433264492975,0,-1.51173933560967,0.410565144218033,3.93314450750271,0.771579885458534,0.663823795007204,2.95235083176525,3.68543368164688e-16,0.656397610758227,-0.435062088802758,-2.9627027750364,4.66481126108581,0.471826100224963,106.855,-6.182,TRUE,1,0.513,0.665,0.004,0,"Tidak Berpengaruh","Tidak Berpengaruh","Berpengaruh","Berpengaruh"
"Johar Baru",2021,106.855,-6.182,1.51311061101135e-16,2.58170665749162,-0.335685156645782,-1.96671259960304,13.7721594066946,1.0981405585898,-4.94168990223707,6.03983046082686,0,3.18298369517478,0.410565144218033,3.93314450750271,0.771579885458534,0.663823795007204,2.95235083176525,3.68543368164688e-16,0.656397610758227,-0.435062088802758,-2.9627027750364,4.66481126108581,0.471826100224963,106.855,-6.182,TRUE,1,0.513,0.665,0.004,0,"Tidak Berpengaruh","Tidak Berpengaruh","Berpengaruh","Berpengaruh"
"Johar Baru",2022,106.855,-6.182,1.51311061101135e-16,2.58170665749162,-0.335685156645782,-1.96671259960304,13.7721594066946,-3.54783872775166,-4.70242960377773,1.15459087602607,0,0.710559341014779,0.410565144218033,3.93314450750271,0.771579885458534,0.663823795007204,2.95235083176525,3.68543368164688e-16,0.656397610758227,-0.435062088802758,-2.9627027750364,4.66481126108581,0.471826100224963,106.855,-6.182,TRUE,1,0.513,0.665,0.004,0,"Tidak Berpengaruh","Tidak Berpengaruh","Berpengaruh","Berpengaruh"
"Johar Baru",2020,106.855,-6.182,1.51311061101135e-16,2.58170665749162,-0.335685156645782,-1.96671259960304,13.7721594066946,0.253417051982261,0.682425627747919,-0.429008575765658,0,-0.243555911639809,0.410565144218033,3.93314450750271,0.771579885458534,0.663823795007204,2.95235083176525,3.68543368164688e-16,0.656397610758227,-0.435062088802758,-2.9627027750364,4.66481126108581,0.471826100224963,106.855,-6.182,TRUE,1,0.513,0.665,0.004,0,"Tidak Berpengaruh","Tidak Berpengaruh","Berpengaruh","Berpengaruh"
"Kali Deres",2024,106.704,-6.135,-8.97009686253217e-17,-1.6309404502526,-0.0522807328135416,0.34962435024766,1.25211859185457,0.289899773888516,0.29171529759824,-0.00181552370972365,0,-0.00322136764367821,0.989644204126863,94.1359502179664,1.24304415312769,3.82278302315641,13.3127577355103,-9.06396139655691e-17,-0.0173253730001795,-0.0420586289569806,0.0914580681482104,0.0940540357400692,0.706797030209714,106.704,-6.135,TRUE,1,0.986,0.967,0.927,0.925,"Tidak Berpengaruh","Tidak Berpengaruh","Tidak Berpengaruh","Tidak Berpengaruh"
"Kali Deres",2022,106.704,-6.135,-8.97009686253217e-17,-1.6309404502526,-0.0522807328135416,0.34962435024766,1.25211859185457,-0.331314027301161,-0.239150307616234,-0.0921637196849275,0,-0.0607128327319097,0.989644204126863,94.1359502179664,1.24304415312769,3.82278302315641,13.3127577355103,-9.06396139655691e-17,-0.0173253730001795,-0.0420586289569806,0.0914580681482104,0.0940540357400692,0.706797030209714,106.704,-6.135,TRUE,1,0.986,0.967,0.927,0.925,"Tidak Berpengaruh","Tidak Berpengaruh","Tidak Berpengaruh","Tidak Berpengaruh"
"Kali Deres",2023,106.704,-6.135,-8.97009686253217e-17,-1.6309404502526,-0.0522807328135416,0.34962435024766,1.25211859185457,-0.29680214945729,-0.063646381707713,-0.233155767749577,0,-0.283835214369887,0.989644204126863,94.1359502179664,1.24304415312769,3.82278302315641,13.3127577355103,-9.06396139655691e-17,-0.0173253730001795,-0.0420586289569806,0.0914580681482104,0.0940540357400692,0.706797030209714,106.704,-6.135,TRUE,1,0.986,0.967,0.927,0.925,"Tidak Berpengaruh","Tidak Berpengaruh","Tidak Berpengaruh","Tidak Berpengaruh"
"Kali Deres",2021,106.704,-6.135,-8.97009686253217e-17,-1.6309404502526,-0.0522807328135416,0.34962435024766,1.25211859185457,-0.0207071267063226,-0.276989707385881,0.256282580679559,0,0.225611359084149,0.989644204126863,94.1359502179664,1.24304415312769,3.82278302315641,13.3127577355103,-9.06396139655691e-17,-0.0173253730001795,-0.0420586289569806,0.0914580681482104,0.0940540357400692,0.706797030209714,106.704,-6.135,TRUE,1,0.986,0.967,0.927,0.925,"Tidak Berpengaruh","Tidak Berpengaruh","Tidak Berpengaruh","Tidak Berpengaruh"
"Kali Deres",2020,106.704,-6.135,-8.97009686253217e-17,-1.6309404502526,-0.0522807328135416,0.34962435024766,1.25211859185457,0.358923529576258,0.288071099111588,0.0708524304646703,0,0.0885413034629533,0.989644204126863,94.1359502179664,1.24304415312769,3.82278302315641,13.3127577355103,-9.06396139655691e-17,-0.0173253730001795,-0.0420586289569806,0.0914580681482104,0.0940540357400692,0.706797030209714,106.704,-6.135,TRUE,1,0.986,0.967,0.927,0.925,"Tidak Berpengaruh","Tidak Berpengaruh","Tidak Berpengaruh","Tidak Berpengaruh"
"Kebayoran Baru",2024,106.801,-6.245,1.4502490475485e-16,2.17089161348735,-0.937296795922627,-2.50285100008629,4.49189723889878,2.44275808139486,1.52994848716249,0.912809594232368,0,0.461477600690191,0.540088090848689,5.07406980732091,0.816145843752238,1.74731055195271,2.60856020773246,2.68520834308639e-16,0.427840312790961,-1.14844277294043,-1.43240192608533,1.72198334758907,0.585194730253089,106.801,-6.245,TRUE,1,0.67,0.254,0.155,0.088,"Tidak Berpengaruh","Tidak Berpengaruh","Tidak Berpengaruh","Tidak Berpengaruh"
"Kebayoran Baru",2021,106.801,-6.245,1.4502490475485e-16,2.17089161348735,-0.937296795922627,-2.50285100008629,4.49189723889878,-1.49717430795169,0.00727179310507409,-1.50444610105676,0,-0.661161934656,0.540088090848689,5.07406980732091,0.816145843752238,1.74731055195271,2.60856020773246,2.68520834308639e-16,0.427840312790961,-1.14844277294043,-1.43240192608533,1.72198334758907,0.585194730253089,106.801,-6.245,TRUE,1,0.67,0.254,0.155,0.088,"Tidak Berpengaruh","Tidak Berpengaruh","Tidak Berpengaruh","Tidak Berpengaruh"
"Kebayoran Baru",2023,106.801,-6.245,1.4502490475485e-16,2.17089161348735,-0.937296795922627,-2.50285100008629,4.49189723889878,0.472791886721586,0.676244928139334,-0.203453041417748,0,-0.0831644419510743,0.540088090848689,5.07406980732091,0.816145843752238,1.74731055195271,2.60856020773246,2.68520834308639e-16,0.427840312790961,-1.14844277294043,-1.43240192608533,1.72198334758907,0.585194730253089,106.801,-6.245,TRUE,1,0.67,0.254,0.155,0.088,"Tidak Berpengaruh","Tidak Berpengaruh","Tidak Berpengaruh","Tidak Berpengaruh"
"Kebayoran Baru",2020,106.801,-6.245,1.4502490475485e-16,2.17089161348735,-0.937296795922627,-2.50285100008629,4.49189723889878,-2.52155672918179,-2.08705101686961,-0.434505712312179,0,-0.234894815199052,0.540088090848689,5.07406980732091,0.816145843752238,1.74731055195271,2.60856020773246,2.68520834308639e-16,0.427840312790961,-1.14844277294043,-1.43240192608533,1.72198334758907,0.585194730253089,106.801,-6.245,TRUE,1,0.67,0.254,0.155,0.088,"Tidak Berpengaruh","Tidak Berpengaruh","Tidak Berpengaruh","Tidak Berpengaruh"
"Kebayoran Baru",2022,106.801,-6.245,1.4502490475485e-16,2.17089161348735,-0.937296795922627,-2.50285100008629,4.49189723889878,1.10318106901703,-0.126414191537287,1.22959526055432,0,0.526909156280046,0.540088090848689,5.07406980732091,0.816145843752238,1.74731055195271,2.60856020773246,2.68520834308639e-16,0.427840312790961,-1.14844277294043,-1.43240192608533,1.72198334758907,0.585194730253089,106.801,-6.245,TRUE,1,0.67,0.254,0.155,0.088,"Tidak Berpengaruh","Tidak Berpengaruh","Tidak Berpengaruh","Tidak Berpengaruh"
"Kebayoran Lama",2024,106.78,-6.25,5.30532909814683e-17,1.36132497025256,-0.735800539272045,-0.59889006289587,1.52493582579811,-0.0839623571857899,0.0183451970901053,-0.102307554275895,0,-0.0503151070193798,0.616767372244996,9.82071279784643,1.15443123697768,2.1639876625111,3.19176843702146,8.60183164170268e-17,0.138617735624148,-0.637370607883395,-0.276752993222205,0.477771447361381,0.533600508889943,106.78,-6.25,TRUE,1,0.89,0.525,0.783,0.634,"Tidak Berpengaruh","Tidak Berpengaruh","Tidak Berpengaruh","Tidak Berpengaruh"
"Kebayoran Lama",2021,106.78,-6.25,5.30532909814683e-17,1.36132497025256,-0.735800539272045,-0.59889006289587,1.52493582579811,1.07052005411882,0.322038903462304,0.748481150656515,0,0.401297564012324,0.616767372244996,9.82071279784643,1.15443123697768,2.1639876625111,3.19176843702146,8.60183164170268e-17,0.138617735624148,-0.637370607883395,-0.276752993222205,0.477771447361381,0.533600508889943,106.78,-6.25,TRUE,1,0.89,0.525,0.783,0.634,"Tidak Berpengaruh","Tidak Berpengaruh","Tidak Berpengaruh","Tidak Berpengaruh"
"Kebayoran Lama",2023,106.78,-6.25,5.30532909814683e-17,1.36132497025256,-0.735800539272045,-0.59889006289587,1.52493582579811,0.0734670625375662,-0.0566052587465108,0.130072321284077,0,0.0560214687474269,0.616767372244996,9.82071279784643,1.15443123697768,2.1639876625111,3.19176843702146,8.60183164170268e-17,0.138617735624148,-0.637370607883395,-0.276752993222205,0.477771447361381,0.533600508889943,106.78,-6.25,TRUE,1,0.89,0.525,0.783,0.634,"Tidak Berpengaruh","Tidak Berpengaruh","Tidak Berpengaruh","Tidak Berpengaruh"
"Kebayoran Lama",2020,106.78,-6.25,5.30532909814683e-17,1.36132497025256,-0.735800539272045,-0.59889006289587,1.52493582579811,0.0209905892964475,-0.495331240035593,0.516321829332041,0,0.248779496254523,0.616767372244996,9.82071279784643,1.15443123697768,2.1639876625111,3.19176843702146,8.60183164170268e-17,0.138617735624148,-0.637370607883395,-0.276752993222205,0.477771447361381,0.533600508889943,106.78,-6.25,TRUE,1,0.89,0.525,0.783,0.634,"Tidak Berpengaruh","Tidak Berpengaruh","Tidak Berpengaruh","Tidak Berpengaruh"
"Kebayoran Lama",2022,106.78,-6.25,5.30532909814683e-17,1.36132497025256,-0.735800539272045,-0.59889006289587,1.52493582579811,-1.08101534876704,0.211552398229695,-1.29256774699674,0,-0.580295517936648,0.616767372244996,9.82071279784643,1.15443123697768,2.1639876625111,3.19176843702146,8.60183164170268e-17,0.138617735624148,-0.637370607883395,-0.276752993222205,0.477771447361381,0.533600508889943,106.78,-6.25,TRUE,1,0.89,0.525,0.783,0.634,"Tidak Berpengaruh","Tidak Berpengaruh","Tidak Berpengaruh","Tidak Berpengaruh"
"Kebon Jeruk",2024,106.769,-6.19,2.12401778879962e-16,9.63367094872231,-0.208247519508214,-0.740642998582752,6.36810151660487,1.86934313951499,1.72966684024165,0.139676299273346,0,0.0636996582687217,0.590111755305584,7.4257378318568,0.853348199694587,1.44645764795083,2.5988323957476,3.59934837715564e-16,1.29733518296234,-0.244035810449645,-0.512039187342961,2.45037022280653,0.889196850308199,106.769,-6.19,TRUE,1,0.198,0.808,0.61,0.016,"Tidak Berpengaruh","Tidak Berpengaruh","Tidak Berpengaruh","Berpengaruh"
"Kebon Jeruk",2023,106.769,-6.19,2.12401778879962e-16,9.63367094872231,-0.208247519508214,-0.740642998582752,6.36810151660487,0.736407903445301,0.862751442240062,-0.12634353879476,0,-0.0543001984569941,0.590111755305584,7.4257378318568,0.853348199694587,1.44645764795083,2.5988323957476,3.59934837715564e-16,1.29733518296234,-0.244035810449645,-0.512039187342961,2.45037022280653,0.889196850308199,106.769,-6.19,TRUE,1,0.198,0.808,0.61,0.016,"Tidak Berpengaruh","Tidak Berpengaruh","Tidak Berpengaruh","Berpengaruh"
"Kebon Jeruk",2021,106.769,-6.19,2.12401778879962e-16,9.63367094872231,-0.208247519508214,-0.740642998582752,6.36810151660487,-1.35952228328363,-2.02425582379502,0.664733540511387,0,0.309673992940406,0.590111755305584,7.4257378318568,0.853348199694587,1.44645764795083,2.5988323957476,3.59934837715564e-16,1.29733518296234,-0.244035810449645,-0.512039187342961,2.45037022280653,0.889196850308199,106.769,-6.19,TRUE,1,0.198,0.808,0.61,0.016,"Tidak Berpengaruh","Tidak Berpengaruh","Tidak Berpengaruh","Berpengaruh"
"Kebon Jeruk",2022,106.769,-6.19,2.12401778879962e-16,9.63367094872231,-0.208247519508214,-0.740642998582752,6.36810151660487,0.736407903445301,0.651663478154709,0.0847444252905925,0,0.0439575387794443,0.590111755305584,7.4257378318568,0.853348199694587,1.44645764795083,2.5988323957476,3.59934837715564e-16,1.29733518296234,-0.244035810449645,-0.512039187342961,2.45037022280653,0.889196850308199,106.769,-6.19,TRUE,1,0.198,0.808,0.61,0.016,"Tidak Berpengaruh","Tidak Berpengaruh","Tidak Berpengaruh","Berpengaruh"
"Kebon Jeruk",2020,106.769,-6.19,2.12401778879962e-16,9.63367094872231,-0.208247519508214,-0.740642998582752,6.36810151660487,-1.98263666312196,-1.2198259368414,-0.762810726280565,0,-0.473943586905083,0.590111755305584,7.4257378318568,0.853348199694587,1.44645764795083,2.5988323957476,3.59934837715564e-16,1.29733518296234,-0.244035810449645,-0.512039187342961,2.45037022280653,0.889196850308199,106.769,-6.19,TRUE,1,0.198,0.808,0.61,0.016,"Tidak Berpengaruh","Tidak Berpengaruh","Tidak Berpengaruh","Berpengaruh"
"Kelapa Gading",2020,106.904,-6.161,-5.1219754055041e-16,11.2747329182973,-0.390454824521222,-3.19853304110058,4.50499321714747,-1.40829527966137,-1.70296857637119,0.294673296709822,0,0.164133411076837,0.657740769118658,4.47053950447011,0.710478600399096,0.638498035015385,2.71107240481318,-7.78722506796607e-16,2.52200722239982,-0.549565918385005,-5.00946418891252,1.66170154996576,0.701642497481988,106.904,-6.161,TRUE,1,0.013,0.584,0,0.1,"Berpengaruh","Tidak Berpengaruh","Berpengaruh","Tidak Berpengaruh"
"Kelapa Gading",2021,106.904,-6.161,-5.1219754055041e-16,11.2747329182973,-0.390454824521222,-3.19853304110058,4.50499321714747,-2.09986885449507,-2.62582266155406,0.525953807058993,0,0.284176295423803,0.657740769118658,4.47053950447011,0.710478600399096,0.638498035015385,2.71107240481318,-7.78722506796607e-16,2.52200722239982,-0.549565918385005,-5.00946418891252,1.66170154996576,0.701642497481988,106.904,-6.161,TRUE,1,0.013,0.584,0,0.1,"Berpengaruh","Tidak Berpengaruh","Berpengaruh","Tidak Berpengaruh"
"Kelapa Gading",2022,106.904,-6.161,-5.1219754055041e-16,11.2747329182973,-0.390454824521222,-3.19853304110058,4.50499321714747,-0.653851379842777,0.292316411818511,-0.946167791661288,0,-0.451401056702992,0.657740769118658,4.47053950447011,0.710478600399096,0.638498035015385,2.71107240481318,-7.78722506796607e-16,2.52200722239982,-0.549565918385005,-5.00946418891252,1.66170154996576,0.701642497481988,106.904,-6.161,TRUE,1,0.013,0.584,0,0.1,"Berpengaruh","Tidak Berpengaruh","Berpengaruh","Tidak Berpengaruh"
"Kelapa Gading",2023,106.904,-6.161,-5.1219754055041e-16,11.2747329182973,-0.390454824521222,-3.19853304110058,4.50499321714747,2.11244291949205,1.62923940395728,0.483203515534765,0,0.222409784932781,0.657740769118658,4.47053950447011,0.710478600399096,0.638498035015385,2.71107240481318,-7.78722506796607e-16,2.52200722239982,-0.549565918385005,-5.00946418891252,1.66170154996576,0.701642497481988,106.904,-6.161,TRUE,1,0.013,0.584,0,0.1,"Berpengaruh","Tidak Berpengaruh","Berpengaruh","Tidak Berpengaruh"
"Kelapa Gading",2024,106.904,-6.161,-5.1219754055041e-16,11.2747329182973,-0.390454824521222,-3.19853304110058,4.50499321714747,2.04957259450716,2.40723542214946,-0.357662827642294,0,-0.180145041561121,0.657740769118658,4.47053950447011,0.710478600399096,0.638498035015385,2.71107240481318,-7.78722506796607e-16,2.52200722239982,-0.549565918385005,-5.00946418891252,1.66170154996576,0.701642497481988,106.904,-6.161,TRUE,1,0.013,0.584,0,0.1,"Berpengaruh","Tidak Berpengaruh","Berpengaruh","Tidak Berpengaruh"
"Kemayoran",2024,106.856,-6.163,4.58448744588255e-17,6.11218657334304,-0.0734496648374917,-1.79953038722505,7.76919084928602,3.40476582215961,1.27083333026468,2.13393249189493,0,0.912177526180433,0.413688150256182,3.8675730173742,0.706403473677538,0.671325843148233,2.07980440943212,1.10819887952883e-16,1.5803674671132,-0.103976930429168,-2.68056176533591,3.73553917572824,0.359380543442127,106.856,-6.163,TRUE,1,0.117,0.917,0.009,0,"Tidak Berpengaruh","Tidak Berpengaruh","Berpengaruh","Berpengaruh"
"Kemayoran",2022,106.856,-6.163,4.58448744588255e-17,6.11218657334304,-0.0734496648374917,-1.79953038722505,7.76919084928602,1.59075124477949,0.522202528451031,1.06854871632846,0,0.427438123767567,0.413688150256182,3.8675730173742,0.706403473677538,0.671325843148233,2.07980440943212,1.10819887952883e-16,1.5803674671132,-0.103976930429168,-2.68056176533591,3.73553917572824,0.359380543442127,106.856,-6.163,TRUE,1,0.117,0.917,0.009,0,"Tidak Berpengaruh","Tidak Berpengaruh","Berpengaruh","Berpengaruh"
"Kemayoran",2023,106.856,-6.163,4.58448744588255e-17,6.11218657334304,-0.0734496648374917,-1.79953038722505,7.76919084928602,6.47463664541827,0.933288933068466,5.54134771234981,0,2.21841865237964,0.413688150256182,3.8675730173742,0.706403473677538,0.671325843148233,2.07980440943212,1.10819887952883e-16,1.5803674671132,-0.103976930429168,-2.68056176533591,3.73553917572824,0.359380543442127,106.856,-6.163,TRUE,1,0.117,0.917,0.009,0,"Tidak Berpengaruh","Tidak Berpengaruh","Berpengaruh","Berpengaruh"
"Kemayoran",2021,106.856,-6.163,4.58448744588255e-17,6.11218657334304,-0.0734496648374917,-1.79953038722505,7.76919084928602,-4.13037165311166,-0.517570772180379,-3.61280088093128,0,-1.52887849335282,0.413688150256182,3.8675730173742,0.706403473677538,0.671325843148233,2.07980440943212,1.10819887952883e-16,1.5803674671132,-0.103976930429168,-2.68056176533591,3.73553917572824,0.359380543442127,106.856,-6.163,TRUE,1,0.117,0.917,0.009,0,"Tidak Berpengaruh","Tidak Berpengaruh","Berpengaruh","Berpengaruh"
"Kemayoran",2020,106.856,-6.163,4.58448744588255e-17,6.11218657334304,-0.0734496648374917,-1.79953038722505,7.76919084928602,-7.33978205924571,-2.20875401960379,-5.13102803964192,0,-2.30372893661638,0.413688150256182,3.8675730173742,0.706403473677538,0.671325843148233,2.07980440943212,1.10819887952883e-16,1.5803674671132,-0.103976930429168,-2.68056176533591,3.73553917572824,0.359380543442127,106.856,-6.163,TRUE,1,0.117,0.917,0.009,0,"Tidak Berpengaruh","Tidak Berpengaruh","Berpengaruh","Berpengaruh"
"Kembangan",2024,106.742,-6.198,9.25061441923802e-17,3.23177302055611,0.254794928899876,-0.281447471511356,4.76179060046088,1.10732007743383,1.53689544448423,-0.429575367050406,0,-0.24667381425848,0.813467778218315,11.9161855140753,1.51685727822122,2.02844890854875,4.32693101699755,1.13718264778711e-16,0.271208686432313,0.167975545595606,-0.138750091424642,1.10050069708878,0.832373712141976,106.742,-6.198,TRUE,1,0.787,0.867,0.89,0.274,"Tidak Berpengaruh","Tidak Berpengaruh","Tidak Berpengaruh","Tidak Berpengaruh"
"Kembangan",2022,106.742,-6.198,9.25061441923802e-17,3.23177302055611,0.254794928899876,-0.281447471511356,4.76179060046088,-0.457371336331364,0.270628012745975,-0.727999349077339,0,-0.383040356305123,0.813467778218315,11.9161855140753,1.51685727822122,2.02844890854875,4.32693101699755,1.13718264778711e-16,0.271208686432313,0.167975545595606,-0.138750091424642,1.10050069708878,0.832373712141976,106.742,-6.198,TRUE,1,0.787,0.867,0.89,0.274,"Tidak Berpengaruh","Tidak Berpengaruh","Tidak Berpengaruh","Tidak Berpengaruh"
"Kembangan",2023,106.742,-6.198,9.25061441923802e-17,3.23177302055611,0.254794928899876,-0.281447471511356,4.76179060046088,1.30792154073706,0.816293292399659,0.491628248337399,0,0.22189221139927,0.813467778218315,11.9161855140753,1.51685727822122,2.02844890854875,4.32693101699755,1.13718264778711e-16,0.271208686432313,0.167975545595606,-0.138750091424642,1.10050069708878,0.832373712141976,106.742,-6.198,TRUE,1,0.787,0.867,0.89,0.274,"Tidak Berpengaruh","Tidak Berpengaruh","Tidak Berpengaruh","Tidak Berpengaruh"
"Kembangan",2021,106.742,-6.198,9.25061441923802e-17,3.23177302055611,0.254794928899876,-0.281447471511356,4.76179060046088,-0.818453970277177,-1.36708257655308,0.548628606275903,0,0.476673394000866,0.813467778218315,11.9161855140753,1.51685727822122,2.02844890854875,4.32693101699755,1.13718264778711e-16,0.271208686432313,0.167975545595606,-0.138750091424642,1.10050069708878,0.832373712141976,106.742,-6.198,TRUE,1,0.787,0.867,0.89,0.274,"Tidak Berpengaruh","Tidak Berpengaruh","Tidak Berpengaruh","Tidak Berpengaruh"
"Kembangan",2020,106.742,-6.198,9.25061441923802e-17,3.23177302055611,0.254794928899876,-0.281447471511356,4.76179060046088,-1.13941631156234,-1.25673417307679,0.117317861514443,0,0.130350928310807,0.813467778218315,11.9161855140753,1.51685727822122,2.02844890854875,4.32693101699755,1.13718264778711e-16,0.271208686432313,0.167975545595606,-0.138750091424642,1.10050069708878,0.832373712141976,106.742,-6.198,TRUE,1,0.787,0.867,0.89,0.274,"Tidak Berpengaruh","Tidak Berpengaruh","Tidak Berpengaruh","Tidak Berpengaruh"
"Koja",2021,106.905,-6.121,2.7576851738406e-17,-4.68343557370932,-0.112621349976184,0.0077175445793039,4.75427737385665,-2.1786278593155,-2.19001184724832,0.0113839879328279,0,0.00886112053591596,0.760253803208444,10.9463948951516,0.828619106654165,1.06410451769664,2.87994123989748,3.62732177360053e-17,-0.427851874390509,-0.135914498074913,0.00725261894011058,1.65082443627422,0.85424324747017,106.905,-6.121,TRUE,1,0.67,0.892,0.994,0.102,"Tidak Berpengaruh","Tidak Berpengaruh","Tidak Berpengaruh","Tidak Berpengaruh"
"Koja",2022,106.905,-6.121,2.7576851738406e-17,-4.68343557370932,-0.112621349976184,0.0077175445793039,4.75427737385665,-0.634718352713964,0.125065184081406,-0.75978353679537,0,-0.365163368174246,0.760253803208444,10.9463948951516,0.828619106654165,1.06410451769664,2.87994123989748,3.62732177360053e-17,-0.427851874390509,-0.135914498074913,0.00725261894011058,1.65082443627422,0.85424324747017,106.905,-6.121,TRUE,1,0.67,0.892,0.994,0.102,"Tidak Berpengaruh","Tidak Berpengaruh","Tidak Berpengaruh","Tidak Berpengaruh"
"Koja",2023,106.905,-6.121,2.7576851738406e-17,-4.68343557370932,-0.112621349976184,0.0077175445793039,4.75427737385665,1.50960040645483,0.955339770617371,0.55426063583746,0,0.249182552585794,0.760253803208444,10.9463948951516,0.828619106654165,1.06410451769664,2.87994123989748,3.62732177360053e-17,-0.427851874390509,-0.135914498074913,0.00725261894011058,1.65082443627422,0.85424324747017,106.905,-6.121,TRUE,1,0.67,0.892,0.994,0.102,"Tidak Berpengaruh","Tidak Berpengaruh","Tidak Berpengaruh","Tidak Berpengaruh"
"Koja",2024,106.905,-6.121,2.7576851738406e-17,-4.68343557370932,-0.112621349976184,0.0077175445793039,4.75427737385665,2.02423690865534,1.90970007091102,0.11453683774432,0,0.0686181064257265,0.760253803208444,10.9463948951516,0.828619106654165,1.06410451769664,2.87994123989748,3.62732177360053e-17,-0.427851874390509,-0.135914498074913,0.00725261894011058,1.65082443627422,0.85424324747017,106.905,-6.121,TRUE,1,0.67,0.892,0.994,0.102,"Tidak Berpengaruh","Tidak Berpengaruh","Tidak Berpengaruh","Tidak Berpengaruh"
"Koja",2020,106.905,-6.121,2.7576851738406e-17,-4.68343557370932,-0.112621349976184,0.0077175445793039,4.75427737385665,-0.720491103080715,-0.800093178361476,0.0796020752807615,0,0.123569596477149,0.760253803208444,10.9463948951516,0.828619106654165,1.06410451769664,2.87994123989748,3.62732177360053e-17,-0.427851874390509,-0.135914498074913,0.00725261894011058,1.65082443627422,0.85424324747017,106.905,-6.121,TRUE,1,0.67,0.892,0.994,0.102,"Tidak Berpengaruh","Tidak Berpengaruh","Tidak Berpengaruh","Tidak Berpengaruh"
"Kramat Jati",2023,106.865,-6.276,-1.89324337277392e-17,8.61997688486105,0.292255380128406,-7.48386423505596,2.57261725644292,5.06455264921243,2.10928479409291,2.95526785511953,0,1.33567851691381,0.626597767471956,7.21820500420316,1.03942173750329,1.56203975329249,1.14990780439762,-3.02146523823779e-17,1.19419951079827,0.281171125813099,-4.7910843621498,2.2372378434205,0.828888489986911,106.865,-6.276,TRUE,1,0.235,0.779,0,0.028,"Tidak Berpengaruh","Tidak Berpengaruh","Berpengaruh","Berpengaruh"
"Kramat Jati",2022,106.865,-6.276,-1.89324337277392e-17,8.61997688486105,0.292255380128406,-7.48386423505596,2.57261725644292,-5.49297402135125,-1.91559593296872,-3.57737808838253,0,-1.66965387334653,0.626597767471956,7.21820500420316,1.03942173750329,1.56203975329249,1.14990780439762,-3.02146523823779e-17,1.19419951079827,0.281171125813099,-4.7910843621498,2.2372378434205,0.828888489986911,106.865,-6.276,TRUE,1,0.235,0.779,0,0.028,"Tidak Berpengaruh","Tidak Berpengaruh","Berpengaruh","Berpengaruh"
"Kramat Jati",2020,106.865,-6.276,-1.89324337277392e-17,8.61997688486105,0.292255380128406,-7.48386423505596,2.57261725644292,-2.66233281257693,-3.0278143908472,0.365481578270267,0,0.215259160780199,0.626597767471956,7.21820500420316,1.03942173750329,1.56203975329249,1.14990780439762,-3.02146523823779e-17,1.19419951079827,0.281171125813099,-4.7910843621498,2.2372378434205,0.828888489986911,106.865,-6.276,TRUE,1,0.235,0.779,0,0.028,"Tidak Berpengaruh","Tidak Berpengaruh","Berpengaruh","Berpengaruh"
"Kramat Jati",2021,106.865,-6.276,-1.89324337277392e-17,8.61997688486105,0.292255380128406,-7.48386423505596,2.57261725644292,-4.80443967327101,-5.24547509665743,0.441035423386415,0,0.264162080362181,0.626597767471956,7.21820500420316,1.03942173750329,1.56203975329249,1.14990780439762,-3.02146523823779e-17,1.19419951079827,0.281171125813099,-4.7910843621498,2.2372378434205,0.828888489986911,106.865,-6.276,TRUE,1,0.235,0.779,0,0.028,"Tidak Berpengaruh","Tidak Berpengaruh","Berpengaruh","Berpengaruh"
"Kramat Jati",2024,106.865,-6.276,-1.89324337277392e-17,8.61997688486105,0.292255380128406,-7.48386423505596,2.57261725644292,7.89519385798675,8.07960062638044,-0.184406768393682,0,-0.112670370450388,0.626597767471956,7.21820500420316,1.03942173750329,1.56203975329249,1.14990780439762,-3.02146523823779e-17,1.19419951079827,0.281171125813099,-4.7910843621498,2.2372378434205,0.828888489986911,106.865,-6.276,TRUE,1,0.235,0.779,0,0.028,"Tidak Berpengaruh","Tidak Berpengaruh","Berpengaruh","Berpengaruh"
"Makasar",2024,106.891,-6.266,2.32797969414085e-16,5.83705165883543,1.63010249606694,-9.31916590827639,2.13080119788826,3.54096877251727,6.06352272886504,-2.52255395634778,0,-1.3203512789388,0.734049491676874,5.46787090332668,1.29501705573449,1.60296202662941,1.31071051886752,3.17142062018567e-16,1.06751819163912,1.25874982792594,-5.81371595425256,1.62568406006944,0.851280656376854,106.891,-6.266,TRUE,1,0.289,0.211,0,0.107,"Tidak Berpengaruh","Tidak Berpengaruh","Berpengaruh","Tidak Berpengaruh"
"Makasar",2023,106.891,-6.266,2.32797969414085e-16,5.83705165883543,1.63010249606694,-9.31916590827639,2.13080119788826,3.35509114666334,2.51171769001014,0.843373456653202,0,0.427068869535062,0.734049491676874,5.46787090332668,1.29501705573449,1.60296202662941,1.31071051886752,3.17142062018567e-16,1.06751819163912,1.25874982792594,-5.81371595425256,1.62568406006944,0.851280656376854,106.891,-6.266,TRUE,1,0.289,0.211,0,0.107,"Tidak Berpengaruh","Tidak Berpengaruh","Berpengaruh","Tidak Berpengaruh"
"Makasar",2021,106.891,-6.266,2.32797969414085e-16,5.83705165883543,1.63010249606694,-9.31916590827639,2.13080119788826,-1.75654356431959,0.227208125591411,-1.983751689911,0,-1.26466066719927,0.734049491676874,5.46787090332668,1.29501705573449,1.60296202662941,1.31071051886752,3.17142062018567e-16,1.06751819163912,1.25874982792594,-5.81371595425256,1.62568406006944,0.851280656376854,106.891,-6.266,TRUE,1,0.289,0.211,0,0.107,"Tidak Berpengaruh","Tidak Berpengaruh","Berpengaruh","Tidak Berpengaruh"
"Makasar",2022,106.891,-6.266,2.32797969414085e-16,5.83705165883543,1.63010249606694,-9.31916590827639,2.13080119788826,-3.10415635176054,-4.05801279523976,0.953856443479219,0,0.497421477049112,0.734049491676874,5.46787090332668,1.29501705573449,1.60296202662941,1.31071051886752,3.17142062018567e-16,1.06751819163912,1.25874982792594,-5.81371595425256,1.62568406006944,0.851280656376854,106.891,-6.266,TRUE,1,0.289,0.211,0,0.107,"Tidak Berpengaruh","Tidak Berpengaruh","Berpengaruh","Tidak Berpengaruh"
"Makasar",2020,106.891,-6.266,2.32797969414085e-16,5.83705165883543,1.63010249606694,-9.31916590827639,2.13080119788826,-2.03536000310048,-4.74443574922683,2.70907574612636,0,1.46731487771034,0.734049491676874,5.46787090332668,1.29501705573449,1.60296202662941,1.31071051886752,3.17142062018567e-16,1.06751819163912,1.25874982792594,-5.81371595425256,1.62568406006944,0.851280656376854,106.891,-6.266,TRUE,1,0.289,0.211,0,0.107,"Tidak Berpengaruh","Tidak Berpengaruh","Berpengaruh","Tidak Berpengaruh"
"Mampang Prapatan",2024,106.821,-6.252,2.9375514821463e-16,6.01764235711465,-1.10518632611161,-4.40906690050742,4.99164089068687,1.93849793339423,0.100656192300876,1.83784174109335,0,0.854297081548965,0.509966258860271,5.24108980369253,0.831725003836498,1.47038119095672,1.55802703920343,5.76028596227417e-16,1.14816623689123,-1.3287881463389,-2.99858766395034,3.20382173421005,0.677544596755743,106.821,-6.252,TRUE,1,0.254,0.187,0.003,0.002,"Tidak Berpengaruh","Tidak Berpengaruh","Berpengaruh","Berpengaruh"
"Mampang Prapatan",2023,106.821,-6.252,2.9375514821463e-16,6.01764235711465,-1.10518632611161,-4.40906690050742,4.99164089068687,-0.453155361053197,-0.90849402385632,0.455338662803123,0,0.212255137898279,0.509966258860271,5.24108980369253,0.831725003836498,1.47038119095672,1.55802703920343,5.76028596227417e-16,1.14816623689123,-1.3287881463389,-2.99858766395034,3.20382173421005,0.677544596755743,106.821,-6.252,TRUE,1,0.254,0.187,0.003,0.002,"Tidak Berpengaruh","Tidak Berpengaruh","Berpengaruh","Berpengaruh"
"Mampang Prapatan",2022,106.821,-6.252,2.9375514821463e-16,6.01764235711465,-1.10518632611161,-4.40906690050742,4.99164089068687,-0.704908339416082,1.54711611955468,-2.25202445897076,0,-0.957778241032345,0.509966258860271,5.24108980369253,0.831725003836498,1.47038119095672,1.55802703920343,5.76028596227417e-16,1.14816623689123,-1.3287881463389,-2.99858766395034,3.20382173421005,0.677544596755743,106.821,-6.252,TRUE,1,0.254,0.187,0.003,0.002,"Tidak Berpengaruh","Tidak Berpengaruh","Berpengaruh","Berpengaruh"
"Mampang Prapatan",2020,106.821,-6.252,2.9375514821463e-16,6.01764235711465,-1.10518632611161,-4.40906690050742,4.99164089068687,-1.46016727450474,-1.24788106318176,-0.212286211322978,0,-0.141387656894425,0.509966258860271,5.24108980369253,0.831725003836498,1.47038119095672,1.55802703920343,5.76028596227417e-16,1.14816623689123,-1.3287881463389,-2.99858766395034,3.20382173421005,0.677544596755743,106.821,-6.252,TRUE,1,0.254,0.187,0.003,0.002,"Tidak Berpengaruh","Tidak Berpengaruh","Berpengaruh","Berpengaruh"
"Mampang Prapatan",2021,106.821,-6.252,2.9375514821463e-16,6.01764235711465,-1.10518632611161,-4.40906690050742,4.99164089068687,0.679733041579794,0.508602775182535,0.17113026639726,0,0.0868475931047941,0.509966258860271,5.24108980369253,0.831725003836498,1.47038119095672,1.55802703920343,5.76028596227417e-16,1.14816623689123,-1.3287881463389,-2.99858766395034,3.20382173421005,0.677544596755743,106.821,-6.252,TRUE,1,0.254,0.187,0.003,0.002,"Tidak Berpengaruh","Tidak Berpengaruh","Berpengaruh","Berpengaruh"
"Matraman",2023,106.865,-6.204,2.5887395792609e-16,3.21595118337246,-1.09351255456354,-4.53672404110848,19.3018782307957,12.2694437830776,6.28219929234434,5.98724449073328,0,2.54547246365694,0.408007887767031,3.25962128198295,0.727896050558896,0.620418890641442,3.06797970533218,6.34482728613093e-16,0.986602707850797,-1.50229219367781,-7.31235639265921,6.29139697281858,0.693926075865982,106.865,-6.204,TRUE,1,0.326,0.136,0,0,"Tidak Berpengaruh","Tidak Berpengaruh","Berpengaruh","Berpengaruh"
"Matraman",2024,106.865,-6.204,2.5887395792609e-16,3.21595118337246,-1.09351255456354,-4.53672404110848,19.3018782307957,12.6811700845232,10.2993847537619,2.38178533076124,0,1.10340532558326,0.408007887767031,3.25962128198295,0.727896050558896,0.620418890641442,3.06797970533218,6.34482728613093e-16,0.986602707850797,-1.50229219367781,-7.31235639265921,6.29139697281858,0.693926075865982,106.865,-6.204,TRUE,1,0.326,0.136,0,0,"Tidak Berpengaruh","Tidak Berpengaruh","Berpengaruh","Berpengaruh"
"Matraman",2022,106.865,-6.204,2.5887395792609e-16,3.21595118337246,-1.09351255456354,-4.53672404110848,19.3018782307957,-14.4927658108836,-2.26365819958879,-12.2291076112948,0,-5.12362786441958,0.408007887767031,3.25962128198295,0.727896050558896,0.620418890641442,3.06797970533218,6.34482728613093e-16,0.986602707850797,-1.50229219367781,-7.31235639265921,6.29139697281858,0.693926075865982,106.865,-6.204,TRUE,1,0.326,0.136,0,0,"Tidak Berpengaruh","Tidak Berpengaruh","Berpengaruh","Berpengaruh"
"Matraman",2021,106.865,-6.204,2.5887395792609e-16,3.21595118337246,-1.09351255456354,-4.53672404110848,19.3018782307957,-5.43478717908136,-6.64570240699163,1.21091522791026,0,0.670597836084861,0.408007887767031,3.25962128198295,0.727896050558896,0.620418890641442,3.06797970533218,6.34482728613093e-16,0.986602707850797,-1.50229219367781,-7.31235639265921,6.29139697281858,0.693926075865982,106.865,-6.204,TRUE,1,0.326,0.136,0,0,"Tidak Berpengaruh","Tidak Berpengaruh","Berpengaruh","Berpengaruh"
"Matraman",2020,106.865,-6.204,2.5887395792609e-16,3.21595118337246,-1.09351255456354,-4.53672404110848,19.3018782307957,-5.0230608776358,-7.67222343952586,2.64916256189006,0,1.47001319801772,0.408007887767031,3.25962128198295,0.727896050558896,0.620418890641442,3.06797970533218,6.34482728613093e-16,0.986602707850797,-1.50229219367781,-7.31235639265921,6.29139697281858,0.693926075865982,106.865,-6.204,TRUE,1,0.326,0.136,0,0,"Tidak Berpengaruh","Tidak Berpengaruh","Berpengaruh","Berpengaruh"
"Menteng",2020,106.835,-6.196,2.09592309125558e-16,-1.02668081291926,-0.575443788460444,-1.72941854267512,14.3927986178008,1.23600899826849,-1.39484313033225,2.63085212860074,0,1.133534060098,0.388304714501069,3.32145347100168,0.625831631710427,0.635309849090668,2.427889195532,5.3976246308228e-16,-0.309105884481842,-0.919486582817376,-2.72216548374069,5.92811181181069,0.508875614128272,106.835,-6.196,TRUE,1,0.758,0.36,0.008,0,"Tidak Berpengaruh","Tidak Berpengaruh","Berpengaruh","Berpengaruh"
"Menteng",2023,106.835,-6.196,2.09592309125558e-16,-1.02668081291926,-0.575443788460444,-1.72941854267512,14.3927986178008,-0.618004499134244,1.34317693066416,-1.96118142979841,0,-0.78499505990063,0.388304714501069,3.32145347100168,0.625831631710427,0.635309849090668,2.427889195532,5.3976246308228e-16,-0.309105884481842,-0.919486582817376,-2.72216548374069,5.92811181181069,0.508875614128272,106.835,-6.196,TRUE,1,0.758,0.36,0.008,0,"Tidak Berpengaruh","Tidak Berpengaruh","Berpengaruh","Berpengaruh"
"Menteng",2024,106.835,-6.196,2.09592309125558e-16,-1.02668081291926,-0.575443788460444,-1.72941854267512,14.3927986178008,2.31751687175342,1.87012911219558,0.447387759557841,0,0.181184024107124,0.388304714501069,3.32145347100168,0.625831631710427,0.635309849090668,2.427889195532,5.3976246308228e-16,-0.309105884481842,-0.919486582817376,-2.72216548374069,5.92811181181069,0.508875614128272,106.835,-6.196,TRUE,1,0.758,0.36,0.008,0,"Tidak Berpengaruh","Tidak Berpengaruh","Berpengaruh","Berpengaruh"
"Menteng",2022,106.835,-6.196,2.09592309125558e-16,-1.02668081291926,-0.575443788460444,-1.72941854267512,14.3927986178008,-1.39051012305205,-0.718618221481669,-0.671891901570384,0,-0.274228409471808,0.388304714501069,3.32145347100168,0.625831631710427,0.635309849090668,2.427889195532,5.3976246308228e-16,-0.309105884481842,-0.919486582817376,-2.72216548374069,5.92811181181069,0.508875614128272,106.835,-6.196,TRUE,1,0.758,0.36,0.008,0,"Tidak Berpengaruh","Tidak Berpengaruh","Berpengaruh","Berpengaruh"
"Menteng",2021,106.835,-6.196,2.09592309125558e-16,-1.02668081291926,-0.575443788460444,-1.72941854267512,14.3927986178008,-1.54501124783561,-1.09984469104582,-0.445166556789792,0,-0.1813737171768,0.388304714501069,3.32145347100168,0.625831631710427,0.635309849090668,2.427889195532,5.3976246308228e-16,-0.309105884481842,-0.919486582817376,-2.72216548374069,5.92811181181069,0.508875614128272,106.835,-6.196,TRUE,1,0.758,0.36,0.008,0,"Tidak Berpengaruh","Tidak Berpengaruh","Berpengaruh","Berpengaruh"
"Pademangan",2022,106.838,-6.13,5.23969114766187e-16,10.768088308972,0.410578004259028,-1.66764835643114,2.82000003787184,-0.120868696033781,0.0044505299987318,-0.125319226032513,0,-0.0576458555770474,0.550281157484906,6.66315128299669,1.0263235547262,1.04836330871088,2.33940871186955,9.5218436546332e-16,1.6160654098385,0.400047336308636,-1.5907160643401,1.205432818799,0.496256676964578,106.838,-6.13,TRUE,1,0.109,0.69,0.115,0.231,"Tidak Berpengaruh","Tidak Berpengaruh","Tidak Berpengaruh","Tidak Berpengaruh"
"Pademangan",2024,106.838,-6.13,5.23969114766187e-16,10.768088308972,0.410578004259028,-1.66764835643114,2.82000003787184,1.08781826430404,1.91047849313764,-0.822660228833601,0,-0.471711880873003,0.550281157484906,6.66315128299669,1.0263235547262,1.04836330871088,2.33940871186955,9.5218436546332e-16,1.6160654098385,0.400047336308636,-1.5907160643401,1.205432818799,0.496256676964578,106.838,-6.13,TRUE,1,0.109,0.69,0.115,0.231,"Tidak Berpengaruh","Tidak Berpengaruh","Tidak Berpengaruh","Tidak Berpengaruh"
"Pademangan",2021,106.838,-6.13,5.23969114766187e-16,10.768088308972,0.410578004259028,-1.66764835643114,2.82000003787184,-1.17846978632937,-1.50039746415138,0.321927677822014,0,0.165851793154569,0.550281157484906,6.66315128299669,1.0263235547262,1.04836330871088,2.33940871186955,9.5218436546332e-16,1.6160654098385,0.400047336308636,-1.5907160643401,1.205432818799,0.496256676964578,106.838,-6.13,TRUE,1,0.109,0.69,0.115,0.231,"Tidak Berpengaruh","Tidak Berpengaruh","Tidak Berpengaruh","Tidak Berpengaruh"
"Pademangan",2023,106.838,-6.13,5.23969114766187e-16,10.768088308972,0.410578004259028,-1.66764835643114,2.82000003787184,0.407931849114013,0.00409067546528741,0.403841173648726,0,0.19367016717325,0.550281157484906,6.66315128299669,1.0263235547262,1.04836330871088,2.33940871186955,9.5218436546332e-16,1.6160654098385,0.400047336308636,-1.5907160643401,1.205432818799,0.496256676964578,106.838,-6.13,TRUE,1,0.109,0.69,0.115,0.231,"Tidak Berpengaruh","Tidak Berpengaruh","Tidak Berpengaruh","Tidak Berpengaruh"
"Pademangan",2020,106.838,-6.13,5.23969114766187e-16,10.768088308972,0.410578004259028,-1.66764835643114,2.82000003787184,-0.196411631054895,-0.418622234450273,0.222210603395378,0,0.140115945485901,0.550281157484906,6.66315128299669,1.0263235547262,1.04836330871088,2.33940871186955,9.5218436546332e-16,1.6160654098385,0.400047336308636,-1.5907160643401,1.205432818799,0.496256676964578,106.838,-6.13,TRUE,1,0.109,0.69,0.115,0.231,"Tidak Berpengaruh","Tidak Berpengaruh","Tidak Berpengaruh","Tidak Berpengaruh"
"Palmerah",2024,106.796,-6.192,1.56638400679058e-16,5.31172811802773,-0.655257835863113,-1.137675745688,8.33581328696351,5.15849695216527,4.18725933518263,0.971237616982634,0,0.505691570422381,0.482822805524225,5.03429560653353,0.689974338535519,1.05698058410979,2.61332577798654,3.24422125232854e-16,1.05510850636862,-0.949684356745654,-1.07634498002267,3.18973369381674,0.787969027081272,106.796,-6.192,TRUE,1,0.294,0.345,0.285,0.002,"Tidak Berpengaruh","Tidak Berpengaruh","Tidak Berpengaruh","Berpengaruh"
"Palmerah",2023,106.796,-6.192,1.56638400679058e-16,5.31172811802773,-0.655257835863113,-1.137675745688,8.33581328696351,2.03624879690734,2.4443776071327,-0.408128810225354,0,-0.187002037516016,0.482822805524225,5.03429560653353,0.689974338535519,1.05698058410979,2.61332577798654,3.24422125232854e-16,1.05510850636862,-0.949684356745654,-1.07634498002267,3.18973369381674,0.787969027081272,106.796,-6.192,TRUE,1,0.294,0.345,0.285,0.002,"Tidak Berpengaruh","Tidak Berpengaruh","Tidak Berpengaruh","Berpengaruh"
"Palmerah",2022,106.796,-6.192,1.56638400679058e-16,5.31172811802773,-0.655257835863113,-1.137675745688,8.33581328696351,1.2217492781444,1.55727182082525,-0.335522542680845,0,-0.139281989671913,0.482822805524225,5.03429560653353,0.689974338535519,1.05698058410979,2.61332577798654,3.24422125232854e-16,1.05510850636862,-0.949684356745654,-1.07634498002267,3.18973369381674,0.787969027081272,106.796,-6.192,TRUE,1,0.294,0.345,0.285,0.002,"Tidak Berpengaruh","Tidak Berpengaruh","Tidak Berpengaruh","Berpengaruh"
"Palmerah",2020,106.796,-6.192,1.56638400679058e-16,5.31172811802773,-0.655257835863113,-1.137675745688,8.33581328696351,-6.38024623030967,-5.47911954274157,-0.901126687568101,0,-0.603632234617562,0.482822805524225,5.03429560653353,0.689974338535519,1.05698058410979,2.61332577798654,3.24422125232854e-16,1.05510850636862,-0.949684356745654,-1.07634498002267,3.18973369381674,0.787969027081272,106.796,-6.192,TRUE,1,0.294,0.345,0.285,0.002,"Tidak Berpengaruh","Tidak Berpengaruh","Tidak Berpengaruh","Berpengaruh"
"Palmerah",2021,106.796,-6.192,1.56638400679058e-16,5.31172811802773,-0.655257835863113,-1.137675745688,8.33581328696351,-2.03624879690734,-2.70978922039901,0.673540423491663,0,0.377800514976746,0.482822805524225,5.03429560653353,0.689974338535519,1.05698058410979,2.61332577798654,3.24422125232854e-16,1.05510850636862,-0.949684356745654,-1.07634498002267,3.18973369381674,0.787969027081272,106.796,-6.192,TRUE,1,0.294,0.345,0.285,0.002,"Tidak Berpengaruh","Tidak Berpengaruh","Tidak Berpengaruh","Berpengaruh"
"Pancoran",2024,106.844,-6.255,3.86957974615622e-16,10.02749679947,-1.41187453289165,-7.34275719811514,4.10057758637523,0.0451025695326734,1.15981004754848,-1.11470747801581,0,-0.506596349538259,0.507062740332593,4.8496246412853,0.822946078227141,1.29844641467138,1.05149424210728,7.63136282428893e-16,2.06768513878477,-1.7156343170542,-5.65503290328197,3.89976228320311,0.785729894379698,106.844,-6.255,TRUE,1,0.041,0.09,0,0,"Berpengaruh","Tidak Berpengaruh","Berpengaruh","Berpengaruh"
"Pancoran",2023,106.844,-6.255,3.86957974615622e-16,10.02749679947,-1.41187453289165,-7.34275719811514,4.10057758637523,7.03600084709662,5.87963022049253,1.15637062660409,0,0.578525424836856,0.507062740332593,4.8496246412853,0.822946078227141,1.29844641467138,1.05149424210728,7.63136282428893e-16,2.06768513878477,-1.7156343170542,-5.65503290328197,3.89976228320311,0.785729894379698,106.844,-6.255,TRUE,1,0.041,0.09,0,0,"Berpengaruh","Tidak Berpengaruh","Berpengaruh","Berpengaruh"
"Pancoran",2022,106.844,-6.255,3.86957974615622e-16,10.02749679947,-1.41187453289165,-7.34275719811514,4.10057758637523,-2.21002590710086,-2.65934811684762,0.449322209746759,0,0.202236944606194,0.507062740332593,4.8496246412853,0.822946078227141,1.29844641467138,1.05149424210728,7.63136282428893e-16,2.06768513878477,-1.7156343170542,-5.65503290328197,3.89976228320311,0.785729894379698,106.844,-6.255,TRUE,1,0.041,0.09,0,0,"Berpengaruh","Tidak Berpengaruh","Berpengaruh","Berpengaruh"
"Pancoran",2020,106.844,-6.255,3.86957974615622e-16,10.02749679947,-1.41187453289165,-7.34275719811514,4.10057758637523,-2.21002590710086,-3.54302566504398,1.33299975794313,0,0.704371178694198,0.507062740332593,4.8496246412853,0.822946078227141,1.29844641467138,1.05149424210728,7.63136282428893e-16,2.06768513878477,-1.7156343170542,-5.65503290328197,3.89976228320311,0.785729894379698,106.844,-6.255,TRUE,1,0.041,0.09,0,0,"Berpengaruh","Tidak Berpengaruh","Berpengaruh","Berpengaruh"
"Pancoran",2021,106.844,-6.255,3.86957974615622e-16,10.02749679947,-1.41187453289165,-7.34275719811514,4.10057758637523,-2.66105160242756,-0.837066486149407,-1.82398511627816,0,-0.786429508723062,0.507062740332593,4.8496246412853,0.822946078227141,1.29844641467138,1.05149424210728,7.63136282428893e-16,2.06768513878477,-1.7156343170542,-5.65503290328197,3.89976228320311,0.785729894379698,106.844,-6.255,TRUE,1,0.041,0.09,0,0,"Berpengaruh","Tidak Berpengaruh","Berpengaruh","Berpengaruh"
"Pasar Minggu",2020,106.829,-6.291,2.10090350736633e-16,2.7786106830308,-0.685105765260918,-3.35862383883275,2.28305807876771,-0.259079023344215,-1.87878646608151,1.61970744273729,0,1.01350322064384,0.645465555353778,12.7305246331044,1.11515411693102,1.50923051938666,1.25557329535412,3.2548654067448e-16,0.218263642945657,-0.614359714822534,-2.22538823306971,1.81833915010418,0.686008798912115,106.829,-6.291,TRUE,1,0.828,0.54,0.028,0.072,"Tidak Berpengaruh","Tidak Berpengaruh","Berpengaruh","Tidak Berpengaruh"
"Pasar Minggu",2021,106.829,-6.291,2.10090350736633e-16,2.7786106830308,-0.685105765260918,-3.35862383883275,2.28305807876771,0.203562089770455,-0.0676613995357944,0.271223489306249,0,0.169373172882819,0.645465555353778,12.7305246331044,1.11515411693102,1.50923051938666,1.25557329535412,3.2548654067448e-16,0.218263642945657,-0.614359714822534,-2.22538823306971,1.81833915010418,0.686008798912115,106.829,-6.291,TRUE,1,0.828,0.54,0.028,0.072,"Tidak Berpengaruh","Tidak Berpengaruh","Berpengaruh","Tidak Berpengaruh"
"Pasar Minggu",2022,106.829,-6.291,2.10090350736633e-16,2.7786106830308,-0.685105765260918,-3.35862383883275,2.28305807876771,0.0647697558360543,1.7802609959349,-1.71549124009884,0,-0.843703499926063,0.645465555353778,12.7305246331044,1.11515411693102,1.50923051938666,1.25557329535412,3.2548654067448e-16,0.218263642945657,-0.614359714822534,-2.22538823306971,1.81833915010418,0.686008798912115,106.829,-6.291,TRUE,1,0.828,0.54,0.028,0.072,"Tidak Berpengaruh","Tidak Berpengaruh","Berpengaruh","Tidak Berpengaruh"
"Pasar Minggu",2023,106.829,-6.291,2.10090350736633e-16,2.7786106830308,-0.685105765260918,-3.35862383883275,2.28305807876771,0.0185056445245868,-0.231046689477844,0.249552334002431,0,0.118037600905471,0.645465555353778,12.7305246331044,1.11515411693102,1.50923051938666,1.25557329535412,3.2548654067448e-16,0.218263642945657,-0.614359714822534,-2.22538823306971,1.81833915010418,0.686008798912115,106.829,-6.291,TRUE,1,0.828,0.54,0.028,0.072,"Tidak Berpengaruh","Tidak Berpengaruh","Berpengaruh","Tidak Berpengaruh"
"Pasar Minggu",2024,106.829,-6.291,2.10090350736633e-16,2.7786106830308,-0.685105765260918,-3.35862383883275,2.28305807876771,-0.0277584667868798,0.397233559160252,-0.424992025947131,0,-0.22016238427448,0.645465555353778,12.7305246331044,1.11515411693102,1.50923051938666,1.25557329535412,3.2548654067448e-16,0.218263642945657,-0.614359714822534,-2.22538823306971,1.81833915010418,0.686008798912115,106.829,-6.291,TRUE,1,0.828,0.54,0.028,0.072,"Tidak Berpengaruh","Tidak Berpengaruh","Berpengaruh","Tidak Berpengaruh"
"Pasar Rebo",2024,106.857,-6.326,-4.86871938716036e-17,8.22245857495414,-0.716262652453719,-4.56195775567756,1.86417241749531,6.68683769269973,6.43738315379558,0.249454538904152,0,0.160538619378727,0.692499225847539,11.8621233596776,1.28158220096161,1.80628730717642,1.43877677465172,-7.03064957394229e-17,0.693169201300363,-0.558889357168261,-2.5255991876557,1.29566479688732,0.817068177168503,106.857,-6.326,TRUE,1,0.49,0.578,0.013,0.198,"Tidak Berpengaruh","Tidak Berpengaruh","Berpengaruh","Tidak Berpengaruh"
"Pasar Rebo",2023,106.857,-6.326,-4.86871938716036e-17,8.22245857495414,-0.716262652453719,-4.56195775567756,1.86417241749531,4.60221203310509,2.77846422083242,1.82374781227267,0,0.888554287806015,0.692499225847539,11.8621233596776,1.28158220096161,1.80628730717642,1.43877677465172,-7.03064957394229e-17,0.693169201300363,-0.558889357168261,-2.5255991876557,1.29566479688732,0.817068177168503,106.857,-6.326,TRUE,1,0.49,0.578,0.013,0.198,"Tidak Berpengaruh","Tidak Berpengaruh","Berpengaruh","Tidak Berpengaruh"
"Pasar Rebo",2021,106.857,-6.326,-4.86871938716036e-17,8.22245857495414,-0.716262652453719,-4.56195775567756,1.86417241749531,-3.73629060527347,-5.13702627875174,1.40073567347827,0,0.778611842441402,0.692499225847539,11.8621233596776,1.28158220096161,1.80628730717642,1.43877677465172,-7.03064957394229e-17,0.693169201300363,-0.558889357168261,-2.5255991876557,1.29566479688732,0.817068177168503,106.857,-6.326,TRUE,1,0.49,0.578,0.013,0.198,"Tidak Berpengaruh","Tidak Berpengaruh","Berpengaruh","Tidak Berpengaruh"
"Pasar Rebo",2022,106.857,-6.326,-4.86871938716036e-17,8.22245857495414,-0.716262652453719,-4.56195775567756,1.86417241749531,-3.33540105535143,0.182321743123004,-3.51772279847443,0,-1.61781005459875,0.692499225847539,11.8621233596776,1.28158220096161,1.80628730717642,1.43877677465172,-7.03064957394229e-17,0.693169201300363,-0.558889357168261,-2.5255991876557,1.29566479688732,0.817068177168503,106.857,-6.326,TRUE,1,0.49,0.578,0.013,0.198,"Tidak Berpengaruh","Tidak Berpengaruh","Berpengaruh","Tidak Berpengaruh"
"Pasar Rebo",2020,106.857,-6.326,-4.86871938716036e-17,8.22245857495414,-0.716262652453719,-4.56195775567756,1.86417241749531,-4.21735806517993,-4.26114283899927,0.0437847738193389,0,0.0279542360017656,0.692499225847539,11.8621233596776,1.28158220096161,1.80628730717642,1.43877677465172,-7.03064957394229e-17,0.693169201300363,-0.558889357168261,-2.5255991876557,1.29566479688732,0.817068177168503,106.857,-6.326,TRUE,1,0.49,0.578,0.013,0.198,"Tidak Berpengaruh","Tidak Berpengaruh","Berpengaruh","Tidak Berpengaruh"
"Penjaringan",2022,106.764,-6.115,-9.2807905807575e-17,5.5596122879883,0.498632365498242,-0.0525297415538393,4.11069143544079,-0.0695266097537535,0.0902256329746698,-0.159752242728423,0,-0.100147307838208,0.989615310764509,7.89599462363135,1.81317990690937,1.62923029992583,6.64149983039449,-9.37818006634093e-17,0.704105379118338,0.275004352076776,-0.0322420602883647,0.618940230432352,0.741645862457603,106.764,-6.115,TRUE,1,0.483,0.784,0.974,0.537,"Tidak Berpengaruh","Tidak Berpengaruh","Tidak Berpengaruh","Tidak Berpengaruh"
"Penjaringan",2024,106.764,-6.115,-9.2807905807575e-17,5.5596122879883,0.498632365498242,-0.0525297415538393,4.11069143544079,0.0297971184658947,0.574685894942367,-0.544888776476472,0,-0.326774450696836,0.989615310764509,7.89599462363135,1.81317990690937,1.62923029992583,6.64149983039449,-9.37818006634093e-17,0.704105379118338,0.275004352076776,-0.0322420602883647,0.618940230432352,0.741645862457603,106.764,-6.115,TRUE,1,0.483,0.784,0.974,0.537,"Tidak Berpengaruh","Tidak Berpengaruh","Tidak Berpengaruh","Tidak Berpengaruh"
"Penjaringan",2021,106.764,-6.115,-9.2807905807575e-17,5.5596122879883,0.498632365498242,-0.0525297415538393,4.11069143544079,-0.417159658522521,-0.37785674711319,-0.0393029114093313,0,-0.038727836978011,0.989615310764509,7.89599462363135,1.81317990690937,1.62923029992583,6.64149983039449,-9.37818006634093e-17,0.704105379118338,0.275004352076776,-0.0322420602883647,0.618940230432352,0.741645862457603,106.764,-6.115,TRUE,1,0.483,0.784,0.974,0.537,"Tidak Berpengaruh","Tidak Berpengaruh","Tidak Berpengaruh","Tidak Berpengaruh"
"Penjaringan",2023,106.764,-6.115,-9.2807905807575e-17,5.5596122879883,0.498632365498242,-0.0525297415538393,4.11069143544079,0.948541604497638,0.479745049008568,0.46879655548907,0,0.22458198463518,0.989615310764509,7.89599462363135,1.81317990690937,1.62923029992583,6.64149983039449,-9.37818006634093e-17,0.704105379118338,0.275004352076776,-0.0322420602883647,0.618940230432352,0.741645862457603,106.764,-6.115,TRUE,1,0.483,0.784,0.974,0.537,"Tidak Berpengaruh","Tidak Berpengaruh","Tidak Berpengaruh","Tidak Berpengaruh"
"Penjaringan",2020,106.764,-6.115,-9.2807905807575e-17,5.5596122879883,0.498632365498242,-0.0525297415538393,4.11069143544079,-0.491652454687257,-0.766799829812414,0.275147375125157,0,0.537871675596459,0.989615310764509,7.89599462363135,1.81317990690937,1.62923029992583,6.64149983039449,-9.37818006634093e-17,0.704105379118338,0.275004352076776,-0.0322420602883647,0.618940230432352,0.741645862457603,106.764,-6.115,TRUE,1,0.483,0.784,0.974,0.537,"Tidak Berpengaruh","Tidak Berpengaruh","Tidak Berpengaruh","Tidak Berpengaruh"
"Pesanggrahan",2024,106.759,-6.25,-1.02146928389034e-17,-0.53953342335644,-1.09634703539498,0.665630674926407,0.292486247657618,1.43788515570245,0.645539028077352,0.792346127625094,0,0.381711729414787,0.763998463940298,12.0629646672907,1.9457500522041,2.98545545670465,4.07680372908986,-1.33700436859799e-17,-0.0447264365135222,-0.563457281757778,0.222957831586987,0.0717440100367342,0.53856978907416,106.759,-6.25,TRUE,1,0.964,0.574,0.824,0.943,"Tidak Berpengaruh","Tidak Berpengaruh","Tidak Berpengaruh","Tidak Berpengaruh"
"Pesanggrahan",2020,106.759,-6.25,-1.02146928389034e-17,-0.53953342335644,-1.09634703539498,0.665630674926407,0.292486247657618,-0.933884173291279,-0.988862625580002,0.0549784522887222,0,0.0686677573776554,0.763998463940298,12.0629646672907,1.9457500522041,2.98545545670465,4.07680372908986,-1.33700436859799e-17,-0.0447264365135222,-0.563457281757778,0.222957831586987,0.0717440100367342,0.53856978907416,106.759,-6.25,TRUE,1,0.964,0.574,0.824,0.943,"Tidak Berpengaruh","Tidak Berpengaruh","Tidak Berpengaruh","Tidak Berpengaruh"
"Pesanggrahan",2021,106.759,-6.25,-1.02146928389034e-17,-0.53953342335644,-1.09634703539498,0.665630674926407,0.292486247657618,-0.859766381760226,-0.96734683244386,0.107580450683634,0,0.146904506145953,0.763998463940298,12.0629646672907,1.9457500522041,2.98545545670465,4.07680372908986,-1.33700436859799e-17,-0.0447264365135222,-0.563457281757778,0.222957831586987,0.0717440100367342,0.53856978907416,106.759,-6.25,TRUE,1,0.964,0.574,0.824,0.943,"Tidak Berpengaruh","Tidak Berpengaruh","Tidak Berpengaruh","Tidak Berpengaruh"
"Pesanggrahan",2022,106.759,-6.25,-1.02146928389034e-17,-0.53953342335644,-1.09634703539498,0.665630674926407,0.292486247657618,-0.489177424104956,0.510161744638417,-0.999339168743373,0,-0.505836579598588,0.763998463940298,12.0629646672907,1.9457500522041,2.98545545670465,4.07680372908986,-1.33700436859799e-17,-0.0447264365135222,-0.563457281757778,0.222957831586987,0.0717440100367342,0.53856978907416,106.759,-6.25,TRUE,1,0.964,0.574,0.824,0.943,"Tidak Berpengaruh","Tidak Berpengaruh","Tidak Berpengaruh","Tidak Berpengaruh"
"Pesanggrahan",2023,106.759,-6.25,-1.02146928389034e-17,-0.53953342335644,-1.09634703539498,0.665630674926407,0.292486247657618,0.844942823454015,0.800508685308093,0.044434138145922,0,0.022594387104036,0.763998463940298,12.0629646672907,1.9457500522041,2.98545545670465,4.07680372908986,-1.33700436859799e-17,-0.0447264365135222,-0.563457281757778,0.222957831586987,0.0717440100367342,0.53856978907416,106.759,-6.25,TRUE,1,0.964,0.574,0.824,0.943,"Tidak Berpengaruh","Tidak Berpengaruh","Tidak Berpengaruh","Tidak Berpengaruh"
"Pulo Gadung",2023,106.889,-6.193,-1.07495108886268e-16,8.93972608987816,-0.550703665220942,-5.72757940932864,15.9847983115219,8.22546775120527,4.53927014500472,3.68619760620055,0,1.59129573891715,0.502922263742087,3.47687428462977,0.692190663243416,0.698435339121043,2.81873041917753,-2.13741002608298e-16,2.57119624065732,-0.795595338776306,-8.20058649457315,5.67092127816394,0.723424482474434,106.889,-6.193,TRUE,1,0.012,0.428,0,0,"Berpengaruh","Tidak Berpengaruh","Berpengaruh","Berpengaruh"
"Pulo Gadung",2024,106.889,-6.193,-1.07495108886268e-16,8.93972608987816,-0.550703665220942,-5.72757940932864,15.9847983115219,7.28618105857172,4.80779617370557,2.47838488486615,0,1.082142081595,0.502922263742087,3.47687428462977,0.692190663243416,0.698435339121043,2.81873041917753,-2.13741002608298e-16,2.57119624065732,-0.795595338776306,-8.20058649457315,5.67092127816394,0.723424482474434,106.889,-6.193,TRUE,1,0.012,0.428,0,0,"Berpengaruh","Tidak Berpengaruh","Berpengaruh","Berpengaruh"
"Pulo Gadung",2022,106.889,-6.193,-1.07495108886268e-16,8.93972608987816,-0.550703665220942,-5.72757940932864,15.9847983115219,-6.87021123754828,-2.83356684099767,-4.03664439655062,0,-1.80324086870553,0.502922263742087,3.47687428462977,0.692190663243416,0.698435339121043,2.81873041917753,-2.13741002608298e-16,2.57119624065732,-0.795595338776306,-8.20058649457315,5.67092127816394,0.723424482474434,106.889,-6.193,TRUE,1,0.012,0.428,0,0,"Berpengaruh","Tidak Berpengaruh","Berpengaruh","Berpengaruh"
"Pulo Gadung",2021,106.889,-6.193,-1.07495108886268e-16,8.93972608987816,-0.550703665220942,-5.72757940932864,15.9847983115219,-5.12582166551454,-2.6200121517838,-2.50580951373074,0,-1.06516798526005,0.502922263742087,3.47687428462977,0.692190663243416,0.698435339121043,2.81873041917753,-2.13741002608298e-16,2.57119624065732,-0.795595338776306,-8.20058649457315,5.67092127816394,0.723424482474434,106.889,-6.193,TRUE,1,0.012,0.428,0,0,"Berpengaruh","Tidak Berpengaruh","Berpengaruh","Berpengaruh"
"Pulo Gadung",2020,106.889,-6.193,-1.07495108886268e-16,8.93972608987816,-0.550703665220942,-5.72757940932864,15.9847983115219,-3.51561590671416,-3.89348732592882,0.377871419214656,0,0.186369495357307,0.502922263742087,3.47687428462977,0.692190663243416,0.698435339121043,2.81873041917753,-2.13741002608298e-16,2.57119624065732,-0.795595338776306,-8.20058649457315,5.67092127816394,0.723424482474434,106.889,-6.193,TRUE,1,0.012,0.428,0,0,"Berpengaruh","Tidak Berpengaruh","Berpengaruh","Berpengaruh"
"Sawah Besar",2024,106.833,-6.154,3.43165665949583e-16,6.87355347630042,0.151063092164772,-1.52978384272699,5.23360018964525,1.90390819730377,0.81405659299171,1.08985160431206,0,0.470277169734363,0.417696660478715,4.24221021987544,0.733738312221033,0.688447436804713,2.02057971036814,8.21566697603677e-16,1.6202764879724,0.205881428908221,-2.22207791175339,2.59014784855565,0.418018228055061,106.833,-6.154,TRUE,1,0.109,0.837,0.029,0.011,"Tidak Berpengaruh","Tidak Berpengaruh","Berpengaruh","Berpengaruh"
"Sawah Besar",2023,106.833,-6.154,3.43165665949583e-16,6.87355347630042,0.151063092164772,-1.52978384272699,5.23360018964525,-0.149326133121864,-0.015650533651858,-0.133675599470006,0,-0.0547975470716209,0.417696660478715,4.24221021987544,0.733738312221033,0.688447436804713,2.02057971036814,8.21566697603677e-16,1.6202764879724,0.205881428908221,-2.22207791175339,2.59014784855565,0.418018228055061,106.833,-6.154,TRUE,1,0.109,0.837,0.029,0.011,"Tidak Berpengaruh","Tidak Berpengaruh","Berpengaruh","Berpengaruh"
"Sawah Besar",2021,106.833,-6.154,3.43165665949583e-16,6.87355347630042,0.151063092164772,-1.52978384272699,5.23360018964525,-1.45592979793818,-0.082186025897068,-1.37374377204111,0,-0.581862769670629,0.417696660478715,4.24221021987544,0.733738312221033,0.688447436804713,2.02057971036814,8.21566697603677e-16,1.6202764879724,0.205881428908221,-2.22207791175339,2.59014784855565,0.418018228055061,106.833,-6.154,TRUE,1,0.109,0.837,0.029,0.011,"Tidak Berpengaruh","Tidak Berpengaruh","Berpengaruh","Berpengaruh"
"Sawah Besar",2022,106.833,-6.154,3.43165665949583e-16,6.87355347630042,0.151063092164772,-1.52978384272699,5.23360018964525,2.0905658637061,0.828738036695324,1.26182782701078,0,0.514443142537785,0.417696660478715,4.24221021987544,0.733738312221033,0.688447436804713,2.02057971036814,8.21566697603677e-16,1.6202764879724,0.205881428908221,-2.22207791175339,2.59014784855565,0.418018228055061,106.833,-6.154,TRUE,1,0.109,0.837,0.029,0.011,"Tidak Berpengaruh","Tidak Berpengaruh","Berpengaruh","Berpengaruh"
"Sawah Besar",2020,106.833,-6.154,3.43165665949583e-16,6.87355347630042,0.151063092164772,-1.52978384272699,5.23360018964525,-2.38921812994983,-1.54495807013811,-0.844260059811723,0,-0.399017506917442,0.417696660478715,4.24221021987544,0.733738312221033,0.688447436804713,2.02057971036814,8.21566697603677e-16,1.6202764879724,0.205881428908221,-2.22207791175339,2.59014784855565,0.418018228055061,106.833,-6.154,TRUE,1,0.109,0.837,0.029,0.011,"Tidak Berpengaruh","Tidak Berpengaruh","Berpengaruh","Berpengaruh"
"Senen",2024,106.846,-6.184,2.33947821018339e-16,0.912189967154738,-0.322740093700328,-1.63391629325856,13.4944564024014,-0.275881809228572,-0.501929223143504,0.226047413914932,0,0.0936963300580933,0.395662055313368,3.77692952842639,0.695600731586909,0.653435471117136,2.83952933281293,5.91281923238886e-16,0.241516279371723,-0.463973194743549,-2.500501373862,4.75235675379812,0.445022656947984,106.846,-6.184,TRUE,1,0.81,0.644,0.014,0,"Tidak Berpengaruh","Tidak Berpengaruh","Berpengaruh","Berpengaruh"
"Senen",2022,106.846,-6.184,2.33947821018339e-16,0.912189967154738,-0.322740093700328,-1.63391629325856,13.4944564024014,-1.19548783999049,0.387564401438367,-1.58305224142885,0,-0.629645621944065,0.395662055313368,3.77692952842639,0.695600731586909,0.653435471117136,2.83952933281293,5.91281923238886e-16,0.241516279371723,-0.463973194743549,-2.500501373862,4.75235675379812,0.445022656947984,106.846,-6.184,TRUE,1,0.81,0.644,0.014,0,"Tidak Berpengaruh","Tidak Berpengaruh","Berpengaruh","Berpengaruh"
"Senen",2023,106.846,-6.184,2.33947821018339e-16,0.912189967154738,-0.322740093700328,-1.63391629325856,13.4944564024014,-0.735684824609528,-0.376044690107925,-0.359640134501604,0,-0.142757298421344,0.395662055313368,3.77692952842639,0.695600731586909,0.653435471117136,2.83952933281293,5.91281923238886e-16,0.241516279371723,-0.463973194743549,-2.500501373862,4.75235675379812,0.445022656947984,106.846,-6.184,TRUE,1,0.81,0.644,0.014,0,"Tidak Berpengaruh","Tidak Berpengaruh","Berpengaruh","Berpengaruh"
"Senen",2021,106.846,-6.184,2.33947821018339e-16,0.912189967154738,-0.322740093700328,-1.63391629325856,13.4944564024014,-3.26460140920479,0.231397026979459,-3.49599843618425,0,-1.41978627465698,0.395662055313368,3.77692952842639,0.695600731586909,0.653435471117136,2.83952933281293,5.91281923238886e-16,0.241516279371723,-0.463973194743549,-2.500501373862,4.75235675379812,0.445022656947984,106.846,-6.184,TRUE,1,0.81,0.644,0.014,0,"Tidak Berpengaruh","Tidak Berpengaruh","Berpengaruh","Berpengaruh"
"Senen",2020,106.846,-6.184,2.33947821018339e-16,0.912189967154738,-0.322740093700328,-1.63391629325856,13.4944564024014,5.47165588303337,0.259012484833604,5.21264339819977,0,2.33326914412482,0.395662055313368,3.77692952842639,0.695600731586909,0.653435471117136,2.83952933281293,5.91281923238886e-16,0.241516279371723,-0.463973194743549,-2.500501373862,4.75235675379812,0.445022656947984,106.846,-6.184,TRUE,1,0.81,0.644,0.014,0,"Tidak Berpengaruh","Tidak Berpengaruh","Berpengaruh","Berpengaruh"
"Setiabudi",2024,106.83,-6.22,9.45032670993356e-17,3.00175229194259,-1.31330077261432,-4.31964366926783,11.3805883435487,2.19695199166974,1.65514587562517,0.541806116044572,0,0.222174942676048,0.429406352530777,3.71025306902018,0.746262780240754,0.825429051106118,1.87030927328742,2.20078875271325e-16,0.809042465864817,-1.75983689309902,-5.23321012687799,6.08486976249934,0.643822553906114,106.83,-6.22,TRUE,1,0.421,0.082,0,0,"Tidak Berpengaruh","Tidak Berpengaruh","Berpengaruh","Berpengaruh"
"Setiabudi",2022,106.83,-6.22,9.45032670993356e-17,3.00175229194259,-1.31330077261432,-4.31964366926783,11.3805883435487,-1.3899084028931,-2.06545964612762,0.675551243234515,0,0.310596079678855,0.429406352530777,3.71025306902018,0.746262780240754,0.825429051106118,1.87030927328742,2.20078875271325e-16,0.809042465864817,-1.75983689309902,-5.23321012687799,6.08486976249934,0.643822553906114,106.83,-6.22,TRUE,1,0.421,0.082,0,0,"Tidak Berpengaruh","Tidak Berpengaruh","Berpengaruh","Berpengaruh"
"Setiabudi",2023,106.83,-6.22,9.45032670993356e-17,3.00175229194259,-1.31330077261432,-4.31964366926783,11.3805883435487,0.963968731038763,2.13873216587941,-1.17476343484064,0,-0.492947642900997,0.429406352530777,3.71025306902018,0.746262780240754,0.825429051106118,1.87030927328742,2.20078875271325e-16,0.809042465864817,-1.75983689309902,-5.23321012687799,6.08486976249934,0.643822553906114,106.83,-6.22,TRUE,1,0.421,0.082,0,0,"Tidak Berpengaruh","Tidak Berpengaruh","Berpengaruh","Berpengaruh"
"Setiabudi",2021,106.83,-6.22,9.45032670993356e-17,3.00175229194259,-1.31330077261432,-4.31964366926783,11.3805883435487,1.86068382967947,0.656315458136271,1.2043683715432,0,0.498819195533002,0.429406352530777,3.71025306902018,0.746262780240754,0.825429051106118,1.87030927328742,2.20078875271325e-16,0.809042465864817,-1.75983689309902,-5.23321012687799,6.08486976249934,0.643822553906114,106.83,-6.22,TRUE,1,0.421,0.082,0,0,"Tidak Berpengaruh","Tidak Berpengaruh","Berpengaruh","Berpengaruh"
"Setiabudi",2020,106.83,-6.22,9.45032670993356e-17,3.00175229194259,-1.31330077261432,-4.31964366926783,11.3805883435487,-3.63169614949487,-2.38473385351323,-1.24696229598164,0,-0.977167846487639,0.429406352530777,3.71025306902018,0.746262780240754,0.825429051106118,1.87030927328742,2.20078875271325e-16,0.809042465864817,-1.75983689309902,-5.23321012687799,6.08486976249934,0.643822553906114,106.83,-6.22,TRUE,1,0.421,0.082,0,0,"Tidak Berpengaruh","Tidak Berpengaruh","Berpengaruh","Berpengaruh"
"Taman Sari",2024,106.818,-6.148,2.48570557655136e-16,7.3371491055754,0.0475651821293904,-1.62964541658534,4.98483827421638,-0.355862357542279,-0.54959722122558,0.193734863683301,0,0.0834409983376409,0.466395852318904,5.16966928274355,0.762233804236491,0.914060273420135,2.09697070587533,5.32960480714508e-16,1.41926856521885,0.062402351962119,-1.78286428583938,2.37716161711261,0.633262726979255,106.818,-6.148,TRUE,1,0.159,0.95,0.078,0.02,"Tidak Berpengaruh","Tidak Berpengaruh","Tidak Berpengaruh","Berpengaruh"
"Taman Sari",2023,106.818,-6.148,2.48570557655136e-16,7.3371491055754,0.0475651821293904,-1.62964541658534,4.98483827421638,0.533793536313419,0.0499653808684225,0.483828155444996,0,0.197794806249188,0.466395852318904,5.16966928274355,0.762233804236491,0.914060273420135,2.09697070587533,5.32960480714508e-16,1.41926856521885,0.062402351962119,-1.78286428583938,2.37716161711261,0.633262726979255,106.818,-6.148,TRUE,1,0.159,0.95,0.078,0.02,"Tidak Berpengaruh","Tidak Berpengaruh","Tidak Berpengaruh","Berpengaruh"
"Taman Sari",2021,106.818,-6.148,2.48570557655136e-16,7.3371491055754,0.0475651821293904,-1.62964541658534,4.98483827421638,-0.578276331006204,-0.330694646660693,-0.247581684345511,0,-0.0993068211757634,0.466395852318904,5.16966928274355,0.762233804236491,0.914060273420135,2.09697070587533,5.32960480714508e-16,1.41926856521885,0.062402351962119,-1.78286428583938,2.37716161711261,0.633262726979255,106.818,-6.148,TRUE,1,0.159,0.95,0.078,0.02,"Tidak Berpengaruh","Tidak Berpengaruh","Tidak Berpengaruh","Berpengaruh"
"Taman Sari",2022,106.818,-6.148,2.48570557655136e-16,7.3371491055754,0.0475651821293904,-1.62964541658534,4.98483827421638,0.0889655893855696,0.98275932848976,-0.89379373910419,0,-0.374386626741424,0.466395852318904,5.16966928274355,0.762233804236491,0.914060273420135,2.09697070587533,5.32960480714508e-16,1.41926856521885,0.062402351962119,-1.78286428583938,2.37716161711261,0.633262726979255,106.818,-6.148,TRUE,1,0.159,0.95,0.078,0.02,"Tidak Berpengaruh","Tidak Berpengaruh","Tidak Berpengaruh","Berpengaruh"
"Taman Sari",2020,106.818,-6.148,2.48570557655136e-16,7.3371491055754,0.0475651821293904,-1.62964541658534,4.98483827421638,0.311379562849494,-0.15243284147191,0.463812404321403,0,0.217770133718906,0.466395852318904,5.16966928274355,0.762233804236491,0.914060273420135,2.09697070587533,5.32960480714508e-16,1.41926856521885,0.062402351962119,-1.78286428583938,2.37716161711261,0.633262726979255,106.818,-6.148,TRUE,1,0.159,0.95,0.078,0.02,"Tidak Berpengaruh","Tidak Berpengaruh","Tidak Berpengaruh","Berpengaruh"
"Tambora",2024,106.803,-6.147,1.19347256232164e-16,5.16752270536402,-0.304527694209459,-1.47867881774857,6.25783146691934,0.369413866337874,1.60373844258105,-1.23432457624318,0,-0.622380356197652,0.503682038190075,5.81351758654911,0.767891863128113,1.00898855747776,2.41684202940543,2.36949597529872e-16,0.888880549242726,-0.396576274384421,-1.46550603254108,2.58925961679789,0.779749670690912,106.803,-6.147,TRUE,1,0.376,0.693,0.146,0.011,"Tidak Berpengaruh","Tidak Berpengaruh","Tidak Berpengaruh","Berpengaruh"
"Tambora",2022,106.803,-6.147,1.19347256232164e-16,5.16752270536402,-0.304527694209459,-1.47867881774857,6.25783146691934,1.4776554653515,2.12136859705406,-0.643713131702563,0,-0.314095899543335,0.503682038190075,5.81351758654911,0.767891863128113,1.00898855747776,2.41684202940543,2.36949597529872e-16,0.888880549242726,-0.396576274384421,-1.46550603254108,2.58925961679789,0.779749670690912,106.803,-6.147,TRUE,1,0.376,0.693,0.146,0.011,"Tidak Berpengaruh","Tidak Berpengaruh","Tidak Berpengaruh","Berpengaruh"
"Tambora",2023,106.803,-6.147,1.19347256232164e-16,5.16752270536402,-0.304527694209459,-1.47867881774857,6.25783146691934,4.24825946288556,2.0745685077722,2.17369095511336,0,0.928267537408044,0.503682038190075,5.81351758654911,0.767891863128113,1.00898855747776,2.41684202940543,2.36949597529872e-16,0.888880549242726,-0.396576274384421,-1.46550603254108,2.58925961679789,0.779749670690912,106.803,-6.147,TRUE,1,0.376,0.693,0.146,0.011,"Tidak Berpengaruh","Tidak Berpengaruh","Tidak Berpengaruh","Berpengaruh"
"Tambora",2021,106.803,-6.147,1.19347256232164e-16,5.16752270536402,-0.304527694209459,-1.47867881774857,6.25783146691934,-3.87884559654769,-3.71829476600352,-0.160550830544169,0,-0.10651320024069,0.503682038190075,5.81351758654911,0.767891863128113,1.00898855747776,2.41684202940543,2.36949597529872e-16,0.888880549242726,-0.396576274384421,-1.46550603254108,2.58925961679789,0.779749670690912,106.803,-6.147,TRUE,1,0.376,0.693,0.146,0.011,"Tidak Berpengaruh","Tidak Berpengaruh","Tidak Berpengaruh","Berpengaruh"
"Tambora",2020,106.803,-6.147,1.19347256232164e-16,5.16752270536402,-0.304527694209459,-1.47867881774857,6.25783146691934,-2.21648319802725,-2.0813807814038,-0.13510241662345,0,-0.096675121359808,0.503682038190075,5.81351758654911,0.767891863128113,1.00898855747776,2.41684202940543,2.36949597529872e-16,0.888880549242726,-0.396576274384421,-1.46550603254108,2.58925961679789,0.779749670690912,106.803,-6.147,TRUE,1,0.376,0.693,0.146,0.011,"Tidak Berpengaruh","Tidak Berpengaruh","Tidak Berpengaruh","Berpengaruh"
"Tanah Abang",2024,106.809,-6.205,-2.24641209653164e-17,0.661634323847373,-1.27183136603041,-1.72453800364682,9.44867844719382,-0.99542468096217,-0.255305801831179,-0.740118879130991,0,-0.305789980180487,0.465396797919232,4.47954252863713,0.656251552628303,0.987655388481533,2.64054401920272,-4.82687484438065e-17,0.147701315394961,-1.93802416304646,-1.74609284144969,3.57830749212305,0.64465307140485,106.809,-6.205,TRUE,1,0.883,0.056,0.084,0.001,"Tidak Berpengaruh","Tidak Berpengaruh","Tidak Berpengaruh","Berpengaruh"
"Tanah Abang",2023,106.809,-6.205,-2.24641209653164e-17,0.661634323847373,-1.27183136603041,-1.72453800364682,9.44867844719382,2.28947676621299,1.01600009424066,1.27347667197232,0,0.536687306377196,0.465396797919232,4.47954252863713,0.656251552628303,0.987655388481533,2.64054401920272,-4.82687484438065e-17,0.147701315394961,-1.93802416304646,-1.74609284144969,3.57830749212305,0.64465307140485,106.809,-6.205,TRUE,1,0.883,0.056,0.084,0.001,"Tidak Berpengaruh","Tidak Berpengaruh","Tidak Berpengaruh","Berpengaruh"
"Tanah Abang",2021,106.809,-6.205,-2.24641209653164e-17,0.661634323847373,-1.27183136603041,-1.72453800364682,9.44867844719382,-0.597254808577301,0.51549754441943,-1.11275235299673,0,-0.470289761014977,0.465396797919232,4.47954252863713,0.656251552628303,0.987655388481533,2.64054401920272,-4.82687484438065e-17,0.147701315394961,-1.93802416304646,-1.74609284144969,3.57830749212305,0.64465307140485,106.809,-6.205,TRUE,1,0.883,0.056,0.084,0.001,"Tidak Berpengaruh","Tidak Berpengaruh","Tidak Berpengaruh","Berpengaruh"
"Tanah Abang",2022,106.809,-6.205,-2.24641209653164e-17,0.661634323847373,-1.27183136603041,-1.72453800364682,9.44867844719382,3.28490144717516,-0.0605582906793663,3.34545973785452,0,1.40325892559161,0.465396797919232,4.47954252863713,0.656251552628303,0.987655388481533,2.64054401920272,-4.82687484438065e-17,0.147701315394961,-1.93802416304646,-1.74609284144969,3.57830749212305,0.64465307140485,106.809,-6.205,TRUE,1,0.883,0.056,0.084,0.001,"Tidak Berpengaruh","Tidak Berpengaruh","Tidak Berpengaruh","Berpengaruh"
"Tanah Abang",2020,106.809,-6.205,-2.24641209653164e-17,0.661634323847373,-1.27183136603041,-1.72453800364682,9.44867844719382,-3.98169872384868,-1.21563354614955,-2.76606517769913,0,-1.33250675764371,0.465396797919232,4.47954252863713,0.656251552628303,0.987655388481533,2.64054401920272,-4.82687484438065e-17,0.147701315394961,-1.93802416304646,-1.74609284144969,3.57830749212305,0.64465307140485,106.809,-6.205,TRUE,1,0.883,0.056,0.084,0.001,"Tidak Berpengaruh","Tidak Berpengaruh","Tidak Berpengaruh","Berpengaruh"
"Tanjung Priok",2021,106.875,-6.132,-2.36790665156619e-17,5.58593057509312,-0.377121221811378,-0.562237952560302,2.9839835278221,-1.60927118613597,-1.50846378355179,-0.100807402584187,0,-0.0648065314173629,0.630444857708841,7.12305894718461,0.914553708934089,1.60728404911295,2.23195919106838,-3.75592983686413e-17,0.784203895617199,-0.412355467073566,-0.349806216810649,1.33693462665585,0.4804370848573,106.875,-6.132,TRUE,1,0.435,0.681,0.727,0.185,"Tidak Berpengaruh","Tidak Berpengaruh","Tidak Berpengaruh","Tidak Berpengaruh"
"Tanjung Priok",2022,106.875,-6.132,-2.36790665156619e-17,5.58593057509312,-0.377121221811378,-0.562237952560302,2.9839835278221,-0.275621031879642,0.698428260149803,-0.974049292029445,0,-0.57970486538186,0.630444857708841,7.12305894718461,0.914553708934089,1.60728404911295,2.23195919106838,-3.75592983686413e-17,0.784203895617199,-0.412355467073566,-0.349806216810649,1.33693462665585,0.4804370848573,106.875,-6.132,TRUE,1,0.435,0.681,0.727,0.185,"Tidak Berpengaruh","Tidak Berpengaruh","Tidak Berpengaruh","Tidak Berpengaruh"
"Tanjung Priok",2023,106.875,-6.132,-2.36790665156619e-17,5.58593057509312,-0.377121221811378,-0.562237952560302,2.9839835278221,0.835754096667301,0.828540687454126,0.00721340921317559,0,0.0031340934668031,0.630444857708841,7.12305894718461,0.914553708934089,1.60728404911295,2.23195919106838,-3.75592983686413e-17,0.784203895617199,-0.412355467073566,-0.349806216810649,1.33693462665585,0.4804370848573,106.875,-6.132,TRUE,1,0.435,0.681,0.727,0.185,"Tidak Berpengaruh","Tidak Berpengaruh","Tidak Berpengaruh","Tidak Berpengaruh"
"Tanjung Priok",2024,106.875,-6.132,-2.36790665156619e-17,5.58593057509312,-0.377121221811378,-0.562237952560302,2.9839835278221,1.54703417893734,1.43260761910626,0.114426559831085,0,0.0578038944858696,0.630444857708841,7.12305894718461,0.914553708934089,1.60728404911295,2.23195919106838,-3.75592983686413e-17,0.784203895617199,-0.412355467073566,-0.349806216810649,1.33693462665585,0.4804370848573,106.875,-6.132,TRUE,1,0.435,0.681,0.727,0.185,"Tidak Berpengaruh","Tidak Berpengaruh","Tidak Berpengaruh","Tidak Berpengaruh"
"Tanjung Priok",2020,106.875,-6.132,-2.36790665156619e-17,5.58593057509312,-0.377121221811378,-0.562237952560302,2.9839835278221,-0.49789605758903,-1.4511127831584,0.953216725569371,0,0.70558706926737,0.630444857708841,7.12305894718461,0.914553708934089,1.60728404911295,2.23195919106838,-3.75592983686413e-17,0.784203895617199,-0.412355467073566,-0.349806216810649,1.33693462665585,0.4804370848573,106.875,-6.132,TRUE,1,0.435,0.681,0.727,0.185,"Tidak Berpengaruh","Tidak Berpengaruh","Tidak Berpengaruh","Tidak Berpengaruh"
"Tebet",2023,106.851,-6.229,1.42340837076868e-16,8.54315085989747,-1.68492330383853,-8.72223221796107,9.98924737533783,4.53595545626869,2.90265419822462,1.63330125804407,0,0.66207438269533,0.44859063156746,3.14816501811764,0.736412019522462,0.760227487337157,1.53311138683728,3.17306753775714e-16,2.71369220188007,-2.28801711429309,-11.4731871225972,6.51566967742967,0.760070971044424,106.851,-6.229,TRUE,1,0.008,0.024,0,0,"Berpengaruh","Berpengaruh","Berpengaruh","Berpengaruh"
"Tebet",2024,106.851,-6.229,1.42340837076868e-16,8.54315085989747,-1.68492330383853,-8.72223221796107,9.98924737533783,6.14065667900526,2.7986021954497,3.34205448355556,0,1.37527458984313,0.44859063156746,3.14816501811764,0.736412019522462,0.760227487337157,1.53311138683728,3.17306753775714e-16,2.71369220188007,-2.28801711429309,-11.4731871225972,6.51566967742967,0.760070971044424,106.851,-6.229,TRUE,1,0.008,0.024,0,0,"Berpengaruh","Berpengaruh","Berpengaruh","Berpengaruh"
"Tebet",2022,106.851,-6.229,1.42340837076868e-16,8.54315085989747,-1.68492330383853,-8.72223221796107,9.98924737533783,2.2893737444375,-1.49446368880899,3.78383743324649,0,1.54275354024281,0.44859063156746,3.14816501811764,0.736412019522462,0.760227487337157,1.53311138683728,3.17306753775714e-16,2.71369220188007,-2.28801711429309,-11.4731871225972,6.51566967742967,0.760070971044424,106.851,-6.229,TRUE,1,0.008,0.024,0,0,"Berpengaruh","Berpengaruh","Berpengaruh","Berpengaruh"
"Tebet",2021,106.851,-6.229,1.42340837076868e-16,8.54315085989747,-1.68492330383853,-8.72223221796107,9.98924737533783,-4.55735147257185,0.0172711683262715,-4.57462264089812,0,-1.88160134779359,0.44859063156746,3.14816501811764,0.736412019522462,0.760227487337157,1.53311138683728,3.17306753775714e-16,2.71369220188007,-2.28801711429309,-11.4731871225972,6.51566967742967,0.760070971044424,106.851,-6.229,TRUE,1,0.008,0.024,0,0,"Berpengaruh","Berpengaruh","Berpengaruh","Berpengaruh"
"Tebet",2020,106.851,-6.229,1.42340837076868e-16,8.54315085989747,-1.68492330383853,-8.72223221796107,9.98924737533783,-8.4086344071396,-4.2240638731916,-4.18457053394801,0,-1.92285622285012,0.44859063156746,3.14816501811764,0.736412019522462,0.760227487337157,1.53311138683728,3.17306753775714e-16,2.71369220188007,-2.28801711429309,-11.4731871225972,6.51566967742967,0.760070971044424,106.851,-6.229,TRUE,1,0.008,0.024,0,0,"Berpengaruh","Berpengaruh","Berpengaruh","Berpengaruh"
