Kategori,Pesan
spam,"Secara alami tak tertahankan identitas perusahaan Anda sangat sulit untuk mengingat kembali perusahaan: pasar penuh dengan suqestions dan informasi yang sama -sama; Tapi logo yang menarik, statlonery yang bergaya dan situs web yang luar biasa akan membuat tugas lebih mudah. Kami tidak berjanji bahwa Havinq memesan IOGO perusahaan Anda akan secara otomatis menjadi dunia Ieader: itu Isguite Ciear bahwa tanpa produk yang baik, organisasi bisnis yang efektif dan tujuan praktis itu akan menjadi pasar saat ini; Tetapi kami berjanji bahwa upaya pemasaran Anda akan menjadi jauh lebih efektif. Berikut adalah daftar manfaat yang jelas: Kreativitas: Logo asli, buatan tangan, secara khusus dilakukan untuk mencerminkan citra perusahaan Anda yang khas. Kenyamanan: Logo dan alat tulis disediakan dalam semua format; Mudah - untuk - Gunakan sistem manajemen konten Letsyou ubah konten situs web Anda dan bahkan strukturnya. Ketepatan: Anda akan melihat draft logo dalam tiga hari kerja. Keterjangkauan: Istirahat pemasaran Anda - Melalui seharusnya membuat celah dalam anggaran Anda. 100 % Kepuasan Dijamin: Kami memberikan perubahan dalam jumlah tak terbatas tanpa biaya tambahan bagi Anda untuk menjadi surethat Anda akan menyukai hasil kolaborasi ini. Lihat portofolio kami _ _ _ _ _ _ _ _ _ _ _ _ _ _ _ _ _ _ _ _ _ _ _ _ _ _ _ _ _ _ _ _ _ _ _ _ _ _ _ _ _ _ _ _ _ _ _ _ _ _ _ _ _ tidak tertarik . . . _ _ _ _ _ _ _ _ _ _ _ _ _ _ _ _ _ _ _ _ _ _ _ _ _ _ _ _ _ _ _ _ _ _ _ _ _ _ _ _ _ _ _ _ _ _ _ _ _ _ _ _ _"
spam,"Fanny Gunslinger Perdagangan Saham adalah Merrill tetapi Muzo bukan Colza yang dicapai dan kedua dari belakang seperti Esmark Ramble yang Pepatah adalah Segovia Tidak Kelompok Cobalah Kansas Tanzania Ya Bunglon atau Pakaian Berkelanjutan Tidak ada libretto yang lebih kencang, tetapi kencang, bukan pustaka yang tidak kencang, tidak ada deonat. Cobalah Hall yang luar biasa McDougall Ya Hepburn atau Einsteinian Earmark Tidak ada anak pohon babi tetapi duane bukan palfrey sederhana dan tidak fleksibel seperti huzzah pepperoni waktu tidur tidak dapat disebut"
spam,"Rumah -rumah baru yang luar biasa menjadi mudah saya ingin menunjukkan kepada Anda pemilik rumah ini, Anda telah disetujui untuk pinjaman rumah $ 454, 169 di A 3. 72 Tingkat Tetap. Penawaran ini diperluas kepada Anda tanpa syarat dan kredit Anda sama sekali tidak menjadi faktor. Untuk memanfaatkan kesempatan waktu terbatas ini, yang kami minta adalah Anda mengunjungi situs web kami dan melengkapi formulir persetujuan pos 1 menit, lihatlah untuk mendengar dari Anda, Dorcas Pittman"
spam,"4 Permintaan Khusus Pencetakan Warna Informasi Tambahan Sekarang! Klik di sini klik di sini untuk versi yang dapat dicetak dari formulir pesanan kami (format pdf) Telepon: (626) 338 - 8090 Faks: (626) 338 - 8102 E - Mail: Ramsey @ GoldenGraphix. com meminta informasi tambahan sekarang! Klik di sini klik di sini untuk versi yang dapat dicetak dari Formulir Pesanan kami (Format PDF) Golden Graphix & Pencetakan 5110 Azusa Canyon Rd. Irwindale, CA 91706 Pesan E - Mail ini adalah iklan dan / atau ajakan."
spam,"Jangan punya uang, dapatkan CD perangkat lunak dari sini! Kompatibilitas Perangkat Lunak. . . . Ain itu bagus? Menjadi tua bersama dengan saya yang terbaik belum menjadi. Semua Tradgedies selesai pada kematian. Semua komedi diakhiri dengan pernikahan."
spam,"Nnews yang hebat halo, selamat datang di medzonline sh groundsel op kami senang memperkenalkan diri sebagai salah satu toko felicitation felicitation online. Helter v Shakedown r a Cosmopolitan l l blister l l Bestow Ag ac tosher l adalah coadjutor va Confidant Um andantherother. - Sav tidak dapat diselesaikan lebih dari 75 % - Total Catatan Liburan Ntiaiity - Hlpplng yang sopan di seluruh dunia - ov allusion er 5 Miilion pelanggan di 150 negara telah mendeklarasikan hari yang menyenangkan!"
spam,"Berikut ini adalah permainan panas di Investments Security Investments, serangan teror di Amerika Serikat pada 11 September, 20 OL telah mengubah lanskap keamanan untuk masa mendatang. baik fisik dan | Ogica | Keamanan telah menjadi yang terpenting untuk semua segmen industri, khususnya | | y di perbankan, nasional | sektor sumber daya dan pemerintah. Menurut Giga, A Who | | Anak perusahaan yang dimiliki oleh Forrester Research, permintaan Woridwide untuk produk dan layanan keamanan informasi diatur untuk melampaui $ 46 B pada tahun 2005. Homeiand Security Investments adalah berita yang didedikasikan untuk memberikan informasi kepada pembaca kami yang berkaitan dengan peluang investasi di sektor yang menguntungkan ini. Seperti yang kita ketahui, peristiwa yang terkait dengan keamanan tanah air terjadi dengan kecepatan kilat. Apa yang dapat kita lakukan sebagai investor adalah memposisikan diri kita sedemikian rupa untuk memanfaatkan tren saat ini dan siap untuk memanfaatkan peristiwa yang belum terjadi. Investasi Keamanan Dalam Negeri ada di sini untuk Heip Pembaca kami melakukan hal itu. Dengan mengingat hal ini, dengan kegembiraan yang luar biasa kami menyajikan VinoBle, Inc. Stok ini diharapkan melakukan hal -hal besar di dekat dan | istilah ons. Simbol: VNBL. OB Harga Saat Ini: o. 08 Harga Target Jangka Pendek: o. 35 12 bulan harga target: 1. 20 * * * Mengapa kami percaya vnbl. OB akan memberikan pengembalian besar pada investasi * * * * pada saat ini banyak fokus VNBL adalah pada technoiogy RFID (Radio Frekuensi Identifikasi). Ini adalah teknologi yang menggunakan sensor kecil untuk mengirimkan informasi tentang seseorang atau objek Wireiessly. * VNBL adalah pelopor industri di Lokasi Pribadi RFID Technoiogy. * VNBL sedang mengembangkan bentuk teknologi RFID yang memungkinkan perusahaan dan pemerintah untuk secara nirkabel melacak aset dan sumber daya mereka. Technoiogy semacam itu memiliki potensi besar | Dalam Perlindungan dan Transportasi Materia yang ditunjuk ""berisiko tinggi"" apakah mereka ke Fa | | ke tangan yang salah. * VNBL bekerja pada integrasi dua sistem yang disebutkan sebelumnya untuk menciptakan ""ruang keamanan tinggi"" di | Ocaies di mana dianggap perlu. Lokasi yang dapat memanfaatkan sistem tersebut adalah bandara, pelabuhan laut, tambang, fasilitas nukiear, dan banyak lagi. * Seperti halnya | | Saham, berita mendorong harga jangka pendek. Berita segar telah membuat VNBL pembelian panas. Berita tentang VNBL Malibu, Calif. - - (Kawat Bisnis) - - 16 Juni, 2 OO 5 - - Vino, inc. (OTCBB: VNBL - News), sebuah perusahaan induk yang ingin mengidentifikasi | ONG - Peluang pertumbuhan istilah di bidang keamanan tanah air, sistem informasi keamanan, dan layanan keamanan lainnya, hari ini mengumumkan bahwa mereka pian untuk menawarkan produk dan layanan yang akan dibantu dalam otomatisasi identifikasi dan pengendalian peralatan, aset, juga, dan juga Proses terkait yang digunakan dalam oi | & industri gas dan petrokimia. Meskipun SMail Wireiessly Networked RFID Sensor dapat memantau mesin dan peralatan untuk mendeteksi kemungkinan masalah sebelum menjadi serius, mereka dapat mengayunkan fitur keselamatan deiiver dalam Oi | Welis. oi | mungkin terperangkap dalam berbagai | Ayers of Rock, Aiong dengan gas dan air. Deteksi spesifik | Iquids dapat membantu peralatan dalam beroperasi dalam momen tepat yang tepat untuk memastikan kondisi buruk tertentu tidak terjadi, seperti filliing sumur dengan air. Seperti halnya aplikasi technoiogy berbasis RF lainnya, RFID juga dapat memberikan transit yang aman dari materiais hanya dengan pawang resmi, dan membatasi masuknya Personne | untuk spesifik | Ocations. Memastikan keselamatan personel sangat penting, jika ada keadaan darurat di fasilitas, tag RFID akan menjadi pelanggan untuk melacak dan mengevaluasi keselamatan dan / atau bahaya empioyee -nya. Teknologi aplikasi ini membutuhkan produk dan perangkat keras yang dapat beroperasi di Harsh dan Potentia | | y kondisi berbahaya, tetapi memberikan keselamatan yang berharga bagi sumber daya dan aset yang merupakan Vita | kepada pelanggan. RFID dapat membantu rantai pasokan pelanggan dengan melacak oi | , Gas, dan Chemica | Produk dari ekstraksi hingga pemurnian ke saie di retai | | evel. Sudut Pandang Vino seperti yang dinyatakan sebelumnya adalah bahwa aplikasi ini lebih dari sekadar vaiuable juga | ke industri pertambangan, tetapi sebagai ukuran perlindungan dari negara kita Natura | sumber daya dan komoditas terhadap ancaman. Pelestarian fueis dan sumber daya ini penting bagi keselamatan Anda. S . Industri dan Ekonomi. Perusahaan percaya bahwa penawaran layanan dan technoiogy penawaran seperti itu dalam industri minyak & gas dan petrokimia Wil | Posisi lebih lanjut Vinoble dalam industri yang berkembang pesat yang mengambil keuntungan dari akses ke modal yang meningkat dan gioba | Menghabiskan bahwa perusahaan itu | | membutuhkan pertumbuhan. Tujuan perusahaan adalah untuk AISO menyediakan layanan yang dibutuhkan dengan biaya yang dapat dikelola bahkan untuk SMA | | EST bisnis yang tidak mampu dilakukan tanpa keselamatan personel dan asetnya dalam keadaan ancaman terus -menerus saat ini. Ini adalah berita yang luar biasa. Potensi pertumbuhan untuk perusahaan ini luar biasa. Dalam industri yang sudah panas, VNBL. OB menonjol sebagai pelopor inovatif yang benar. Kami melihat hal -hal besar terjadi pada stok ini. Informasi dalam emai ini | Berisi ""pernyataan yang tampak maju"" dalam arti pasal 27 A dari Securities Act of 1933 dan Bagian 21 B dari Securities Exchange Act tahun 1934. Pernyataan apa pun yang mengekspresikan atau melibatkan diskusi sehubungan dengan prediksi, harapan, kepercayaan, pian, proyeksi, tujuan, tujuan, asumsi atau peristiwa atau kinerja di masa depan bukan pernyataan Historica | Fakta dan mungkin ""Maju | ooking pernyataan."" Maju | Pernyataan ooking didasarkan pada ekspektasi, perkiraan dan proyeksi pada saat pernyataan dibuat yang invoive sejumlah risiko dan ketidakpastian yang dapat menyebabkan aktua | Hasil atau peristiwa untuk berbeda materi | | y dari yang saat ini diantisipasi. Pernyataan yang tampak maju dalam tindakan ini dapat diidentifikasi melalui penggunaan kata -kata seperti ""proyek"", ""foresee"", ""harapkan"", ""wi | |,"" ""mengantisipasi,"" ""perkiraan,"" ""beiieves,"" ""memahami"" atau bahwa dengan pernyataan yang menunjukkan tindakan tertentu ""mungkin,"" ""couid,"" atau ""mungkin"" terjadi. Seperti halnya banyak stok mikro - CAP, perusahaan saat ini memiliki faktor risiko tambahan yang perlu diperhatikan. Faktor -faktor yang menghasilkan: riwayat operasi yang terbatas, Perusahaan memajukan uang tunai kepada pihak -pihak yang dirion dan pemegang saham secara tidak aman: satu vendor, pihak terkait melalui stockhoider mayoritas, memasok sembilan puluh - tujuh persen dari materia mentah perusahaan: Reiiance on on Dua pelanggan untuk lebih dari lima puluh persen dari bisnis mereka dan berbagai transaksi partai terkait dan kebutuhan untuk meningkatkan modal. Faktor -faktor ini dan yang lainnya lebih cepat dibuang dalam fiiings Sec Perusahaan. Kami mendorong Anda untuk membaca pengajuan sebelum Anda berinvestasi. Laporan Roket Stock tidak menyatakan bahwa informasi yang terkandung dalam pesan ini menyatakan Ail Materia | Fakta atau tidak menghilangkan fakta material yang diperlukan untuk membuat pernyataan di dalamnya tidak menyesatkan. AIL Informasi yang disediakan dalam emai ini | Berkenaan dengan investasi, saham, sekuritas harus dipahami sebagai informasi yang diberikan dan bukan nasihat investasi. Laporan Roket Saham memberi nasihat kepada semua pembaca dan pelanggan untuk meminta saran dari Profesional Terdaftar | Perwakilan sekuritas sebelum memutuskan untuk berdagang saham yang ditampilkan dalam email ini. Tidak ada materi dalam laporan ini Shal | ditafsirkan sebagai segala nasihat investasi atau ajakan. Banyak dari perusahaan -perusahaan ini berada di ambang kebangkrutan. Anda dapat kehilangan uang Anda dengan berinvestasi di saham ini. Penerbit Laporan Saham Rocket bukanlah penasihat investasi terdaftar. Pelanggan tidak boleh melihat informasi di sini sebagai | EGA | , nasihat pajak, akuntansi atau investasi. Referensi apa pun untuk kinerja masa lalu perusahaan secara khusus dapat direferensikan berdasarkan kinerja favorit perusahaan -perusahaan ini. Anda akan membutuhkan waktu yang tepat untuk mencapai resuit dalam eksampi yang diberikan. Tidak ada jaminan yang terjadi. Ingat, karena aiways, kinerja masa lalu tidak pernah menunjukkan hasil di masa depan dan upaya diiigensi yang menyeluruh, termasuk tinjauan pengajuan perusahaan, harus diselesaikan sebelum berinvestasi. Secara wasiat dengan Undang -Undang Sekuritas tahun 1933, Bagian 17 (b), laporan roket saham meredakan penerimaan tweive ribu doilar dari pihak ketiga (GEM, Inc.), bukan seorang perwira, direktur atau afiliasi saham untuk sirkidasi ini dari ini laporan . Permata, inc. memiliki posisi di stok yang mereka lalui | SE | | kapan saja tanpa pemberitahuan. Waspadai konfigurasi yang melekat pada resuit bunga dari kompensasi seperti itu karena fakta bahwa ini adalah iklan berbayar dan kami berkonflik. al | Factua | Informasi dalam laporan ini dikumpulkan dari sumber -sumber pubi, mendengus tetapi tidak terbatas pada situs web perusahaan, fiiings SEC dan rilis pers perusahaan. Laporan Roket Stock Beiieves Informasi ini untuk menjadi reliabie tetapi tidak dapat membuat jaminan tentang keakuratan atau kesukaannya. Penggunaan Materia | Dalam email ini merupakan penerimaan Anda atas Ketentuan ini."
spam,Simpan uang Anda beli untuk mendapatkan barang ini di sini Anda belum mencoba ciall? Daripada Anda bahkan tidak bisa membayangkan bagaimana rasanya menjadi pria sejati di tempat tidur! Masalahnya adalah bahwa errrectlon yang hebat disediakan untuk Anda tepat saat Anda mau. Cialis memiliki banyak keunggulan dibandingkan viagra - efek IASTS 36 jam! - Anda siap untuk memulai hanya dalam 10 menit! - Anda bisa mencampurnya dengan Aicohol! Kami mengirim ke negara mana pun! Dapatkan sekarang! .
spam,"Tidak Terkirim: Bisnis Berbasis Rumah Untuk Orang Tata Subjek Pesan Anda: Bisnis Berbasis Rumah Untuk Orangtua Dikirim: Sun, 21 Jan 2001 09: 24: 27 + 0100 tidak mencapai penerima berikut: 75 @ tfi. KPN. com on Mon, 25 Feb 2002 13: 32: 23 + 0100 Nama penerima tidak dikenali MTS - ID dari pesan asli adalah: C = US; a =; p = ptt telekomunikasi; L = MTPI 705902022251232 FJT 4 D 8 Q 5 MSEXCH: IMS: KPN - Telekomunikasi: I: MTPI 7059 0 (000 Co 5 A 6) Penerima yang Tidak Diketahui"
spam,Simpan uang Anda beli untuk mendapatkan barang ini di sini Anda belum mencoba ciall? Daripada Anda bahkan tidak bisa membayangkan bagaimana rasanya menjadi pria sejati di tempat tidur! Masalahnya adalah bahwa errrectlon yang hebat disediakan untuk Anda tepat saat Anda mau. Cialis memiliki banyak keunggulan dibandingkan viagra - efeknya berlangsung 36 jam! - Anda siap untuk memulai hanya dalam 10 menit! - Anda bisa mencampurnya dengan Aicohoi! Kami mengirim ke negara mana pun! Dapatkan sekarang! .
spam,"Las Vegas High Rise Boom Las Vegas dengan cepat menjadi kota metropolitan utama! 60 + Menara bertingkat tinggi baru diharapkan akan dibangun di dan sekitar strip Las Vegas dalam 3 - 4 tahun ke depan, itu 30.000 + kondominium! Boom ini baru saja dimulai! beli dulu. . . Fase awal, harga pra -konstruksi sekarang tersedia di Las Vegas High Rises termasuk Trump, Cosmopolitan, MGM, Turnberry, Icon, Sky, antara lain. Bergabunglah dengan Daftar Minat: http: / / www. verticallv. Pesan com telah dikirimkan kepada Anda oleh Realty One Highrise. Pelajari lebih lanjut di www. verticallv. comif Anda ingin dikecualikan dari surat di masa mendatang, tolong balas dengan kata hapus di baris subjek."
spam,Simpan uang Anda beli untuk mendapatkan barang ini di sini Anda belum mencoba ciall? Daripada Anda bahkan tidak bisa membayangkan bagaimana rasanya menjadi pria sejati di tempat tidur! Masalahnya adalah bahwa Errrectlon yang hebat disediakan untuk Anda saat Anda mau. Ciaiis memiliki IoT advantaqes atas viagra - efek IASTS 36 jam! - Anda siap untuk memulai hanya dalam 10 menit! - Anda bisa mencampurnya dengan Aicohol! Kami mengirim ke negara mana pun! DAPATKAN RIQHT SEKARANG! .
spam,"mencerahkan gigi itu membuat gigi Anda putih cerah sekarang! Sudahkah Anda mempertimbangkan pemutihan gigi profesional? Jika demikian, Anda tahu biasanya harganya antara $ 300 dan $ 500 dari dokter gigi setempat! Kunjungi situs kami untuk mempelajari cara memutihkan gigi Anda secara profesional, menggunakan sistem pemutih yang sama persis yang digunakan dokter gigi, dengan sedikit biaya! Inilah yang Anda dapatkan: Kami akan menunjukkan kepada Anda apa yang harus dicari dalam sistem pemutih! Kami akan menunjukkan kepada Anda perbandingan semua produk yang tersedia saat ini, termasuk biayanya! Kami tahu produk kami adalah yang terbaik di pasaran, dan kami mendukungnya dengan jaminan uang kembali 30 hari! Klik di sini untuk mempelajari lebih lanjut! Anda menerima email ini sebagai anggota jaringan afiliasi internet. Jika Anda tidak lagi ingin menerima promosi khusus melalui email dari jaringan afiliasi internet, lalu klik di sini untuk berhenti berlangganan"
spam,"Fenomena Wall Street mendapatkan hadiah kecil - Cap Stock Finder Perkembangan baru yang diharapkan untuk memindahkan Western Sierra Mining, inc. stok dari $ 0. 70 hingga lebih dari $ 4. 0 o Westernsierramining. Com Western Sierra Mining adalah perusahaan yang sedang bergerak, cepat! Berita besar keluar! Bisnis besar sedang berlangsung untuk WSRM! Baca terus untuk mengetahui mengapa WSRM adalah pilihan teratas kami minggu ini. * Western Sierra Mining memiliki mode bisnis yang sangat Profitabie | di mana mereka menghindari rekan dengan biaya tertinggi dengan pertambangan: eksplorasi. Pada dasarnya, Wester Sierra mengoperasikan tambang di situs -situs yang telah ditentukan sebelumnya dan ternyata ""terlalu kecil"" untuk | Perusahaan Pertambangan Argest, namun STI | | menghasilkan keuntungan yang bagus. * Gioba | Boom Industri Pertambangan WI | | Lanjutkan untuk masa depan peramal karena dampak China - mendorong permintaan pada harga komoditas dan | Ong Suppiy - Waktu Pimpin Respons. * Berita! Berita! Berita! Baca terus untuk mencari tahu mengapa kami berharap WSRM lepas landas minggu ini! Berikut ini adalah berita terbaru tentang perusahaan: Phoenix - - (Kawat Bisnis) - - 15 Juni, 2 OO 5 - - Western Sierra Mining Corp. (Pink Sheets: WSRM - News) mengumumkan hari ini bahwa dewan direksi telah menyetujui dan mengesahkan 2 - untuk - 1 split maju dari yang dikeluarkan dan beredar S - Tock to al | Sharhoiders of Record pada 26 Juni 2005. Perusahaan menyatakan bahwa alasan spiit adalah untuk | | OW Investor tambahan untuk berpartisipasi dalam tujuan dan tujuan jangka panjang Barat. Phoenix - - (Wire Business) - - 10 Juni, 20 O 5 - - Penambangan Sierra Barat (Lembar Merah Muda: WSRM - Berita) dan Oretech Inc. (Pink Sheets: Orte - News) hari ini mengumumkan bahwa dewan direksi masing -masing telah sepakat untuk menandatangani perjanjian untuk mengembangkan tambang Silver Plume dan Pittsburg | berakar di Coiorado. Mengomentari transaksi yang diusulkan, presiden Western Sierra Mining, Michael Chaffee, mengatakan, ""Aiignment baru dengan Oretech Wil | Aliow masing -masing perusahaan untuk memanfaatkan keahlian spesifik mereka untuk manfaat maksimal yang lain. Oretech berusaha untuk fokus pada fokus mengembangkan technoiogy ekstraksi kepatutannya dan Barat memperluas kegiatan penambangannya di U. Wire) - - 3 Juni 2005 - - Penambangan Sierra Barat (Lembar Merah Muda: WSRM - Berita) hari ini mengumumkan bahwa mereka telah menandatangani surat niat dengan Asdi Corp. Memberikan WSRM hak untuk melakukan deveiop properti ASDI yang terletak di Crescent Vailey di Battle di Battle Mountain, Nev. Kami tidak dapat cukup menekankan pentingnya berita ini. A S - Tock Spiit dapat berarti satu hal; bisnis yang baik! Dengan tanggal spiit yang ditetapkan pada 26 Juni, sekarang sudah jelas waktu untuk masuk. dengan repsect ke berita lain, itu SMA | | Perusahaan seperti ini akan memiliki hak atas properti kaya ini berbicara banyak untuk manajemen mereka dan pendapatan dekat - di masa depan. Bahwa mereka akan sangat beruntung sehingga dinyatakan dengan perintis industri seperti Oretech tidak kalah luar biasa. Peristiwa kebetulan ini telah mendapatkan WSRM Simbol Rekomendasi yang sangat kami Rekomendasi: (WSRM) Harga Saat Ini: o. 70 Harga Target Jangka Pendek: 4. 6 o 12 bulan Harga Target: 8. 9 o * * * Berita dari industri * * * * Penambangan S - Tocks telah mengungguli baik S&P 500 dan rata -rata industri Dow Jones selama tiga tahun terakhir. * Keuntungan oleh perusahaan pertambangan telah dua kali lipat untuk tahun kedua berturut -turut. Return on Equity telah meningkat hampir tiga - lipatan selama dua tahun terakhir * harga waterhouse waterhouse calis for ""... tahun bumper lain untuk industri pertambangan global di 2 oo 5."" Mereka melanjutkan dengan mengatakan, ""peningkatan komoditas yang berkelanjutan dalam komoditas Harga telah menarik perhatian investor, menciptakan tanda hubung untuk penambangan - Tocks. Tambahkan laba yang belum pernah terjadi sebelumnya dan arus kas gratis dan kami memiliki industri yang sangat ringan. ""Untuk informasi lebih lanjut, saya - masukkan naga, dengan harga waterhouse coopers, yang ditemukan di Pwcglobal. COM Penafian: Informasi dalam Emai ini | Berisi ""pernyataan yang tampak maju"" dalam arti pasal 27 A dari Securities Act of 1933 dan Bagian 21 B dari Securities Exchange Act tahun 1934. Pernyataan apa pun yang mengungkapkan atau melibatkan diskusi sehubungan dengan prediksi, harapan, kepercayaan, pian, proyeksi, tujuan, goais, asumsi atau peristiwa atau kinerja di masa depan bukan pernyataan fakta historis dan mungkin ""pernyataan maju | Berdasarkan ekspektasi, perkiraan dan proyeksi pada saat pernyataan dibuat yang melibatkan sejumlah risiko dan ketidakpastian yang dapat menyebabkan resuit atau peristiwa aktual berbeda secara material dari yang saat ini diantisipasi. Maju | Pernyataan ooking dalam tindakan ini dapat diidentifikasi melalui penggunaan kata -kata seperti ""proyek"", ""meramalkan"", ""mengharapkan"", ""wiil,"" ""mengantisipasi,"" ""perkiraan,"" ""percaya,"" ""memahami"" atau bahwa dengan pernyataan menunjukkan tindakan tertentu ""mungkin,"" ""couid,"" atau ""mungkin"" terjadi. Seperti halnya banyak mikro - cap s - tocks, perusahaan saat ini memiliki faktor risiko tambahan yang perlu diperhatikan. Faktor -faktor tersebut memberikan: A | Riwayat operasi yang ditiru, Perusahaan memajukan uang tunai kepada pihak -pihak terkait dan pemegang saham secara tidak aman: satu vendor, pihak yang dirahaja melalui mayoritas - Tockhoider, suppiies sembilan puluh - tujuh persen dari bahan baku perusahaan: reiiance pada dua pelanggan untuk Lebih dari lima puluh persen dari bisnis mereka dan banyak transaksi partai yang diriasi dan kebutuhan untuk meningkatkan modal. Faktor -faktor ini dan lainnya lebih sepenuhnya dijabarkan dalam fiiings Sec Perusahaan. Kami mendorong Anda untuk membaca pengajuan sebelum Anda berinvestasi. Laporan Roket Stock tidak menyatakan bahwa informasi yang terkandung dalam pesan ini menyatakan Ail Materia | fakta atau tidak menghilangkan materi | Fakta diperlukan untuk membuat pernyataan di dalamnya tidak menyeriakan. A | | Informasi yang diberikan dalam email ini yang berkaitan dengan investasi, saham, sekuritas harus dipahami sebagai informasi yang diberikan dan bukan saran investasi. Laporan roket saham memberi nasihat kepada semua pembaca dan pelanggan untuk meminta saran dari perwakilan sekuritas profesional terdaftar sebelum memutuskan untuk berdagang saham yang ditampilkan dalam email ini. Tidak ada materi dalam laporan ini yang ditafsirkan sebagai segala nasihat investasi atau ajakan. Banyak dari perusahaan -perusahaan ini berada di ambang kebangkrutan. Anda bisa | ose al | Bersama Anda * dengan berinvestasi di saham ini. Penerbit Laporan Saham Rocket bukanlah penasihat investasi terdaftar. Pelanggan tidak akan melihat informasi di sini sebagai | Saran egal, pajak, akuntansi atau investasi. Referensi apa pun untuk kinerja masa lalu perusahaan secara khusus dipilih untuk direferensikan berdasarkan kinerja yang menguntungkan dari perusahaan -perusahaan ini. Anda akan membutuhkan waktu yang tepat untuk mencapai resuit dalam eksampi yang diberikan. Tidak ada jaminan yang terjadi. Ingat, karena aiways, kinerja masa lalu tidak pernah menunjukkan hasil di masa depan dan upaya uji tuntas yang menyeluruh, membuat tinjauan atas fiiings perusahaan, harus diselesaikan sebelum berinvestasi. Secara wasiat dengan Undang -Undang Sekuritas tahun 1933, Bagian 17 (b), laporan roket saham mengungkapkan penerimaan dua belas ribu doilar dari pihak ketiga (GEM, Inc.), bukan seorang perwira, direktur atau afliiiate sharhoider untuk peredaran hal ini laporan . Permata, inc. memiliki posisi di stoc * k mereka wi | | Seil kapan saja tanpa pemberitahuan. Waspadai konfigurasi yang melekat pada resuit bunga dari kompensasi seperti itu karena fakta bahwa ini adalah iklan berbayar dan kami berkonflik. Ail Factua | Informasi dalam laporan ini dikumpulkan dari sumber -sumber pubi, termasuk tetapi tidak | ditiru ke situs web perusahaan, fiiings dan perusahaan pers perusahaan. Laporan Rocket Sto * CK percaya informasi ini dapat digunakan kembali tetapi tidak dapat membuat jaminan tentang keakuratan atau kesombongannya. Penggunaan Materia | Dalam email ini merupakan penerimaan Anda atas Ketentuan ini."
spam,"PEMBERITAHUAN FPA: Ebay Misrepresentasi identitas - Suspensi Pengguna - Bagian 9 - Anggota Ebay yang Terhormat, dalam upaya untuk melindungi keamanan akun eBay Anda, kami telah menangguhkan akun Anda sampai saat itu dapat dipulihkan dengan aman kepada Anda. Kami telah mengambil tindakan ini karena akun Anda mungkin telah dikompromikan. Meskipun kami tidak dapat mengungkapkan prosedur investigasi kami yang mengarah pada kesimpulan ini, ketahuilah bahwa kami mengambil tindakan ini untuk menjaga keamanan akun Anda. Untuk instruksi untuk mendapatkan akun Anda dipulihkan, silakan klik tombol di bawah: Terima kasih atas kesabaran dan kerja sama Anda. Salam, SafeHarbor Departmentebay Inc."
spam,"Posisi mesin pencari menjadi daftar pertama di mesin pencari teratas segera. Perusahaan kami sekarang akan menempatkan bisnis apa pun dengan situs web yang memenuhi syarat secara permanen di bagian atas mesin pencari utama yang dijamin tidak akan pernah bergerak (mis: yahoo !, msn, alta vista, dll.). Promosi ini mencakup lalu lintas tanpa batas dan tidak akan bertahan lama. Jika Anda tertarik untuk dijamin posisi pertama di mesin pencari teratas dengan biaya promosi, silakan hubungi kami segera untuk mengetahui apakah Anda memenuhi syarat melalui email di SearchL 1 @ Telefonica. net. PE itu sangat penting untuk memasukkan URL jika Anda tertarik untuk mempromosikan! ! ! Ini bukan pembayaran per klik. Contoh akan diberikan. Promosi ini hanya berlaku di AS dan Kanada. Hormat kami, spesialis penempatan mesin pencari jika Anda ingin dihapus dari daftar ini, harap tanggapi alamat email berikut dan ketik kata ""hapus"" di baris subjek Anda: cari 6 @ speedy. com. pe"
spam,"Hanya perangkat lunak kami yang dijamin 100 % legal. Nama - Perangkat lunak merek dengan harga rendah, rendah, rendah, rendah semuanya datang kepadanya yang bergegas saat dia menunggu. Banyak yang akan menjadi pengecut jika mereka cukup berani."
spam,"Perangkat lunak terlokalisasi, semua bahasa tersedia. Halo, kami ingin menawarkan versi perangkat lunak yang terlokalisasi (Qerman, Prancis, Spanyol, Inggris, dan banyak lainnya). Semua perangkat lunak IISTED tersedia untuk diunduh segera! Tidak perlu menunggu 2 - 3 minggu untuk CD Deiivery! Hanya sedikit eksampi: - Norton Lnternet Security Pro 2005 - $ 29. 95 - Windows XP Professional dengan SP 2 Fuil Version - $ 59. 95 - Corei Draw Graphics Suite 12 - $ 49. 95 - Dreamweaver MX 2004 (Homesite 5. 5 termasuk) - $ 39. 95 - Macromedia Studio MX 2004 - $ 119. 95 Cukup telusuri situs kami dan temukan perangkat lunak apa pun yang Anda butuhkan di iNIGIAQE asli Anda! Reqards Terbaik, Lauraiee"
spam,Peringatan Keamanan - Konfirmasikan Informasi Credit Union Nasional Anda - ->
spam,"STEMBER STEMEN WEB CELESA JRGBM Para profesional TI yang Dear, Punya masalah atau ide yang Anda butuhkan solusi untuk? Tidak yakin berapa biayanya sehingga Anda dapat menganggarkan sesuai? Berikan detailnya dan kami akan dengan senang hati mengirimi Anda kutipan ruang lingkup proyek gratis yang mencakup semua detail yang perlu Anda ketahui dan variabel yang perlu dipertimbangkan. Kami akan dengan senang hati memberikan solusi pemotongan untuk tantangan TI Anda pada kualitas yang setara atau lebih unggul dari yang ditawarkan oleh perusahaan domestik, tetapi pada sebagian kecil dari biaya pembangunan domestik. Kami mewakili sejumlah perusahaan yang mapan yang dikelola dengan lebih dari 1000 pengembang perangkat lunak yang memenuhi syarat dengan catatan berhasil menyelesaikan ratusan proyek kecil dan menengah dan puluhan proyek skala luas untuk perusahaan Fortune 100. Dari analisis bisnis dan konsultasi hingga desain web, dari pengkodean hingga pengujian dan porting, kami memberikan siklus penuh layanan TI! Bekerja di - situs maupun lepas pantai spesialis kami mengembangkan dan mengintegrasikan aplikasi bisnis internet / intranet / ekstranet aplikasi bisnis, sistem crm e - bisnis (b 2 b, b 2 c) solusi aplikasi seluler dan aplikasi nirkabel. lagi . . . Kualitas kami didasarkan pada kemitraan yang dikembangkan dengan penyedia teknologi TI terkemuka, proyek modern dan manajemen kualitas dan sumber daya manusia eksklusif! untuk info lebih lanjut. . . klik disini ! ! ! Harap sertakan nomor telepon Anda, dan kami akan dengan senang hati menghubungi Anda! Solusi IT hemat biaya! Tim spesialis yang berpengalaman! Tarif yang wajar! Kutipan Gratis! ! Berikut adalah daftar beberapa teknologi dan platform yang digunakan oleh spesialis kami untuk membawa Anda hanya solusi terbaik, paling efisien dan biaya - efektif: platform aplikasi. :. net. : java 2 ee. : IBM WebSphere Suite. : Lotus Domino. : Bea WebLogic. : Sistem operasi ColdFusion. : windows ,. : unix. : database IBM. : MS SQL. : Oracle. : db 2. : foxpro. : informix. : Sybase Standar IT. : ActiveX, com. : asp. : Corba. : JDBC. : ODBC. : WAP, WML untuk info lebih lanjut. . . klik disini ! ! ! Harap sertakan nomor telepon Anda, dan kami akan dengan senang hati menghubungi Anda! Jika Anda menerima surat ini secara tidak sengaja, silakan klik Transmisi UCE berhenti berlangganan dapat dihentikan tanpa biaya kepada penerima dengan mengirim balasan dengan kata 'hapus' di baris subjek. (Ref. U. S. RUU Senat 1618, Judul # 3, Bagian 301)"
spam,"Med apa pun untuk gadis Anda bahagia! Gadis Anda tidak puas dengan potensi Anda? Jangan tunggu sampai dia menemukan pria lain! Klik di sini untuk memilih dari berbagai macam cinta llcensed t @ bs! Pri $ es terbaik, shippinq cepat dan efek yang dijamin! Di sini Anda membelinya dari gudang! Toko ini diverifikasi oleh BBB dan disetujui oleh Visa!"
spam,"Re: Elektronik yang dapat dikenakan Hai, nama saya Jason, saya baru -baru ini mengunjungi www. Clothingplus. fi / dan ingin menawarkan layanan saya. Kami dapat membantu Anda dengan situs web elektronik yang dapat dikenakan. Kami membuat situs web yang berarti bisnis untuk Anda! Inilah bagian terbaik, setelah kami membuat ulang situs Anda di pengaturan awal, kami memberi Anda panel kontrol master yang ramah. Anda sekarang memiliki kemampuan untuk dengan mudah menambahkan atau menghapus salin, teks, gambar, produk, harga, dll. Saat Anda mau! Saya akan dengan senang hati menghubungi Anda dan melakukan brainstorming beberapa ide. Salam - Jasononline Store CreatorStoll GRATIS: 800 - 658 - 9978 EXT: 206 http: / / www. . com"
spam,"Logo Top - Level dan Identitas Bisnis Citra perusahaan dapat mengatakan banyak hal tentang perusahaan Anda. Ritme hidup kontemporer terlalu dinamis. Terkadang dibutuhkan beberapa detik untuk perusahaan Anda diingat atau hilang di antara pesaing. Dapatkan logo, alat tulis bisnis, atau situs web Anda selesai sekarang! Turnaround cepat: Anda akan melihat varian Severai ioqo dalam tiga hari kerja. Kepuasan Karanted: Kami memberikan perubahan dalam jumlah yang tidak terbatas; Anda dapat yakin: Ini akan memenuhi kebutuhan Anda dan sesuai dengan bisnis Anda. Diskon yang dapat dilakukan: Peningkatan IOGO, format tambahan, pesanan curah, paket khusus. Desain Kreatif untuk Harga Kompetitif: Mulailah saat ini!"
spam,"Sumber tepercaya Anda untuk obat resep. resep obat generik terbaik 4 kurang. Kemarahan adalah salah satu pendosa jiwa. Tulis apa yang Anda suka; tidak ada aturan lain. Pertanyaan hidup yang paling mendesak adalah: Apa yang Anda lakukan untuk orang lain? Emas untuk teman -teman, memimpin musuh."
spam,mengandalkan kami untuk pemesanan resep online Anda. Anda di - sumber informasi kesehatan Anda Kesimpulan adalah tempat di mana Anda bosan berpikir. Seorang pria melukis dengan otaknya dan bukan dengan tangannya. Seorang penyair lebih dari tiga puluh tahun hanyalah anak yang ditumbuhi. Seseorang harus selalu bermain secara adil ketika seseorang memiliki kartu yang menang.
spam,"Teka -teki seperti air mancur memacu batu, pelanggan kami berbicara: ""Pacar saya dan saya telah benar -benar menikmati membuat film erotis buatan sendiri. Kami lepas karena berpura -pura menjadi seperti bintang porno meskipun hanya akan pernah menjadi kami berdua adalah bahwa kami berdua seperti itu, kami berdua seperti itu, itulah itulah yang merupakan hal seperti itu seperti itulah itulah seperti itulah itulah seperti itulah itulah seperti itulah itulah seperti itulah itulah seperti itulah itulah itulah itulah Lihat mereka. Satu hal yang benar -benar hilang dari film kami adalah uang bidikan dan sejujurnya saya beruntung jika uang saya bernilai satu dolar. Saya memesan taji - dan sekarang semua film rumahan kami berakhir dengan air mani raksasa Tembakan yang akan membuat bintang porno veteran cemburu. Terima kasih Spur - M karena telah membantu meningkatkan kehidupan seks kita! ""Anthony, Ky"" Spur - M benar -benar berhasil. Ini telah meningkatkan motilitas sperma dan morfologi saya ke titik bahwa pacar saya sekarang sekarang Hamil. Campuran kesuburan ini benar -benar membantu meningkatkan kesuburan pria dan kualitas sperma! ""Adam J. , San Francisco, USA http: / / karla. secara choral. com / spur /? Domba tidak perlu diganggu? Buka di sini http: / / romano. secara choral. com / rm. php"
spam,Apakah Anda kalah? Jawabannya akan membuat Anda takjub! ? Menghubungkan bisnis Anda ke World Wide Web? Berapa banyak pembeli yang kalah? sosok itu akan Anda lakukan! Bagaimana kabarmu? Mereka tidak dapat menemukan situs web Anda! Persamaan sederhana notbeing ditemukan = kehilangan pelanggan baru! kita bisa mengubahnya! hanya dengan $ 119. 97 Kami akan mengirimkan situs web Anda ke lebih dari 360 mesin pencari utama di seluruh dunia (lihat daftar lengkap di situs web kami.) Tetapi lebih dari itu kami akan meneliti tag meta dan kata kunci yang terbaik dan paling efektif untuk digunakan di situs web Anda sehingga Anda Akan naik dalam pencarian enginelisting sehingga pelanggan baru dapat menemukan Anda! Jangan kehilangan pelanggan lagi! Biarkan kami mengelola secara profesional pengiriman situs web Anda dan dapatkan itu dan terlihat di mesin pencari dunia! Klik di tautan ini klik di sini! untuk menemukan kekuatan? Menghubungkan bisnis Anda ke World Wide Web?
spam,hai cara menghemat o yang tidak patut di medlcatlons Anda lebih dari 70 %. Pha Oviform RMZmail Shop - Sukses dan cara terbukti untuk menyelamatkan y Lansquenet Ey mon cribriform kami. Pothouse v a kecuali g a eceblink l l Warmish u bacchic l nonary ra coruscate cl i placatory n necrology val finish m and doyterother. * terbaik prl kesal * di seluruh dunia shpled lpplng * Total percaya diri tawa ty * lebih dari 5 miliion custom slicker ers memiliki hari countermine yang menyenangkan!
spam,25 mg melakukan trik ho piutang untuk menghemat medlcatlons Anda lebih dari 70 %. Pharmz Ibidem Mail Shop - Successfu Panoramic LL dan cara terbukti untuk menyimpan uang Anda. Incommodous v a Forsaken g a poseur l l foreshown u inornate l r proposer ac tangensial l Banian ditugaskan val austerity m anddanyother. * Best p rousing rlces * Panjandrum di seluruh dunia shlpplng * Total IAiity televisi yang percaya diri * lebih dari 5 milion pelanggan yang tidak berdarah ha bionics ve a nice day!
spam,Simpan uang Anda beli untuk mendapatkan barang ini di sini Anda belum mencoba ciall? Daripada Anda bahkan tidak bisa membayangkan bagaimana rasanya menjadi pria sejati di tempat tidur! Masalahnya adalah bahwa errrectlon yang hebat disediakan untuk Anda tepat saat Anda mau. Cialis memiliki banyak keunggulan dibandingkan viagra - efeknya berlangsung 36 jam! - Anda siap untuk memulai hanya dalam 10 menit! - Anda bisa mencampurnya dengan Aicohol! Kami mengirim ke negara mana pun! Dapatkan sekarang! .
spam,Ingin menerima kartu kredit? 126432211 aredit cpproved no cecks do It Now 126432211
spam,"[ILUG] Mencari kemitraan Anda, mitra tersayang, pertama, saya harus meminta maaf kepada Anda karena menggunakan media ini untuk berkomunikasi kepada Anda tentang proyek ini. Saya seorang pejabat tinggi pemerintah Nigeria dan juga anggota pendiri Partai yang berkuasa sekarang, Partai Demokratik (PDP). Komite saya - Niger Delta Development Corporation (NDDC) - yang bertugas mengelola dan mengawasi pencairan pendapatan penjualan minyak untuk pemerintah Nigeria. Pendapatan di bawah kendali kami mencapai beberapa ratus juta dolar setiap bulan. Diri saya dan kolega lain di NDDC saat ini membutuhkan mitra asing dengan rekening bank yang kami akan mentransfer jumlah empat puluh sembilan juta lima ratus dolar Amerika Serikat ($ 49. 5 m). Dana ini diperoleh kami sebagai Komisi Kontrak Penjualan Minyak yang ditangani di bawah pengawasan kami. Dana tersebut saat ini menunggu di akun pemerintah bernama CBN / FGN Nomor Akun Pendapatan Independen 400 - 939134 dengan J. P . Morgan Chase Bank, New York. Anda dapat melakukan verifikasi independen tentang ini. Namun, berdasarkan posisi kami sebagai pegawai negeri dan anggota NDDC, kami tidak dapat memperoleh dana ini atas nama kami. Ini karena sebagai pegawai negeri sipil, kami tidak diizinkan oleh hukum tanah untuk memiliki atau mengoperasikan rekening bank di luar negara kami untuk saat ini. Saya telah didelegasikan sebagai masalah kepercayaan oleh rekan -rekan saya, untuk mencari mitra di luar negeri yang akunnya kami akan mentransfer dana maka alasan untuk surat ini. Kami akan mentransfer uang ke akun Anda dengan perusahaan Anda karena kami akan menyajikan perusahaan Anda sebagai perusahaan asing terdaftar di Nigeria dan Anda telah dibayar untuk kontrak yang Anda jalankan untuk negara kami melalui NDDC dan kementerian federal lainnya yang kami putuskan yang kami putuskan untuk digunakan untuk menyedot dana. Untuk dukungan dan kemitraan Anda, harap balas saya untuk menegosiasikan biaya Anda atau persentase yang ingin Anda bayarkan ketika dana tiba rekening bank Anda. Namun Anda harus mencatat bahwa transaksi ini, sehubungan dengan disposisi kami untuk melanjutkan bersama Anda, tunduk pada ketentuan ini. Pertama, keyakinan kami atas transparansi Anda. Kedua, Anda memperlakukan transaksi ini dengan kerahasiaan dan kerahasiaan tertinggi. Akhirnya dan di atas segalanya, bahwa Anda akan memberikan akun yang Anda miliki. Transaksi, meskipun diskrit, sah dan tidak ada risiko atau kerugian hukum baik untuk diri kita sendiri maupun diri Anda sekarang atau di masa depan karena kami telah menempatkan McHineries sempurna yang akan memastikan transfer bebas hambatan ke akun Anda setelah penerimaan. Transfer akan dilakukan ke akun Anda dalam waktu sepuluh - empat belas (10 - 14) hari kerja segera setelah kami mencapai perjanjian dan Anda memberi saya rekening bank yang sesuai dan nama perusahaan dan alamat dengan semua nomor kontak Anda termasuk nomor faks. Saya berharap dapat melakukan bisnis dengan Anda dan meminta kerahasiaan Anda dalam transaksi ini, silakan kirimkan tanggapan Anda kepada saya. Hormat saya, Anderson k. ESEIMOKU - - Grup Pengguna Linux Irlandia: ILUG @ Linux. yaitu http: / / www. Linux. IE / Mailman / ListInfo / ILUG untuk (UN) Informasi Berlangganan. Daftar Pemelihara: ListMaster @ Linux. yaitu"
spam,"[ILUG] Dijamin kehilangan 10 - 12 lbs dalam 30 hari 10. 206 1) Lawan risiko kanker! 2) Slim Down - Dijamin kehilangan 10 - 12 lbs dalam 30 hari 3) Dapatkan dukungan anak yang layak Anda dapatkan - Nasihat Hukum Gratis 4) Bergabunglah dengan Komunitas Single Berkuat Cepat Web 5) Mulai album foto pribadi Anda secara online! Semoga hari Anda menyenangkan, tawarkan manajer Prizemama jika Anda ingin meninggalkan daftar ini, silakan gunakan tautan di bawah ini. - - Grup Pengguna Linux Irlandia: ILUG @ Linux. yaitu http: / / www. Linux. IE / Mailman / ListInfo / ILUG untuk (UN) Informasi Berlangganan. Daftar Pemelihara: ListMaster @ Linux. yaitu"
spam,"Re: hanya untuknya. . . Mdaemon telah mengidentifikasi pesan Anda sebagai spam. itu tidak akan dikirimkan. Dari: Projecthoneypot @ ProjecThoneypot. org ke: s. Denham @ Capitalspreads. Com Subjek: * * * Spam * * * Skor / Req: 25. 38/08. 00 - hanya untuknya. . . Pesan - ID: Ya, hit = 25. 4 diperlukan = 8. 0 tes = ab _ uri _ rbl, html _ 50 _ 60, html _ fontColor _ merah, html _ pesan, mime _ html _ saja, spamcop _ uri _ rbl, ws _ uri _ rbl autolearn = no versi = 2. 64 * * * * * * * * * * * * * * * * * * * * * * * * * * 0. 1 html _ fontcolor _ bodi merah: html warna font merah * 0. 2 html _ 50 _ 60 Body: Pesan adalah 50 % hingga 60 % html * 0. 1 mime _ html _ Hanya tubuh: hanya pesan memiliki teks / html bagian mime * 0. 0 html _ Badan pesan: html termasuk dalam pesan * 8. 0 SPAMCOP _ URI _ RBL URI Domain muncul dalam database SpamCop di SC. Surbl. org * [bjefladghikm. ekstra - m. Info daftar hitam di URI] [RBL at Multi. Surbl. org] * 9. 0 WS _ URI _ RBL URI Domain muncul dalam database WS di WS. Surbl. org * [bjefladghikm. ekstra - m. Info daftar hitam di URI] [RBL at Multi. Surbl. org] * 8. 0 AB _ URI _ RBL URI Domain muncul di AB. Surbl. org * [bjefladghikm. ekstra - m. Info daftar hitam di URI] [RBL at Multi. Surbl. org]: pesan berisi lampiran file [1]"
spam,"Judul Perangkat Lunak MS 2003 Tersedia untuk Unduh Opt - Dalam email penawaran khusus berhenti berlangganan saya pencarian perangkat lunak teratas 10 judul baru yang dijual sekarang! 1 Office Pro 20032 Adobe Photoshop 9. 03 Windows XP Pro 4 Adobe Acrobat 7 Pro 5 Flash MX 20046 Corel Draw 127 Norton Antivirus 20058 Windows 2003 Server 9 Alias ​​Maya 6 Wavefrtl 0 Adobe Illustrator 11 Lihat lebih lanjut oleh pabrikan ini pelanggan Microsoft Symantec Adobe juga membeli barang -barang lainnya. . . Edisi Profesional Microsoft Office * 2003 * MicrosoftChoose: Lihat Judul Lainnya Daftar Harga: $ 499. Harga 00: $ 69. 99 Anda menghemat: $ 429. 01 (86 %) Ketersediaan: Tersedia untuk diunduh instan! Kode Kupon: 3 ff 9 KUC Peringkat Penjualan: # 1 Persyaratan Sistem | Kupon Tanggal Versi Lain Berakhir: 31 Agustus, 2005 Ulasan Pelanggan Rata -rata: Berdasarkan 15177 ulasan. menulis review . Adobe Photoshop CS 2 V 9. 0 Adobechoose: Lihat Judul Lainnya Daftar Harga: $ 599. Harga 00: $ 69. 99 Anda menghemat: $ 529. 01 (90 %) Ketersediaan: Tersedia untuk diunduh instan! Kode Kupon: ZXGHLAJF Peringkat Penjualan: # 2 Persyaratan Sistem | Kupon Tanggal Versi Lain Berakhir: 31 Agustus, 2005 Ulasan Pelanggan Rata -rata: Berdasarkan 1148 ulasan. menulis review . Microsoft Windows XP Professional atau Longhorn Edition Microsoftchoose: Lihat Judul Lainnya Daftar Harga: $ 279. Harga 00: $ 49. 99 Anda menghemat: $ 229. 01 (85 %) Ketersediaan: Tersedia untuk unduhan instan! Kode Kupon: Ho 7 Urce Penjualan Peringkat: # 3 Persyaratan Sistem | Kupon Tanggal Versi Lain Berakhir: 31 Agustus, 2005 Ulasan Pelanggan Rata -rata: Berdasarkan Ulasan 195546. menulis review . Adobe Acrobat Professional v 7. 0 Adobechoose: Lihat Judul Lainnya Daftar Harga: $ 499. Harga 00: $ 69. 99 Anda menghemat: $ 429. 01 (85 %) Ketersediaan: Tersedia untuk unduhan instan! Kode Kupon: PL 92 BOHSG Peringkat Penjualan: # 4 Persyaratan Sistem | Kupon Tanggal Versi Lain Berakhir: 31 Agustus, 2005 Ulasan Pelanggan Rata -rata: Berdasarkan 156489 ulasan. menulis review ."
spam,"Pemberitahuan Kegagalan Hai. Ini adalah program Qmail - Kirim di Gigas. kunci. menjadi . Saya takut saya tidak dapat mengirimkan pesan Anda ke alamat berikut. Ini adalah kesalahan permanen ; aku sudah menyerah . Maaf itu tidak berhasil. : Alamat ini tidak lagi menerima surat. - - - Di bawah baris ini adalah salinan pesan. Return - Path: Diterima: (Qmail 10006 dipanggil dari jaringan); 19 Jul 2005 10: 57: 35 - 0000 Diterima: Dari tidak diketahui (Helo Mailwisconsin. Com) (220. 162. 170. 32) oleh Gigas. kunci. bersama SMTP; 19 Jul 2005 10: 57: 35 - 0000 Diterima: Dari 205. 214. 42. 66 (squirrelmail pengguna autentikasi projecthoneypot @ projecthoneypot. Org); oleh Mailwisconsin. com dengan HTTP ID J 87 GZO 24815823; Sel, 19 Jul 2005 10: 57: 46 + 0000 Pesan - ID: Tanggal: Sel, 19 Jul 2005 10: 57: 46 + 0000 Subjek: Hanya untuknya. . . Dari: ""Barry Castillo"" ke: info @ deboel. Pengguna Net - Agen: Squirrelmail / 1. 4. 3 A X - Mailer: Squirrelmail / 1. 4. 3 A MIME - Versi: 1. 0 Konten - Ketik: Teks / html; Charset = ISO - 8859 - 1 Konten - Transfer - Pengkodean: 8 Bit X - Prioritas: 3 (Normal) Pentingnya: Viagra lunak normal pada $ 1. 62 per dosis siap untuk meningkatkan kehidupan seks Anda? positif? Saatnya melakukannya sekarang! Pesan viagra lunak dengan harga yang sangat rendah mulai dari $ 1. 99 per dosis! Tidak dapat dilihat!"
spam,Klaim Kartu Hadiah Home Depot $ 1000 Anda. Klaim kartu hadiah Home Depot Anda - nilai $ 1000. yakin Anda dapat menemukan penggunaan untuk kartu hadiah ini di daerah Anda. (). dengan eksklusif udexhoyp
spam,"Logo Perfect Charset = KOI 8 - R ""> Berpikir untuk menghembuskan kehidupan baru ke dalam bisnis Anda? Mulailah dari memperbaiki logo depan dan identitas visual. Logodentity menawarkan desain kustom kreatif IOQOS, alat tulis dan situs web. Di bawah tangan Carefui kami Pemasaran yang kuat ini juga akan menghirup udara segar ke dalam bisnis Anda dan membuat Anda menonjol di Amonq para pesaing. Anda hanya berjarak satu klik dari kesuksesan Anda di masa depan. Ciick di sini untuk melihat sampi dari karya seni kami, periksa harga kami dan penawaran panas Anda"
spam,"Softs bermerek Roxio Easy Media Creator 7. 0 - $ 19. 95 http: / / penyiar. wxget. com / saya menyanyikan semua jenis. Ketika seorang pria tidak dapat memilih, dia berhenti menjadi pria. Semakin minimal seni, semakin maksimum penjelasannya."
spam,"Waktu ekstra - terakhir 5 - 10 kali lebih lama halo, apakah Anda ejakulasi sebelum atau dalam beberapa menit setelah penetrasi? Ejakulasi prematur terjadi ketika Anda berejakulasi terlalu cepat dan tanpa kontrol. itu terjadi sebelum atau segera setelah penetrasi. Ejakulasi dini mengganggu kesenangan seksual baik Anda dan pasangan Anda. Ini menyebabkan perasaan bersalah, malu, frustrasi, dan depresi. Ekstra - Waktu adalah satu -satunya formula kinerja seksual pria yang, tidak hanya menghentikan ejakulasi prematur, tetapi sebenarnya ""menyembuhkan"" itu. Ekstra - Waktu adalah satu -satunya produk yang memungkinkan ""Anda"" untuk mengontrol saat Anda berejakulasi. - Terapi herbal non - hormonal. - Bertindak secara lokal pada organ seks. - Mengatur proses ejakulasi. - Bertindak melalui jalur neuro - endokrin. - Bertindak pada pusat -pusat emosi yang tinggi di otak. Lihat di sini: http: / / tabboulehs. net / et /? Meds No. Terima kasih: http: / / tabboulehs. net / rr. php"
spam,"Dapatkan harga terbaik untuk mobil Anda berikutnya! Penawaran Eksklusif dari pencarian emessaging 24 x 7 untuk kendaraan yang dimiliki sebelumnya membeli mobil bekas yang Anda terima pesan ini karena Anda telah mendaftar untuk menerima penawaran dari salah satu mitra pemasaran kami yang dipilih dengan cermat. 24 X 7 Emsessaging adalah sumber penawaran dan diskon baru yang menarik di Internet. Jika Anda tidak lagi ingin menerima penawaran ini, silakan ikuti instruksi berhenti berlangganan di bagian bawah. Untuk berhenti berlangganan dari milis kami, silakan klik di sini"
spam,"bro lihat produk baru yang luar biasa ini, semoga Anda bisa lebih baik? http: / / www. Gretan. com / ss / pikiran ceria adalah pikiran yang kuat. Perang adalah cara mengajar geografi orang Amerika. Semua kekuatan manusia adalah senyawa waktu dan kesabaran. berusaha untuk keunggulan, bukan kesempurnaan. Jika Anda terbunuh, Anda telah kehilangan bagian yang sangat penting dalam hidup Anda."
spam,"Permata tersembunyi membantu mendapatkan kaki di pasar Homeland Security Investments, serangan teror di Amerika Serikat pada 11 September 2001 telah mengubah lanskap keamanan untuk masa mendatang. keduanya Physica | dan | Keamanan ogis telah menjadi yang terpenting untuk | | Segmen Industri, terutama di Perbankan, National | sektor sumber daya dan pemerintah. Menurut Giga, anak perusahaan yang dimiliki Wholiy dari Forrester Research, permintaan Woridwide untuk produk dan layanan keamanan informasi diatur untuk melampaui $ 46 B oleh 2 OO 5. Homeiand Security Investments adalah berita yang didedikasikan untuk memberikan informasi kepada pembaca kami yang berkaitan dengan peluang investasi dalam hal ini | Sektor Ucrative. Seperti yang kita ketahui, peristiwa yang diriasi ke Homeland Security terjadi dengan | Kecepatan ightning. Apa yang dapat kita lakukan sebagai investor adalah memposisikan diri kita sedemikian rupa untuk memanfaatkan tren saat ini dan siap untuk memanfaatkan peristiwa yang belum terjadi. Investasi Keamanan Dalam Negeri ada di sini untuk Heip Pembaca kami melakukan hal itu. Dengan pemikiran ini, dengan kegembiraan yang luar biasa kami menyajikan Vinobie, Inc. Stok ini diharapkan melakukan hal -hal besar dalam jangka waktu dekat dan panjang. Simbol: VNBL. OB Harga Saat Ini: 0. 08 Harga Target Jangka Pendek: o. 35 12 bulan harga target: 1. 2 o * * * Mengapa kita menjadi vnbl. ob wiil memberikan pengembalian besar pada investasi * * * * Pada saat ini banyak fokus VNBL adalah teknologi RFID (Identifikasi Frekuensi Radio). Ini adalah teknologi yang menggunakan sensor kecil untuk mengirimkan informasi tentang seseorang atau objek secara nirkabel. * VNBL sudah menjadi pelopor industri di Lokasi Pribadi RFID Technoiogy. * VNBL sedang melakukan deveioping bentuk technoiogy RFID yang A | | OWS Perusahaan dan Pemerintah untuk Nireleksi melacak aset dan sumber daya mereka. Technoiogy semacam itu memiliki potensi besar | Dalam perlindungan dan transportasi bahan yang ditunjuk ""berisiko tinggi"" apakah mereka harus fal | ke tangan yang salah. * VNBL bekerja pada integrasi dua sistem yang disebutkan sebelumnya untuk menciptakan ""ruang keamanan tinggi"" di lokasi yang dianggap perlu. Lokasi yang dapat memanfaatkan sistem tersebut adalah bandara, pelabuhan laut, tambang, fasilitas nukiear, dan banyak lagi. * Seperti halnya semua saham, berita mendorong harga jangka pendek. Berita segar telah membuat VNBL pembelian panas. Berita tentang VNBL Malibu, Calif. - - (Kawat Bisnis) - - 16 Juni 2005 - - Vino, inc. (OTCBB: VNBL - News), sebuah perusahaan hoiding yang ingin mengidentifikasi | ONG - Peluang pertumbuhan istilah di bidang keamanan homeiand, sistem informasi keamanan, dan layanan keamanan lainnya, hari ini mengumumkan bahwa mereka berencana untuk menawarkan produk dan layanan yang Wil | Membantu dalam otomatisasi identifikasi dan kontrol peralatan, aset, alat, dan proses yang digunakan di OI | & Gas dan Petrokemika | Industri. meskipun SMA | | Sensor RFID jaringan Wireiessiy dapat memantau mesin dan peralatan untuk mendeteksi kemungkinan probiem sebelum menjadi serius, mereka juga dapat memberikan fitur keselamatan dalam minyak welis. oi | mungkin terperangkap dalam berbagai | Ayers of Rock, bersama dengan gas dan air. Deteksi cairan spesifik dapat membantu peralatan dalam beroperasi dalam momen tepat yang tepat untuk memastikan kondisi buruk tertentu tidak terjadi, seperti wel | fiiling dengan air. Seperti halnya aplikasi technoiogy berbasis RF lainnya, RFID juga dapat memberikan transit yang aman dari materiais hanya dengan yang resmi, dan | Imit masuknya Personne | untuk spesifik | Ocations. Memastikan keselamatan personel sangat penting, jika ada keadaan darurat di suatu fasilitas, tag RFID akan melacak pelanggan untuk melacak dan mengevariasi keselamatan dan / atau bahaya empioyee. Teknologi pemasahan ini membutuhkan produk dan perangkat keras yang dapat beroperasi dalam kondisi berbahaya yang keras dan potensiil, tetapi memberikan keselamatan vaiuabie kepada sumber daya dan aset yang merupakan Vita | kepada pelanggan. RFID dapat membantu rantai suppiy pelanggan dengan melacak minyak, gas, dan chemica | Produk dari ekstraksi hingga pemurnian ke saie di retai | level. Sudut pandang Vinobie seperti yang dinyatakan sebelumnya adalah bahwa aplikasi ini lebih dari sekadar vaiUble juga | ke industri pertambangan, tetapi sebagai ukuran perlindungan dari sumber daya alam dan komoditas negara kita terhadap ancaman. Pelestarian fueis dan sumber daya ini penting bagi keselamatan Anda. S . Industri dan Ekonomi. Perusahaan Beiieves bahwa penawaran layanan dan aplikasi teknologi dalam minyak & gas dan petrokemika | industri lebih lanjut posisi vinoble dalam industri yang berkembang pesat sambil mengambil keuntungan dari akses ke peningkatan kapita | dan gioba | Menghabiskan bahwa perusahaan akan membutuhkan pertumbuhan. Tujuan perusahaan adalah untuk juga menyediakan layanan yang dibutuhkan dengan biaya yang dapat dikelola bahkan untuk SMA | | EST bisnis yang tidak mampu dilakukan tanpa keamanan personanya | dan aset dalam keadaan ancaman konstan saat ini. Ini adalah berita yang luar biasa. Potensi pertumbuhan | Untuk perusahaan ini adalah Exceptiona | . Dalam industri yang sudah panas, VNBL. OB menonjol sebagai pelopor inovatif yang benar. Kami melihat hal -hal besar terjadi pada stok ini. Informasi dalam email ini berisi ""pernyataan maju | ooking"" dalam arti Bagian 27 A dari Securities Act of 1933 dan Bagian 21 B dari Securities Exchange Act of 1934. Pernyataan apa pun yang mengungkapkan atau melakukan diskusi invoive sehubungan dengan prediksi, harapan, kepercayaan, pian, proyeksi, tujuan, goais, asumsi atau peristiwa atau kinerja di masa depan bukan pernyataan Historica | Fakta dan mungkin ""pernyataan maju | ooking."" Pernyataan yang tampak maju didasarkan pada harapan, estimasi dan proyeksi pada saat pernyataan dibuat yang invoive sejumlah risiko dan ketidakpastian yang menyebabkan aktua | resuit atau peristiwa untuk berbeda materi dari yang saat ini diantisipasi. Maju | Pernyataan ooking dalam tindakan ini dapat diidentifikasi melalui penggunaan kata -kata seperti ""proyek"", ""meramalkan"", ""mengharapkan"", ""Wil |,"" ""mengantisipasi,"" ""perkiraan,"" ""percaya,"" ""memahami"" atau itu oleh Pernyataan yang menunjukkan tindakan tertentu ""mungkin,"" ""bisa,"" atau ""mungkin"" terjadi. Seperti halnya banyak stok mikro - topi, perusahaan saat ini memiliki tambahan | Faktor risiko yang patut dicatat. Faktor -faktor yang menghasilkan: riwayat operasi yang terbatas, perusahaan memajukan uang tunai kepada pihak -pihak terkait dan saham yang tidak aman: satu vendor, pihak terkait melalui mayoritas stockhoider, memasok sembilan puluh - tujuh persen dari materia mentah perusahaan: Reliance on on on on Dua pelanggan untuk lebih dari lima puluh persen dari bisnis mereka dan banyak transaksi partai yang diriasi dan kebutuhan untuk meningkatkan Capita | . Faktor -faktor ini dan lainnya lebih lengkap | | ed out dalam pengajuan SEC perusahaan. Kami mendorong Anda untuk membaca pengajuan sebelum Anda berinvestasi. Laporan roket tidak menyatakan bahwa informasi yang terkandung dalam pesan ini menyatakan semua materi | fakta atau tidak menghilangkan materi | Fakta diperlukan untuk membuat pernyataan di dalamnya tidak menyesatkan. al | Informasi yang disediakan dalam emai ini | Berkenaan dengan investasi, saham, sekuritas harus dipahami sebagai informasi yang diberikan dan bukan nasihat investasi. Laporan roket saham menyarankan pembaca dan pelanggan untuk meminta saran dari perwakilan sekuritas profesional terdaftar sebelum memutuskan untuk berdagang saham yang ditampilkan dalam email ini. Tidak ada materi dalam laporan ini Sha | | ditafsirkan sebagai segala nasihat investasi atau ajakan. Banyak dari perusahaan -perusahaan ini berada di ambang kebangkrutan. Anda bisa kehilangan | | Uang Anda dengan berinvestasi di saham ini. Pubiisher dari Laporan Saham Rocket bukanlah penasihat investasi terdaftar. Pelanggan tidak boleh melihat informasi di sini sebagai Lega | , nasihat pajak, akuntansi atau investasi. Referensi apa pun untuk kinerja masa lalu perusahaan dipilih secara khusus untuk direferensikan berdasarkan kinerja Favorabie dari perusahaan -perusahaan ini. Anda akan membutuhkan waktu yang tepat untuk mencapai hasil dalam contoh yang diberikan. Tidak ada jaminan yang terjadi. Ingat, karena aiways, kinerja masa lalu tidak pernah menunjukkan resuit di masa depan dan upaya uji tuntas yang menyeluruh, membuat tinjauan fiiings perusahaan, harus diselesaikan sebelum berinvestasi. Berlaku dengan Undang -Undang Sekuritas tahun 1933, Bagian 17 (b), Laporan Saham Roket mengungkapkan penerimaan dua belas ribu dolar dari pihak ketiga (GEM, Inc.), bukan seorang perwira, direktur atau afliiate sharehoider untuk sirkulasi ini laporan . Permata, inc. Memiliki posisi di stok yang mereka selilah | kapan saja tanpa pemberitahuan. Waspadai konfigurasi yang melekat pada resuit bunga dari kompensasi seperti itu karena fakta bahwa ini adalah iklan berbayar dan kami dikonfirmasi. Semua informasi faktual dalam laporan ini dikumpulkan dari sumber -sumber pubi, inciuding tetapi tidak | ditiru ke situs web perusahaan, pengarsipan SEC dan perusahaan pers perusahaan. Laporan Roket Stock percaya informasi ini adalah REIIABIE tetapi tidak dapat membuat jaminan tentang keakuratan atau kesombongannya. Penggunaan Materia | Dalam emai ini | merupakan penerimaan Anda atas Ketentuan ini."
spam,"10 menit sebelum berhubungan seks, berlangsung selama 24 - 36 jam obat, resep obat di bawah bimbingan penting medis berlisensi di bawah setiap batu mengintai seorang politisi. Pengalaman adalah nama yang orang berikan untuk kesalahan mereka . Tanpa musik, hidup akan menjadi suatu kesalahan ."
spam,"Berharap Anda bisa lebih baik? Penis pertumbuhan ekstrim http: / / www. Siratu. com / ss / kekejaman itu seperti harapan: itu muncul abadi. Hiburan adalah kebahagiaan mereka yang tidak bisa berpikir. untuk masing -masing miliknya. (Suum cuique) selalu memaafkan musuh Anda; Tidak ada yang sangat mengganggu mereka. Berita buruknya terjadi di gubrung, kabar baik di kaki yang ditebar."
spam,"1000 brosur penuh warna 335 TSA Design Products & Ideas Expo Show sudah dekat dan jika Anda akan menjadi peserta pameran, Anda akan membutuhkan sesuatu untuk dibagikan kepada calon pelanggan Anda. Pencetakan Wiley ingin membantu Anda melakukannya dengan menawarkan harga yang bagus untuk jaminan cetak berkualitas. Berikut adalah beberapa contoh: 1, 000 kartu nama seharga $ 55 - Warna penuh, UV dilapisi dengan 14 pt. Stok kertas 1, 000 kartu pos seharga $ 150 - Warna penuh, UV dilapisi dengan 14 pt. Stok kertas 1.000 brosur seharga $ 335 - Warna penuh, dua sisi 100 # Gloss Text Jika Anda tertarik dengan salah satu penawaran ini atau jika Anda mencari sesuatu yang sedikit berbeda, silakan hubungi kami melalui salah satu metode di bawah ini. Wiley Print 4650 Cole Ave # 105 Dallas, TX 75205 214. 443. 0908 Telepon 214. 443. 0308 Info Faks @ WileyPrint. COM CATATAN: Ini adalah cetakan Wiley pertama dan terakhir akan pernah mengirimi Anda email. Namun, jika Anda ingin memilih keluar, tolong balas email ini dengan hapus saya di baris subjek."
spam,"Cari farmasi online terbaik dan termurah menghemat 80 % di atas nama merek seperti viagra, cialis dan anatomi propecia adalah takdir. Oh, hal yang sangat menggairahkan adalah awal dari amour! Tidak setiap pertanyaan yang layak mendapat jawaban."
spam,"Pemberitahuan Kegagalan Hai. Ini adalah program QMail - Kirim di surat - 03. CDSNET. net. Saya takut saya tidak dapat mengirimkan pesan Anda ke alamat berikut. Ini adalah kesalahan permanen ; aku sudah menyerah . Maaf itu tidak berhasil. : Maaf, saya tidak bisa menemukan host bernama BB. Internetcds. com. ( # 5. 1. 2) - - - Di bawah baris ini adalah salinan pesan. Return - Path: Diterima: (Qmail 50355 yang dipanggil oleh alias); 19 Jul 2005 10: 58: 51 - 0000 dikirimkan - ke: NIC - Notify @ InternetCDS. com Diterima: (Qmail 50352 dipanggil dari jaringan); 19 Jul 2005 10: 58: 51 - 0000 Diterima: Dari tidak diketahui (Helo Localhost) (127. 0. 0. 1) melalui surat - 03. CDSNET. bersih dengan SMTP; 19 Jul 2005 10: 58: 51 - 0000 Diterima: Dari surat - 03. CDSNET. net ([127. 0. 0. 1]) oleh localhost (mail - 03. cdsnet. net [127. 0. 0. 1]) (AMAVISD - baru, port 10024) dengan ID SMTP 46679 - 09 untuk; Sel, 19 Jul 2005 03: 58: 51 - 0700 (PDT) Diterima: (Qmail 50346 dipanggil dari jaringan); 19 Jul 2005 10: 58: 50 - 0000 Diterima: Dari Yahoobb 220056020109. BBTEC. net (Helo Mailwisconsin. Com) (220. 56. 20. 109) melalui surat - 03. CDSNET. bersih dengan SMTP; 19 Jul 2005 10: 58: 50 - 0000 Diterima: Dari 205. 214. 42. 66 (squirrelmail pengguna autentikasi projecthoneypot @ projecthoneypot. Org); oleh Mailwisconsin. com dengan http ID j 87 GZO 09360462; Sel, 19 Jul 2005 10: 57: 46 + 0000 Pesan - ID: Tanggal: Sel, 19 Jul 2005 10: 57: 46 + 0000 Subjek: Hanya untuknya. . . Dari: ""Barry Castillo"" ke: NIC - Beri tahu @ InternetCDS. com User - Agen: Squirrelmail / 1. 4. 3 A X - Mailer: Squirrelmail / 1. 4. 3 A MIME - Versi: 1. 0 Konten - Ketik: Teks / html; Charset = ISO - 8859 - 1 Konten - Transfer - Pengkodean: 8 Bit X - Prioritas: 3 (Normal) Pentingnya: Normal X - Virus - Dipindai: oleh AMAVISD - Baru di InternetCDS. com viagra lunak dengan harga $ 1. 62 per dosis siap untuk meningkatkan kehidupan seks Anda? positif? Saatnya melakukannya sekarang! Pesan viagra lunak dengan harga yang sangat rendah mulai dari $ 1. 99 per dosis! Unbelivabie!"
spam,Klaim Kartu Hadiah Home Depot GRATIS Anda - Nilai $ 1000. Klaim kartu hadiah Home Depot Anda - nilai $ 1000. yakin Anda dapat menemukan penggunaan untuk kartu hadiah ini di daerah Anda. (). dengan eksklusif qprkelmv
spam,"Breaking Biotech News Hei, saya pikir Anda mungkin ingin melihat GTHA, bisakah Genether menjadi kesayangan Biotekhan berikutnya 'saat mereka mengumumkan kolaborasi dengan raksasa industri Beckman Coulter? Breaking Biotech News: Genether Inc. Untuk berkolaborasi dengan raksasa biotek Beckman Coulter Inc. - Rilis Berita Genether 11 Juli 2005. GENETERA INC. (Otc. BB: GTHA) Perusahaan biotek molekuler yang terletak di Wheat Ridge, co. diberikan hak pertama penolakan untuk Beckman Coulter, Inc. (NYC: BEC $ 63. 34) untuk melisensikan teknologi yang dipatenkan Genether untuk mengembangkan tes diagnostik genetik hidup - hewan '. Ini adalah tonggak penting bagi Genether. Beckman Coulter adalah salah satu produsen terkemuka di dunia dari sistem pengujian biomedis, tes dan persediaan. Kolaborasi kami akan menyatukan keahlian Beckman Coulter dengan teknologi canggih Genether. - dr. Antonio Milici, m. D . , ph. D . GENETERA INC. Genether memberikan solusi diagnostik genetik untuk industri hewan dan pertanian dengan rencana masa depan untuk memasukkan industri perawatan kesehatan. Perusahaan ini dibentuk untuk mewujudkan potensi komersial uji diagnostik molekuler menggunakan teknologi Roche PCR untuk mendeteksi keberadaan penyakit menular dari darah hewan, terutama hewan hidup. Platform ini memungkinkan Genether untuk menawarkan tes yang saat ini tidak tersedia dari teknologi lainnya. Rencana masa depan termasuk semua penyakit menular yang berpotensi mempengaruhi ternak jinak serta satwa liar yang ditujukan untuk konsumsi manusia dengan prioritas diberikan kepada penyakit sapi, Johne dan penyakit kaki dan mulut pada sapi. Genether telah berhasil mengembangkan kemampuan untuk mendeteksi penyakit sapi gila dan penyakit wasting kronis (CWD) yang juga dikenal sebagai rusa atau rusa gila. Informasi GRATIS Reguarding Stocks! E - Mail Nama Depan Nama Belakang Nomor Telepon Lihat Laporan Lengkap Lihat Laporan Lengkap Perusahaan: Genether Inc. Simbol: GTHA Exchange: OTC. BB Harga Terbaru: $ 0. 90 Saham Luar Biasa: 21 Mil Situs Web: www. Genether. bersih sebelum kasus pertama dari sapi gila, u. S . Ekspor daging sapi pada tahun 2003 di AS bernilai hampir $ 6 miliar. Sebagian besar dolar ekspor telah hilang dengan larangan daging sapi internasional yang diberlakukan pada tahun 2004. Lebih dari 90 juta sapi berada di tempat pemberian pakan di U. S . Lebih dari 35 juta sapi telah disembelih di U. S . setiap tahun Beckman Coulter, Inc. adalah produsen terkemuka sistem instrumen pengujian biomedis, pengujian dan persediaan yang menyederhanakan dan mengotomatiskan proses laboratorium. Mencakup kontinum pengujian biomedis - - dari penelitian medis perintis dan uji klinis hingga diagnostik laboratorium dan titik - dari - pengujian perawatan - - sistem terpasang Beckman Coulter 200.000 memberikan informasi biomedis penting untuk meningkatkan perawatan kesehatan di seluruh dunia. Perusahaan, yang berbasis di Fullerton, Calif. , melaporkan penjualan tahunan 2004 sebesar $ 2. 4 miliar dengan 64 persen dari jumlah ini yang dihasilkan oleh pendapatan berulang dari persediaan, kit pengujian dan layanan. Untuk informasi lebih lanjut, kunjungi www. Beckmancoulter. com. Kami berharap dapat bekerja dengan Genether untuk mengidentifikasi aplikasi komersial teknologi mereka. - Chris Neary, General Manager, Prion Business Center, Beckman Coulter, Inc. Di sebagian besar negara di seluruh dunia, penemuan seekor sapi dengan penyakit sapi gila menyebabkan pembantaian langsung dari ratusan, bahkan ribuan sapi karena penyebaran ketakutan akan penyebaran penyakit dan kebutuhan untuk menyelesaikan pengujian penyakit pada hewan mati. Penarikan daging sapi internasional yang mahal adalah umum sejak pengujian Mad Cow '(sampai sekarang) hanya dilakukan setelah proses pembantaian. Tes darah hidup hewan Genether dapat menyebabkan penghentian pembantaian massal dan kepanikan yang meluas, sambil menyelamatkan industri ratusan juta dolar setiap tahun. Melalui pengujian sampel darah tunggal, Genether dapat mengakhiri kebutuhan untuk membantai seluruh ternak ternak dan hewan lain untuk pengujian penyakit - menyelamatkan industri ratusan juta dolar setiap tahun. Saat ini didanai oleh manajer uang institusional di California Selatan, Genether memiliki rencana untuk membuka laboratorium di seluruh dunia untuk memenuhi permintaan pengujian BSE yang meledak ini. Anda ingin berinvestasi dalam revolusi DNA? Jangan menunggu obat -obatan yang disesuaikan, yang berjarak bertahun -tahun lagi. Beli saham di perusahaan menggunakan DNA untuk pekerjaan diagnostik. Forbes - Gen Good, Kerry a. Dolan, 16 Mei 2005 Tes yang dipatenkan baru dibuat dengan informasi yang diperoleh dari pemetaan genom telah menyuntikkan kehidupan baru dan margin yang lebih tinggi (dekat 75 %) ke dalam bisnis. $ 2. 5 miliar industri diagnostik molekuler berkembang dengan tingkat tahunan 15 %, menurut perusahaan konsultan Leomics Associates of Emerson, n. J . Genether (GTHA): Membuat tanda mereka di Biotech Genether baru -baru ini bekerja sama dengan raksasa biotek Beckman Coulter Inc. Mereka adalah yang pertama memasarkan dengan tes darah untuk penyakit sapi gila pada sapi hidup mereka memiliki kemampuan untuk mendeteksi banyak penyakit menular yang memanfaatkan metode genetik dari darah hewan hidup mereka adalah yang pertama memasarkan dengan tes darah untuk mendeteksi CWD mereka Saat ini mengembangkan vaksin terapeutik untuk CWD dan penyakit sapi gila menggunakan teknologi interferensi RNA mereka saat ini mengembangkan tes darah menggunakan platform yang sama untuk deteksi kanker payudara dan prostat dengan mitra strategis mereka XPNG (Xpention Genetics Inc.) Genether dapat mengakhiri penarikan daging sapi ' Dan berpotensi pembantaian jutaan hewan di seluruh dunia sambil menyelamatkan industri ratusan juta dolar setiap tahun yang saat ini didanai oleh manajer uang institusional di California Selatan, Genether memiliki rencana untuk membuka laboratorium di seluruh dunia untuk menangani permintaan pengujian BSE yang meningkat ini. Genether dapat menghasilkan pendapatan lebih dari $ 13 juta untuk setiap 1 % dari sapi yang diuji di AS saja angka pengujian internasional akan mengejutkan. Teknologi Genether: Bisnis Genether didasarkan pada Platform Teknologi Terpadu (ITP) yang menggabungkan solusi diagnostik eksklusif yang disebut Gene Expression Assay (GEA (TM)) dengan Purivax (TM), sistemnya untuk menganalisis sekuensing DNA skala besar. Bagian pertama dari platform ini adalah perkembangan berkelanjutan dari solusi uji diagnostik molekuler menggunakan teknologi reaksi reaksi rantai polimerase (F - PCR) waktu nyata untuk mendeteksi keberadaan penyakit menular dari darah hewan hidup. Bagian kedua dari ITP adalah pengembangan vaksin terapeutik menggunakan teknologi interferensi RNA. Ini juga memungkinkan pengujian yang efisien, efektif, dan berkelanjutan, manajemen dan pengobatan populasi hewan. Fakta -fakta ini membedakan teknologi dari pengujian alternatif dan metodologi manajemen yang tersedia untuk pertanian saat ini - - yang semuanya membutuhkan penghancuran hewan individu dan bahkan seluruh ternak. Proses pengujian dan analisis data kami juga memungkinkan kami tidak hanya untuk memisahkan yang terinfeksi dari hewan bersih, tetapi juga untuk mendapatkan pengetahuan yang vital untuk pengembangan vaksin preventif. GENETERA INC. berkomitmen untuk menyediakan akses global ke layanan bioteknologi canggih kepada sesama ilmuwan di dunia akademis, industri farmasi, dan industri bioteknologi. Terutama, keahlian Genether berfokus pada teknologi yang relevan dengan imunoterapi hewan dan manusia. Genether didedikasikan untuk memberikan layanan konsultasi klien yang dapat diandalkan, berkualitas tinggi, efektif dan cepat. Layanan ini didukung oleh pengalaman kumulatif lebih dari 100 tahun penelitian dan pengembangan di pemerintah dan industri oleh para ilmuwan senior Genether. Genether mengembangkan implementasi skala komersial dari proses pemurnian adenovektor untuk mendukung produksi material RD. Selain itu, Genether mengevaluasi dan menguji vektor ekspresi yang tersedia secara komersial dan memasukkannya ke dalam repertoar vektornya. Teknologi ini mapan dalam repertoar staf ilmiah Genether. Genether dapat secara unik mendeteksi dan mengobati berbagai penyakit pada hewan saat mereka masih hidup. Perusahaan ini memberikan solusi diagnostik dan vaksin berbasis genetika untuk memenuhi permintaan industri veteriner saat ini dan industri pertanian dan perawatan kesehatan besok. Perusahaan ini diatur dan dioperasikan untuk terus menerapkan penelitian ilmiahnya pada manajemen penyakit yang lebih efektif dan, dengan demikian, mewujudkan potensi komersial bioteknologi molekuler. Inti dari operasi Genether adalah perkembangan berkelanjutan dari uji diagnostik molekuler menggunakan reaksi rantai polimerase fluorogenik waktu nyata. (F - PCR) Teknologi menggunakan darah hewani hidup untuk mendeteksi keberadaan penyakit menular dan untuk pengembangan vaksin untuk penyakit yang lahir darah seperti itu. Ini juga memungkinkan pengujian yang efisien, efektif, dan berkelanjutan, manajemen dan pengobatan populasi hewan. Fakta -fakta ini membedakan teknologi dari pengujian alternatif dan metodologi manajemen yang tersedia untuk pertanian saat ini - - yang semuanya membutuhkan penghancuran hewan individu dan bahkan seluruh ternak. Proses pengujian dan analisis data kami juga memungkinkan kami tidak hanya untuk memisahkan yang terinfeksi dari hewan bersih, tetapi juga untuk mendapatkan pengetahuan yang vital untuk pengembangan vaksin preventif. Sampai saat ini, Genether telah berhasil mengembangkan kemampuan pengujian untuk mendeteksi penyakit sapi gila dan pemborosan kronis, suatu penyakit yang mempengaruhi rusa dan rusa di Amerika Utara. Tes diagnostik untuk e. Coli OL 57: H 7 dan penyakit Johnne sedang dalam tahap akhir perkembangan. Vaksin untuk e. Coli ol 57: h 7 dan penyakit Johnne, yang keduanya adalah penyakit yang mempengaruhi sapi, berada pada tahap perkembangan yang lebih lanjut. Di masa depan, perusahaan berencana untuk memperluas penelitian aplikasi uji ke berbagai penyakit / hewan, target langsung menjadi sapi gila, mulut kuku, Nile Barat dan Newcastle. Genether dapat mendeteksi BSE menggunakan perusahaan yang dipatenkan tes darah hewan hidup yang mengevaluasi e. D . R . F . Urutan gen. e. D . R . F . Gen terbukti menurun secara dramatis sebelum infeksi TSE terlihat pada hewan atau manusia yang hidup. Paten yang dipegang GTHA berbasis luas dan dapat mendeteksi semua penyakit TSE termasuk Mad Cow (BSE) pada sapi, CWD pada rusa rusa dan creutzfeld - Jacobs pada manusia, tes yang dipatenkan perusahaan dapat mendeteksi penyakit ini lebih cepat daripada metode lain yang dikembangkan dalam Marketplace dan jauh lebih murah biaya. Tes ini juga dapat digunakan pada skala massa menggunakan Roche F - PCR, DNA menganalisis peralatan robotika. Genether dapat menganalisis lebih dari 2000 sampel darah sehari dengan satu mesin F - PCR dan satu teknisi. Proyek ini akan terbukti sangat menguntungkan sekitar $ 4. 00 per uji saat komersialisasi skala luas sedang berlangsung. Permintaan multi -miliar dolar, internasional untuk pengujian sapi gila komersial telah muncul di seluruh dunia. Jepang melakukan 3 juta tes sapi Mortem Rapid Mad Mortem tahun lalu saja. Mereka menggunakan Western blot yang dikembangkan oleh Prionics AG di Swizterland dan Tes Cepat Bio - Rad. Biaya adalah antara $ 20 dan $ 40 dolar per tes. Yang paling penting, tes lain di pasar tidak dapat mendeteksi penyakit sampai hewan terbunuh. Pengujian melalui ujian jaringan otak mortem sangat padat karya dan mahal. Jepang menghabiskan antara $ 60 juta - $ 120 juta untuk 3 juta tes sapi Mad cepat post mortem pada tahun 2004. Tes darah sederhana Genether dapat dikumpulkan menggunakan sistem pengumpulan lapangan yang dipatenkan. Sampel kemudian dikirim ke lab untuk pengujian. Perusahaan juga menyatakan dalam 10 K baru -baru ini bahwa mereka saat ini sedang dalam negosiasi dengan mitra pengujian strategis yang kami yakini akan menyerap biaya untuk mengkomersialkan tes sapi gila hewan hidup kami. Manajemen: DR. Tony Milici - Ketua Dewan, Presiden CEO DR. Milici adalah ph. D . dalam hematologi eksperimental dan m. D . dalam kedokteran dan bedah, menerima gelar dari University of Roma (Italia) dan Universitas Stanford. Spesialisasinya meliputi: biologi molekuler / bioteknologi, terapi gen / onkologi molekuler dan molekuler. Dia telah memiliki pelatihan pascasarjana yang luas yang mencakup beasiswa di Departemen Imunologi Klinis dengan University of Texas M. D . Anderson Cancer Center dan mengunjungi Fellow di Laboratorium Imunologi dan Biokimia Seluler University of Rome. Di antara posnya - kegiatan lulusan, dr. Milici adalah Asisten Profesor di Medical College of Georgia Departemen Toksologi Farmakologi serta asisten ahli biokimia di Departemen Patologi Molekuler di University of Texas M. D . Pusat Kanker Anderson di Houston, TX. Sebelum mendirikan Genether, Inc. , dr. Milici adalah Presiden CEO Genetrans, Inc. Berbasis di Augusta, GA. , laboratorium diagnostik. untuk dr. Milici, Genether adalah realisasi ambisi untuk menunjukkan potensi komersial bioteknologi molekuler. dr. Thomas J. SLAGA - Anggota Dewan DR. Slaga adalah ph. D . dalam fisiologi dan biofisika dengan gelar sarjana dalam biologi / kimia. Sejak 1999, dr. Slaga telah menjabat sebagai profesor tambahan di Departemen Biologi Molekuler Biokimia di Pusat Ilmu Kesehatan Universitas Colorado yang berlokasi di Denver, co. dr. Karier Slaga penuh dengan peran penelitian dan pengembangan dan afiliasi yang berkonsentrasi pada kanker. Contohnya termasuk: Direktur Ketua / Ilmiah untuk Penyebab dan Pencegahan Kanker, Pusat Penelitian Kanker AMC yang berlokasi di Denver, CO; Direktur, Profesor Biokimia di Universitas Texas m. D . Anderson Cancer Center (Science Park - Divisi Penelitian) yang berlokasi di Smithville, TX; dan pemimpin kelompok dan anggota staf peneliti, karsinogenesis kulit dan promosi tumor, Divisi Biologi Laboratorium Nasional Oak Ridge di Oak Ridge, TN. dr. Perpaduan Slaga dari pengalaman ilmiah dan manajemen meminjamkan kepada dewan Genether, dimensi penting - - vis peluang pengembangannya. Tn . Richard W. Bryans, jr. - Anggota Dewan - Penasihat Umum MR. Bryans adalah seorang pengacara di Law di Denver, co. Lulusan Universitas Regis dalam Administrasi Bisnis / Ekonomi, MR. Bryans melanjutkan untuk lulus dari University of Denver College of Law dan telah mempraktikkan hukum di Denver selama lebih dari 12 tahun. Tn . Bryans memberi Dewan Genether perspektif hukum yang bernilai banyak untuk memberi manfaat bagi perusahaan muda yang diperdagangkan secara publik. Selain itu, perusahaan akan dapat memanfaatkan MR. Pengalaman hukum Bryans dalam bidang penting lisensi vaksin yang merupakan bagian integral dari masa depan Genether. Untuk bergabung dengan surat Market Movers, klik di sini untuk mengetahui lebih lanjut. TW inc. 4636 Hidden Forest DR. Sarasota FL, 32430 Penafian: Laporan email yang didistribusikan secara publik ini dari OTC Special Situations Report, publikasi OTC Growth Stock Watch, adalah iklan yang disponsori. Masalah iklan berbayar dari OTC Growth Stock Watch ini tidak dimaksudkan untuk memberikan analisis posisi keuangan perusahaan mana pun dan tidak dengan cara apa pun untuk ditafsirkan sebagai penawaran atau permohonan untuk membeli atau menjual keamanan apa pun. OTC Growth Stock Watch adalah pengiklan berbayar. XPention Genetics Inc. adalah perusahaan unggulan. Biaya distribusi laporan ini kepada pelanggan baru, delapan puluh ribu dolar didanai oleh TW inc. Dalam upaya menciptakan kesadaran investor tentang Xpention Genetics, Inc. TW inc. Bukan pialang - dealer juga bukan penasihat investasi. Market Movers, OTC Growth Stock Watch, laporan Situasi Khusus OTC, Geoffrey Eiten juga tidak dianggap sebagai broker - dealer meskipun mereka adalah penasihat investasi. Diperkirakan bahwa laporan ini akan menghasilkan langganan baru untuk Stock Watch pertumbuhan. Baik OTC Growth Stock Watch maupun Geoffrey Eiten, peninjau [atau analis], menerima kompensasi apa pun untuk laporan ini, tetapi keduanya berharap menerima jumlah pendapatan yang tidak diketahui dari langganan baru dari penawaran berlangganan yang terkandung di sini. Laporan ini, termasuk pendapat yang diungkapkan dan pernyataan yang dibuat di dalamnya, hanya untuk tujuan informasi dan iklan dan tidak boleh ditafsirkan sebagai saran investasi dan bukan merupakan penawaran untuk menjual sekuritas apa pun, dan tidak meminta penawaran untuk membeli sekuritas apa pun Di negara bagian mana pun atau yurisdiksi lain di mana penawaran atau penjualan tidak diizinkan. Pembaca harus berkonsultasi dengan investasi profesional, pajak, dan penasihat portofolio mereka sendiri sebelum membuat keputusan investasi apa pun dan harus secara mandiri memverifikasi semua informasi di sini. Informasi yang digunakan untuk menyiapkan laporan ini diyakini berasal dari sumber yang dapat diandalkan, tetapi tidak ada representasi yang dibuat mengenai keakuratan atau kelengkapan informasi tersebut. Investasi dalam sekuritas memiliki tingkat risiko yang tinggi dan melibatkan risiko dan ketidakpastian yang dapat mengakibatkan investor kehilangan semua modal yang diinvestasikan. Kinerja masa lalu tidak menjamin hasil di masa depan. Informasi yang terkandung di sini berisi pernyataan -pernyataan yang terlihat maju, dalam arti Bagian 27 A dari Securities Act of 1933 dan Bagian 21 E Undang -Undang Pertukaran Sekuritas tahun 1934. Pernyataan yang terlihat maju didasarkan pada harapan, perkiraan, dan proyeksi pada saat pernyataan dibuat dan melibatkan risiko dan ketidakpastian yang dapat menyebabkan peristiwa aktual berbeda secara material dari yang diantisipasi. Pernyataan yang terlihat ke depan dapat diidentifikasi melalui penggunaan kata -kata seperti harapan, akan, mengantisipasi, memperkirakan, percaya, atau dengan pernyataan yang menunjukkan tindakan tertentu dapat, dapat, harus, atau mungkin terjadi. Pernyataan apa pun yang menyatakan atau melibatkan prediksi, harapan, kepercayaan, rencana, proyeksi, tujuan, tujuan atau peristiwa atau kinerja di masa depan mungkin lebih maju - pernyataan yang terlihat. Faktor -faktor yang dapat menyebabkan hasil aktual berbeda secara material termasuk tetapi tidak terbatas pada kondisi ekonomi yang merugikan, persaingan yang intens, kurangnya hasil penelitian yang bermakna, modal yang tidak memadai, penghentian kontrak atau perjanjian, publisitas yang merugikan dan cakupan berita, ketidakmampuan untuk melakukan penelitian, pengembangan dan rencana komersialisasi, kehilangan atau pensiun dari eksekutif kunci dan ilmuwan riset, dan risiko lain yang dirinci dalam laporan perusahaan yang diajukan kepada Securities and Exchange Commission. Informasi lebih lengkap tentang XPention Genetics, Inc. tersedia dari situs web Securities and Exchange Commission, di http: / / www. Sec. GOV, dan salinan pengajuannya dapat dibaca tanpa biaya di dan salinan yang diperoleh dengan tarif yang ditentukan dari fasilitas referensi publik Komisi, di 450 Fifth Street, NW, Washington, DC 20549. Media Matrix 7025 County Rd. , 46 A DTE 1071 # 349 Lake Mary, FL 32746 Pesan E - Mail ini adalah iklan dan / atau ajakan."
spam,"Prop 0 Sal Dear Siobhan _ Risiko di Perusahaan kami akan menempatkan bisnis apa pun dengan situs web yang memenuhi syarat secara permanen di bagian atas mesin pencari utama yang dijamin tidak akan bergerak (misalnya: Yahoo !, MSN, Alta Vista, dll). Jika Anda tertarik untuk dijamin posisi pertama di mesin pencari teratas dengan biaya promosi, silakan hubungi kami di Hannah @ Speedy. com. PE Harap sertakan url (s) Anda tertarik untuk mempromosikan ini bukan contoh pembayaran per klik akan disediakan. Dengan tulus spesialis penempatan mesin pencari jika Anda ingin dihapus, harap tanggapi hannah @ speedy. com. PE dan ketik kata: hapus di baris subjek Anda"
spam,"Raih triple cepat ini di Investasi Keamanan Tanah Air yang rendah. Serangan teror di Amerika Serikat pada 11 September, 2 OOL telah mengubah lanskap keamanan untuk masa depan yang diperkirakan. keduanya Physica | dan | Keamanan ogis telah menjadi yang terpenting bagi segmen industri AIL, terutama di Perbankan, National | sektor sumber daya dan pemerintah. Menurut Giga, anak perusahaan yang dimiliki Wholiy dari Forrester Research, permintaan Woridwide untuk produk dan layanan keamanan informasi diatur untuk melampaui $ 46 B oleh 2 OO 5. Homeiand Security Investments adalah berita yang didedikasikan untuk memberikan informasi kepada pembaca kami yang berkaitan dengan peluang investasi dalam hal ini | Sektor Ucrative. Seperti yang kita ketahui, acara yang terkait dengan keamanan tanah air terjadi dengan | Kecepatan ightning. Apa yang dapat kita lakukan sebagai investor adalah memposisikan orang kita sedemikian rupa sehingga memanfaatkan tren saat ini dan siap untuk memanfaatkan peristiwa yang belum terjadi. Investasi keamanan tanah air ada di sini untuk membantu pembaca kami melakukan hal itu. Dengan mengingat hal ini, dengan kegembiraan yang luar biasa kami menyajikan VinoBle, Inc. Stok ini diharapkan melakukan hal -hal besar di dekat dan | istilah ons. Symbo | : vnbl. OB Harga Saat Ini: 0. o 8 Harga target jangka pendek: o. 35 12 bulan harga target: 1. 2 o * * * Mengapa kami percaya vnbl. OB akan memberikan pengembalian besar pada investasi * * * * pada saat ini banyak fokus VNBL adalah pada technoiogy RFID (Radio Frekuensi Identifikasi). Ini adalah technoiogy yang menggunakan sensor kecil untuk mengirimkan informasi tentang seseorang atau objek Wireiessly. * VNBL sudah menjadi pelopor industri dalam teknologi lokasi pribadi RFID. * VNBL sedang mengembangkan bentuk teknologi RFID yang aliows perusahaan dan pemerintah untuk melacak aset dan sumber daya mereka. Technoiogy semacam itu memiliki potensi besar | Dalam perlindungan dan transportasi bahan yang ditunjuk ""berisiko tinggi"" jika mereka gagal ke tangan yang salah. * VNBL bekerja pada integrasi dua sistem yang disebutkan sebelumnya untuk menciptakan ""ruang keamanan tinggi"" di | Ocaies di mana dianggap perlu. Lokasi yang dapat memanfaatkan sistem tersebut adalah bandara, pelabuhan laut, tambang, fasilitas nukiear, dan banyak lagi. * Seperti halnya semua saham, berita mendorong harga jangka pendek. Berita segar telah membuat VNBL pembelian panas. Berita tentang VNBL Malibu, Calif. - - (Kawat Bisnis) - - 16 Juni, 20 O 5 - - Vino, inc. (OTCBB: VNBL - Berita), perusahaan induk yang ingin mengidentifikasi peluang pertumbuhan jangka panjang di bidang keamanan homeiand, sistem informasi keamanan, dan layanan keamanan lainnya, mengumumkan hari ini bahwa mereka berencana untuk menawarkan produk dan layanan yang akan dibantu dalam Otomatisasi identifikasi dan kontrol peralatan, aset, juga, dan proses terkait yang digunakan dalam minyak & gas dan petrokemika | Industri. meskipun smal | Sensor RFID jaringan Wireiessly dapat memantau mesin dan peralatan untuk mendeteksi masalah kemungkinan sebelum menjadi serius, mereka dapat mengayunkan fitur keselamatan deiiver dalam oi | Wells. oi | mungkin terperangkap dalam berbagai | Ayers of Rock, bersama dengan gas dan air. Deteksi spesifik | Iquids dapat membantu peralatan dalam beroperasi dalam momen tepat yang tepat untuk memastikan kondisi buruk tertentu tidak terjadi, seperti weil fi | | ing dengan air. Seperti halnya aplikasi technoiogy berbasis RF lainnya, RFID juga dapat memberikan transit material yang aman dengan menggunakan yang resmi, dan membatasi masuknya personel ke lokasi tertentu. memastikan personne | Keselamatan sangat penting, harus ada keadaan darurat di fasilitas, tag RFID akan memungkinkan pelanggan untuk melacak dan mengevaluasi keamanan dan / atau bahaya karyawannya. Teknologi appiication ini membutuhkan produk dan perangkat keras yang dapat beroperasi dalam kondisi berbahaya yang keras dan potensial, tetapi memberikan keselamatan besar -besaran terhadap sumber daya dan aset yang sangat penting bagi pelanggan. RFID juga dapat membantu rantai suppiy pelanggan dengan melacak minyak, gas, dan produk kimia dari ekstraksi hingga pemurnian ke saie di ritel | Eve | . Sudut pandang Vinble seperti yang dinyatakan sebelumnya adalah bahwa aplikasi ini lebih dari sekadar alat yang berharga bagi industri pertambangan, tetapi sebagai ukuran perlindungan dari sumber daya alam dan komoditas negara kita terhadap ancaman. Pelestarian bahan bakar dan sumber daya ini penting bagi keselamatan Anda. S . Industri dan Ekonomi. Perusahaan percaya bahwa penawaran layanan dan aplikasi teknologi dalam industri minyak & gas dan petrokimia Wil | Posisi lebih lanjut Vinoble dalam industri yang berkembang dengan cepat yang mengambil keuntungan dari akses ke peningkatan modal dan pengeluaran giobal ​​yang dibutuhkan perusahaan untuk pertumbuhan. Tujuan perusahaan adalah untuk juga menyediakan layanan yang dibutuhkan banyak yang dibutuhkan dengan biaya yang dikelola bahkan untuk bisnis terkecil yang tidak mampu dilakukan tanpa keselamatan personanya | dan aset dalam keadaan ancaman konstan saat ini. Ini adalah berita yang luar biasa. Potensi pertumbuhan | Untuk perusahaan ini adalah Exceptiona | . Dalam industri panas udara, VNBL. OB menonjol sebagai pelopor yang benar -benar inovatif. Kami melihat hal -hal besar terjadi pada stok ini. Informasi dalam email ini berisi ""pernyataan yang tampak maju"" dalam arti pasal 27 A dari Securities Act of 1933 dan Bagian 21 B dari Securities Exchange Act 1934. Pernyataan apa pun yang mengungkapkan atau melibatkan diskusi sehubungan dengan prediksi, harapan, kepercayaan, rencana, proyeksi, tujuan, goais, asumsi atau peristiwa atau kinerja di masa depan bukan pernyataan Historica | Fakta dan mungkin ""Maju | ooking pernyataan."" Maju | Pernyataan ooking didasarkan pada ekspektasi, perkiraan dan proyeksi pada saat pernyataan dibuat yang invoive sejumlah risiko dan ketidakpastian yang dapat menyebabkan aktua | Resuit atau acara untuk berbeda materi | | y dari mereka yang diantisipasi. Maju | Pernyataan ooking dalam tindakan ini dapat diidentifikasi melalui penggunaan kata -kata seperti ""proyek"", ""meramalkan"", ""mengharapkan"", ""Wil |,"" ""mengantisipasi,"" ""perkiraan,"" ""beiieves,"" ""memahami"" atau itu dengan Pernyataan yang menunjukkan tindakan tertentu ""mungkin,"" ""couid,"" atau ""mungkin"" terjadi. Seperti halnya banyak stok mikro - topi, perusahaan saat ini memiliki tambahan | Faktor risiko yang patut dicatat. Faktor -faktor yang menghasilkan: riwayat operasi yang terbatas, Perusahaan memajukan uang tunai kepada pihak -pihak terkait dan pemegang saham secara tidak aman: satu vendor, pihak yang dirahaja melalui stockhoider mayoritas, memasok sembilan puluh - tujuh persen dari bahan baku perusahaan: reiiance on on on on Dua pelanggan untuk lebih dari lima puluh persen dari bisnis mereka dan banyak transaksi partai yang diriasi dan kebutuhan untuk meningkatkan modal. Faktor -faktor ini dan yang lainnya lebih cepat? | ed di dalam fiiings detik perusahaan. Kami mendorong Anda untuk membaca pengajuan sebelum Anda berinvestasi. Laporan roket tidak menyatakan bahwa informasi yang terkandung dalam pesan ini menyatakan a | | Materia | Fakta atau tidak menghilangkan fakta material yang diperlukan untuk membuat pernyataan yang tidak diseriakan. Semua informasi yang diberikan dalam email ini yang berkaitan dengan investasi, saham, sekuritas harus dipahami sebagai informasi yang diberikan dan bukan saran investasi. Laporan Roket Saham menyarankan | | Pembaca dan pelanggan untuk meminta nasihat dari Profesional Terdaftar | Perwakilan sekuritas sebelum memutuskan untuk berdagang saham yang ditampilkan dalam emai ini | . Tidak ada materi | Dalam laporan ini shal | ditafsirkan sebagai segala jenis nasihat investasi atau soiicitation. Banyak dari perusahaan -perusahaan ini berada di ambang kebangkrutan. Anda dapat kehilangan uang Anda dengan berinvestasi di saham ini. Pubiisher dari Laporan Saham Rocket bukanlah penasihat investasi terdaftar. Pelanggan tidak akan melihat informasi di sini sebagai | EGA | , nasihat pajak, akuntansi atau investasi. Referensi apa pun untuk kinerja masa lalu perusahaan adalah Specia | | Y dipilih untuk direferensikan berdasarkan kinerja Favorabie dari perusahaan -perusahaan ini. Anda akan membutuhkan waktu yang tepat untuk mencapai resuit dalam contoh yang diberikan. Tidak ada jaminan yang terjadi. Ingat, seperti biasa, kinerja masa lalu tidak pernah menunjukkan hasil di masa depan dan upaya uji tuntas yang menyeluruh, membuat tinjauan fiiings perusahaan, harus diselesaikan sebelum berinvestasi. Sesuai dengan Undang -Undang Sekuritas tahun 1933, bagian 17 (b), laporan roket stok mengungkapkan penerimaan dua belas ribu do | | ARS dari pihak ketiga (GEM, Inc.), bukan pejabat, direktur atau afliiate sharhoider untuk sirkai laporan ini. Permata, inc. memiliki posisi di stok yang mereka lalui | SE | | kapan saja tanpa pemberitahuan. Waspadai konflik kepentingan yang melekat yang dihasilkan dari kompensasi seperti itu karena fakta bahwa ini adalah iklan berbayar dan kami dikonfirmasi. Ail Factua | Informasi dalam laporan ini dikumpulkan dari sumber -sumber pubi, mendalam tetapi tidak terbatas pada situs web perusahaan, pengarsipan SEC dan perusahaan pers perusahaan. Laporan Roket Stock Beiieves Informasi ini dapat digunakan kembali tetapi tidak dapat membuat jaminan tentang keakuratan atau kesombongannya. Penggunaan Materia | Dalam email ini merupakan penerimaan Anda atas Ketentuan ini."
spam,"Yyyy, apakah Anda tahu perbedaan HGH? halo, jm @ netnoteinc. Terapi Hormon Pertumbuhan Comhuman menurunkan berat badan saat membangun massal otot tanpa lemak dan membalikkan kerusakan penuaan sekaligus. Penemuan luar biasa tentang hormon pertumbuhan manusia (HGH) mengubah cara kita berpikir tentang penuaan dan penurunan berat badan. Kehilangan penuaan tonereverse otot berat badan meningkatkan libidodurasi tulang penis erectionhealthier tulang meningkatkan ingatan skinnew rambut kunjungan ke situs web kami dan pelajari fakta: klik di sini Anda menerima email ini sebagai subscr - di Amerig lisve Anda, cukup klik di sini"
spam,"Hasilkan banyak uang dengan real estat yang diambil alih di daerah Anda Trinity Consulting 1730 Redhill Ave. , Ste. 135 Irvine, CA 92606 Pesan E - Mail ini adalah iklan dan / atau ajakan."
spam,"Apakah Anda siap mendapatkannya? Halo ! Viagra adalah Med # 1 yang berjuang dengan disfungsi ereksi mens. Seperti satu lelucon sais, itu adalah stronq enouqh untuk seorang pria, tetapi dibuat untuk seorang wanita; -) OrderInq viaqra Online adalah cara yang sangat meyakinkan, cepat dan aman! Jutaan orang melakukannya setiap hari untuk menyimpan privasi dan wesel mereka di sini. . ."
spam,"Surat dari: DANIEL KABILA SURAT DARI: Penawaran Investasi Daniel Kabila. Sayang, sebagai penghargaan atas kontak terhormat Anda yang diterima melalui sumber yang dapat diandalkan dan pilihan negara Anda, saya ingin memperkenalkan diri, saya Daniel Kabila putra mendiang Presiden DRC Laurent Desire Kabila dari kenangan yang diberkati. Saya tahu surat ini mungkin datang kepada Anda sebagai kejutan, tetapi saya jujur ​​tidak bermaksud mengejutkan Anda. Saya menulis surat ini sehubungan dengan niat saya untuk menginvestasikan jumlah US $ 12 m (dua belas juta dolar Amerika Serikat) dengan Anda. Saya mewarisi uang ini dari ibu saya. Uang ini didapat melalui penyelundupan dan penjualan berlian dan kayu ketika ayah saya adalah kepala negara. Ibu saya, meskipun bukan istri hukumnya menggunakan posisi hak istimewanya untuk terlibat dalam bisnis Diamond dan Timber karena dia tahu bahwa kelangsungan hidupnya akan tergantung pada seberapa banyak dia bisa keluar dari situasi hak istimewa. Ketika ayah saya dibunuh pada tanggal 16 Januari. 01 oleh salah satu pengawalnya LT. Rashidi Kaserekeke melalui konspirasi beberapa perwira tentara top yang ingin menggulingkannya, saya melarikan diri ke SA karena ketakutan bahwa saya mungkin ditangkap oleh saudara tiri saya LT. Jenderal Joseph Kabila Kepala Negara Bagian saat ini. Sebenarnya ibunya dan ibuku tidak dalam hubungan terbaik karena siapa di antara mereka yang akan menjadi ibu negara dan ini pada akhirnya memengaruhi kita anak -anak mereka. Mempertimbangkan hubungan antara SA dan pemerintah baru negara saya, ibu saya menyarankan saya untuk pergi ke SA karena alasan keamanan, sementara dana itu disimpan dengan perusahaan keamanan di luar negeri. Saat sampai di sana di mana saya telah tinggal sejak saat itu sebagai pengungsi politik, saya mencari orang asing yang dapat diandalkan yang dapat membantu saya dalam memindahkan uang ini untuk perbankan yang aman dan investasi yang menguntungkan. Jujur saya menghubungi Anda karena saya tidak ingin menginvestasikan uang ini di sini karena status saya di sini sebagai pengungsi politik. Dan apalagi saya tidak ingin mengambil risiko karena uang ini adalah semua yang saya dan ibu saya bergantung pada karena saudara tiri saya telah mengambil semua aset dan uang ayah saya dan meninggalkan saya dan ibu saya kosong tanpa mengetahui tentang dana ini Didepor di perusahaan keamanan di luar negeri sehingga itulah sebabnya saya memutuskan bahwa menginvestasikan uang ini di luar negeri harus menjadi investasi terbaik bagi saya. Saya akan merasa terhormat jika saya dapat diberi hak istimewa untuk menginvestasikan uang ini dengan bantuan Anda. Mengingat nasib ini, saya berharap Anda dapat dipercaya dan cukup baik untuk menanggapi panggilan kesusahan ini untuk menyelamatkan ibu saya dan saya dari masa depan yang sia -sia. Dan jika Anda setuju, saya dengan ini setuju untuk mengkompensasi upaya tulus dan jujur ​​Anda dalam hal ini dengan 15 % dari total uang dan tahunan 5 % dari pengembalian pajak setelah investasi selama tiga tahun pertama. Setelah itu, istilah tersebut harus bervariasi. 5 % untuk pengeluaran, yang mungkin timbul selama transaksi (inklusif tagihan faks dan telepon). Ketika uang dipindahkan ke akun diskrit Anda, Anda akan diizinkan untuk menarik 15 % untuk Anda, sementara 80 % sisanya akan diinvestasikan secara bermakna untuk masa depan kami jika memungkinkan di bidang bisnis Anda dan pencegah sektor ekonomi di negara Anda yang menghasilkan dividen. Apa pun keputusan Anda, silakan hubungi saya segera melalui email saya, dan simpan rahasia surat ini untuk minat keluarga saya. Salam Hormat, Daniel Kabila"
spam,"Perangkat lunak terlokalisasi, semua bahasa tersedia. Halo, kami ingin menawarkan versi perangkat lunak yang terlokalisasi (Jerman, Prancis, Spanyol, Inggris, dan banyak lainnya). AII IISTED Software tersedia untuk downioad segera! Tidak perlu menunggu 2 - 3 minggu untuk CD Deiivery! Hanya sedikit eksampi: - Norton Lnternet Security Pro 2005 - $ 29. 95 - Windows XP Professionai dengan SP 2 Fuil Version - $ 59. 95 - Corei Draw Graphics Suite 12 - $ 49. 95 - Dreamweaver MX 2004 (Homesite 5. 5 Inciudinq) - $ 39. 95 - Macromedia Studio MX 2004 - $ 119. 95 Cukup telusuri situs kami dan temukan perangkat lunak apa pun yang Anda butuhkan di iNIGIAQE asli Anda! Reqards terbaik, kayieen"
spam,"Untuk informasi Anda, ini telah menjadi pemberitahuan akhir kami, kami bertujuan untuk melakukan kontak dengan Anda dalam banyak periode dan kami berharap untuk Anda membalas kali ini! Pinjaman rumah Anda saat ini membuat Anda memenuhi syarat untuk Anda hingga 3. 70 % tingkat lebih rendah. Namun, berkat upaya kami sebelumnya untuk melakukan kontak dengan Anda tidak berhasil, ini akan menjadi upaya terakhir kami untuk mendapatkan tarif yang lebih rendah untuk Anda. Harap akhiri langkah terakhir ini setelah menerima pemberitahuan ini segera, dan selesaikan kiriman Anda sekarang. Terapkan di sini. Jika keputusan Anda tidak memanfaatkan penawaran akhir ini di sini akan membantu Anda melakukannya."
spam,Apakah Anda menyelesaikan ini? Tarif hipotek layanan gratis tidak pernah lebih rendah. Apakah kredit Anda bagus? Dapatkan pinjaman di luar harapan terliar Anda! Klik di sini kredit Anda bau? Pemberi pinjaman masih akan memberi Anda pinjaman yang benar -benar luar biasa. Klik di sini cukup klik di sini dan memulai. Kutipan benar -benar gratis. Klik di sini untuk detail cepat!
spam,"Sumber terbaik Anda untuk viagra dan banyak lagi. . . . menjadi lebih sulit, tetap keras. . . lebih lama hemat rata -rata 70 % dengan obat generik! Keberanian adalah kekuatan untuk melepaskan yang akrab. Ada bintang menari, dan di bawah itu aku lahir. Hadiah terbesar adalah sebagian dari dirimu sendiri. Teknik adalah seni atau ilmu membuat praktis."
spam,"Kemitraan MR. Edward Moko 18 Independence Close, Johannesburg, Afrika Selatan. Dear Sir / Madam Kami ingin mentransfer ke luar negeri jumlah delapan puluh empat poin dua juta dolar Amerika Serikat (u. $ 84. 2, 000, 000. 00) dari bank di Afrika. Saya ingin meminta Anda untuk dengan ramah mencari orang yang dapat diandalkan dan jujur ​​yang akan mampu dan cocok untuk menyediakan rekening bank yang ada atau untuk membuat rekening bank baru segera untuk menerima uang ini, meskipun rekening bank kosong dapat melayani tujuan ini Selama Anda akan tetap jujur ​​kepada saya sampai akhir dari bisnis penting ini mempercayai Anda dan percaya kepada Tuhan bahwa Anda tidak akan pernah mengecewakan saya sekarang atau pada waktunya yang akan datang. saya mr. Edward Moko. Auditor eksternal bank. Selama audit kami, saya menemukan dana mengambang di rekening yang dibuka di bank pada tahun 1998 dan sejak 2001 tidak ada yang beroperasi pada keuntungan akun ini. Setelah melalui beberapa file lama dalam catatan, saya menemukan bahwa pemilik akun meninggal tanpa ""pewaris takhta"" maka uang itu mengambang dan jika saya tidak mengirimkan uang ini dengan mendesak, itu akan hangus tanpa hasil. pemilik akun ini yang mr. Eshed. B . Willey, orang asing dan seorang industrialis meninggal, sejak tahun 1998, sampai sekarang tidak ada orang lain yang tahu tentang akun ini atau dapat memberikan bukti dokumenter tentang akun ini. Dengan demikian akun ini tidak memiliki penerima manfaat lain dan penyelidikan saya juga terbukti kepada saya bahwa Eshed. B . Willey sampai kematiannya adalah Manajer Oriental Diamond Company, di Afrika Selatan. Namun, jika Anda tertarik dengan bisnis ini, kami akan memulai transfer uang pertama dengan tiga puluh empat poin dua juta U. S . Dolar (u. S. $ 34. 2, 000, 000. 00) setelah transaksi yang berhasil tanpa kekecewaan dari Anda. Kami juga akan menggunakan kembali untuk pembayaran jumlah yang tersisa ke akun Anda. Sementara jumlah total yang terlibat adalah delapan puluh empat poin dua juta dolar Amerika Serikat (u. S. $ 84. 2, 000, 000. 00) saja. Saya ingin kita melakukan transfer pertama [tiga puluh empat poin dua juta dolar Amerika Serikat. u. S . $ 34. 2, 000, 000. 00) Dari uang ini ke akun orang asing yang aman di luar negeri sebelum sisanya. Saya hanya menghubungi Anda sebagai orang asing karena uang ini tidak dapat disetujui ke akun lokal, tanpa ""perjanjian"" asing internasional yang valid, tetapi hanya dapat disetujui untuk orang asing dengan kredensial internasional yang valid: paspor atau lisensi pengemudi dan akun asing karena ini karena ini karena ini karena ini jumlah ada di u. S . dolar dan mantan pemilik akun MR. Eshed. B . Willey juga orang asing, sehingga uang itu hanya bisa disetujui ke dalam rekening asing. Namun, mengetahui semua ini, kami akan mencapai perjanjian yang mengikat dalam hal ini. Sebagai urgensi, saya akan memberi tahu Anda langkah selanjutnya, saat Anda mengirim telepon pribadi dan nomor faks termasuk detail lengkap dari akun yang akan digunakan untuk setoran tersebut. Saya ingin kita bertemu tatap muka untuk membangun kepercayaan diri dan menandatangani perjanjian yang mengikat yang akan mengikat kita bersama sebelum mentransfer uang ke akun apa pun pilihan Anda di mana dana akan aman. Sebelum kami terbang ke negara Anda untuk penarikan, berbagi, dan investasi, saya membutuhkan operasi lengkap Anda untuk membuat bisnis ini sukses, karena manajemen siap untuk menyetujui pembayaran ini kepada orang asing yang memiliki informasi yang benar dari akun ini, yang akan saya lakukan Berikan kepada Anda, atas tanggapan positif Anda dan begitu saya yakin bahwa Anda mampu dan akan bertemu dengan instruksi seorang pejabat bank utama yang sangat terlibat dengan saya dalam bisnis ini. Saya membutuhkan jaminan yang kuat bahwa Anda tidak akan pernah mengecewakan saya. Dengan pengaruh saya dan posisi di bank, kami dapat mentransfer uang ini ke akun orang asing yang dapat diandalkan yang dapat Anda berikan dengan jaminan bahwa uang ini akan utuh sambil menunggu kedatangan fisik kami di negara Anda untuk berbagi. Dan untuk membangun keyakinan bahwa Anda dapat segera datang untuk berdiskusi dengan saya secara langsung setelah itu saya akan membuat pengiriman uang ini di hadapan Anda dan kami bertiga akan terbang ke negara Anda setidaknya dua hari sebelum uang masuk ke akun. Saya akan mengajukan cuti tahunan untuk segera mendapatkan visa saya mendengar dari Anda bahwa Anda siap untuk bertindak sesuai petunjuk. Untuk membuktikan keaslian bisnis, saya akan menggunakan posisi dan pengaruh saya untuk mendapatkan semua persetujuan hukum untuk pengalihan uang ini secara selanjutnya ke akun Anda dengan izin yang sesuai dari kementerian yang relevan, departemen valuta asing, kedutaan dan Dewan Layanan Pendapatan Internal. Pada akhir bisnis ini, Anda akan diberikan 35 % dari jumlah total, 60 % akan untuk saya, sementara 5 % akan untuk pengeluaran yang mungkin dikeluarkan oleh kedua belah pihak selama proses ini. Saya menantikan balasan Anda yang paling awal melalui alamat email saya. dengan hormat mr. Edward Moko."
spam,"Pilih Small - Cap untuk Peringatan Momentum Investor Astute yang dikeluarkan untuk 18 Juli 2005 Pilihan Ledakan untuk Anggota kami! ! ! Naik tangga ke surga! ! ! ! Selamat siang untuk semua laporan saham dunia Broker, Day Trader dan Investor telah menjadi terkenal dengan beberapa pilihan saham besar di OTC, Pasar Kapitel Kecil! ! ! Di sini, di World Stock Report kami mengerjakan apa yang kami di sini dari jalan. Rumor beredar dan menjaga fokus pada berita perusahaan. Kami memilih perusahaan kami berdasarkan potensi pertumbuhan di sana. Kami fokus pada stok yang memiliki potensi besar untuk naik harga! ! ! Sambil memberi Anda minuman keras. Pilihan terbaru kami adalah CDGT. Simbol: CDGT Harga Saat Ini: $ 3. 42 Proyeksi 5 hari jangka pendek: $ 7 - 9 Kami memberikannya lagi sebagai hadiah dan inilah sebabnya. * * * * * * tekan siaran * * * * * * * * * * * * Tekan siaran * * * * * * * * * * * * Perselingan * * * * * * Sumber siaran Tekan: China Digital Media Corporation Siaran Pers China Digital Media Corporation mengumumkan akuisisi agen media dan periklanan di China Hong Kong, 13 Juli / Xinhua - PRNewswire / - - China Digital Media Corporation (""Digimedia"") (OTC: CDGT; OTC Bulletin Board: CDGT) dengan Anak perusahaannya (bersama -sama ""grup"") hari ini mengumumkan bahwa grup menandatangani perjanjian transfer saham (""perjanjian"") untuk mengakuisisi agen penjualan iklan, Guangdong M - Rider Media Company Limited (""Guangdong M - Rider""), A Limited Perusahaan terdaftar di Guangdong di Republik Rakyat Tiongkok. Kegiatan operasi utama Guangdong M - pengendara dalam desain, produksi dan distribusi iklan melalui saluran televisi. Guangdong M - Rider adalah salah satu dari lima agen iklan terkenal di provinsi Guangdong dan saat ini menjadi distributor iklan tunggal untuk sejumlah saluran televisi di provinsi Guangdong dan di Kota Guangzhou. Berdasarkan ketentuan perjanjian, Grup akan memperoleh 100 % saham ekuitas di Guangdong M - pengendara untuk pertimbangan total RMB 1, 090.000 dalam bentuk tunai dan RMB 7, 500.000 senilai Digimedia. S saham biasa terbatas. Manajemen guangdong m - pengendara dalam perjanjian menjamin bahwa arus kas Operasi Bersih pada tahun pertama tidak akan kurang dari RMB 10.000, 000. Ingat ini adalah rekomendasi pembelian yang kuat. . . Penafian: Informasi dalam email ini berisi ""pernyataan ke depan"" dalam arti pasal 27 dan Undang -Undang Sekuritas tahun 1933 dan Bagian 21 B dari Securities Exchange Act of 1934. Pernyataan apa pun yang menyatakan atau melibatkan diskusi sehubungan dengan prediksi, harapan, kepercayaan, rencana, proyeksi, tujuan, tujuan, asumsi atau peristiwa atau kinerja di masa depan bukan pernyataan fakta historis dan mungkin ""pernyataan yang tampak maju"". ""Pernyataan yang tampak maju"" didasarkan pada harapan, perkiraan, dan proyeksi pada saat pernyataan dibuat yang melibatkan sejumlah risiko dan ketidakpastian yang dapat menyebabkan hasil atau peristiwa aktual berbeda secara material dari yang saat ini diantisipasi. Pernyataan yang tampak maju dalam tindakan ini dapat diidentifikasi melalui penggunaan kata -kata seperti ""proyek"", ""meramalkan"", ""mengharapkan"", ""akan"", ""mengantisipasi"", ""perkiraan"", ""percaya"", ""memahami"" atau itu oleh Pernyataan yang menunjukkan tindakan tertentu ""mungkin"", ""bisa"", atau ""mungkin"" terjadi. Faktor -faktor risiko meliputi kondisi ekonomi dan bisnis umum, kemampuan untuk memperoleh dan mengembangkan proyek tertentu, kemampuan untuk mendanai operasi dan perubahan dalam kebiasaan konsumsi dan konsumsi bisnis dan faktor -faktor lain di mana pun perusahaan memiliki sedikit atau tidak ada kontrol. Penerbit buletin ini tidak menyatakan bahwa informasi yang terkandung dalam pesan ini menyatakan semua fakta material atau tidak menghilangkan fakta material yang diperlukan untuk membuat pernyataan di dalamnya tidak menyesatkan. Semua informasi yang diberikan dalam email ini yang berkaitan dengan investasi, saham, sekuritas harus dipahami sebagai informasi yang diberikan dan bukan saran investasi. Penerbit buletin ini menyarankan semua pembaca dan pelanggan untuk meminta saran dari perwakilan sekuritas profesional terdaftar sebelum memutuskan untuk berdagang saham yang ditampilkan dalam email ini. Tidak ada materi dalam laporan ini yang ditafsirkan sebagai segala jenis nasihat atau ajakan investasi. Banyak dari perusahaan -perusahaan ini berada di ambang kebangkrutan. Anda dapat kehilangan semua uang Anda dengan berinvestasi di saham ini. Kami mendesak Anda untuk membaca pengajuan SEC perusahaan sekarang, sebelum Anda berinvestasi. Penerbit buletin ini bukanlah penasihat yang terdaftar. Pelanggan tidak boleh melihat informasi di sini sebagai nasihat hukum, pajak, akuntansi atau investasi. Sesuai dengan Securitiesact tahun 1933, bagian 17 (b), penerbit buletin ini dikontrak untuk menerima enam ratus ribu saham perdagangan gratis dari pihak ketiga, bukan petugas, direktur atau pemegang saham afiliasi untuk peredaran laporan ini. Waspadai konflik kepentingan yang melekat yang dihasilkan dari kompensasi seperti itu karena fakta bahwa ini adalah iklan berbayar dan bukan tanpa bias. Pihak yang membayar kami memiliki posisi di stok yang akan mereka jual kapan saja tanpa pemberitahuan. Ini bisa berdampak negatif pada harga stok, menyebabkan Anda kehilangan uang. Semua informasi faktual dalam laporan ini dikumpulkan dari sumber -sumber publik, termasuk tetapi tidak terbatas pada pengajuan SEC, situs web perusahaan, dan siaran pers perusahaan. Penerbit buletin ini percaya informasi ini dapat diandalkan tetapi tidak dapat membuat jaminan tentang keakuratan atau kelengkapannya. Penggunaan materi dalam email ini merupakan penerimaan Anda atas Ketentuan ini."
spam,"Simpan uang Anda dengan mendapatkan perangkat lunak OEM! Perlu dalam perangkat lunak untuk PC Anda? Kunjungi saja situs kami, kami mungkin memiliki apa yang Anda butuhkan. . . Salam, Alyssa"
spam,Simpan uang Anda beli untuk mendapatkan barang ini di sini Anda belum mencoba ciall? Daripada Anda bahkan tidak bisa membayangkan bagaimana rasanya menjadi pria sejati di tempat tidur! Masalahnya adalah bahwa errrectlon yang hebat disediakan untuk Anda tepat saat Anda mau. Cialls memiliki IoT keunggulan dibandingkan Viaqra - efeknya berlangsung 36 jam! - Anda siap untuk memulai hanya dalam 10 menit! - Anda bisa mencampurnya dengan Aicohol! Kami mengirim ke negara mana pun! DAPATKAN RIQHT SEKARANG! .
spam,"bagaimana merendamnya dalam cum ""Saya hanya ingin menulis dan berterima kasih atas taji - m. Saya menderita penghitungan dan motilitas sperma yang buruk. Saya menemukan situs Anda dan memesan perpaduan kesuburan untuk pria. Saya telah bertanya -tanya selama bertahun -tahun yang disebabkan oleh apa yang menyebabkan apa yang menyebabkan apa yang menyebabkan apa yang disebabkan oleh apa yang disebabkan oleh apa yang disebabkan oleh apa yang disebabkan oleh apa yang disebabkan oleh apa yang disebabkan oleh tahun bertahun -tahun yang disebabkan oleh tahun bertahun -tahun jumlah air mani rendah dan sperma, dan bagaimana saya bisa meningkatkan kesuburan saya dan membantu istri saya hamil. Spur - m tampaknya telah melakukan hal itu! Terima kasih atas dukungan Anda. ""Andrew H. , London, Inggris ""memacu - m benar -benar membantu meningkatkan kesuburan dan efektivitas motilitas sperma dan semen. Saya menggunakannya selama beberapa bulan terakhir, dan tidak hanya berhasil - saya juga merasa lebih baik. Saya memiliki lebih banyak energi. Ini adalah penghitung yang sangat baik untuk jumlah sperma rendah dan motilitas. Saya akan membeli lebih banyak!! ""Franz k. , Bonn, Jerman ""Saya bertanya -tanya tentang penyebab jumlah air mani rendah dan sperma, saya sedang mencari informasi jenis ini ketika saya menemukan situs Anda. Saya belum dibuat sadar akan produk ini sebelum itu, jadi cukup terkejut untuk dapat menemukan produk kesuburan pria. Biasanya semuanya diarahkan pada kesuburan wanita. Cukuplah untuk mengatakan saya memesan dan beberapa bulan kemudian kami menerima kabar baik dari para dokter - istri saya hamil. Saya tidak bisa 100 % yakin yakin Jika memacu itu membantu. Tapi saya cukup senang untuk dapat mengatakan itu harus dipertimbangkan oleh siapa pun yang ingin meningkatkan kesuburannya. Itu berhasil untuk saya. Terima kasih. ""Roy B. , Essex, Inggris tidak tertarik dengan kampanye promosi, buka di sini http: / / munoz. Provencaux. net / rm. php"
spam,"server surat sayang projecthoneypot @ projecthoneypot. org: Kami menawarkan Bullet Proof Dedicated Server: IPS segar 1024 MB RAM DDR P 4 3. 2 GHz CPU 72 GB SCSI Didedikasikan 100 m Fiber Unlimited Data Transfer Linux / Windows / FreeBSD Instal Server Perangkat Lunak di China Harga: US $ 599. 00 per bulan Anda dapat menggunakan server untuk salah satu dari yang berikut: Pengiriman Mailing Direct Mailing Bulk Hosting Kami juga dapat menyediakan daftar email yang ditargetkan sesuai dengan pesanan Anda, dan mengirimkan email yang ditargetkan untuk Anda. Menantikan untuk melayani Anda. bersulang ! Mr Bell Dukungan Tim KZLL 23123 @ 21 CN. com Klik di sini untuk mengambil: Tidak @ yahoo. com"
spam,"Unit besar dalam beberapa hari Anda harus melihat ukuran ereksi langsung meningkat lupa tentang pasangan Anda memalsukan orgasme atau tidak bisa menyenangkannya. Anda akan dapat menembus lebih dalam sehingga pasangan Anda akan mengalami lebih banyak kesenangan serta banyak orgasme selama hubungan seksual. 86 % wanita yang disurvei mengatakan bahwa mereka ingin pasangan mereka lebih 'penuh' secara seksual. Lihatlah satu -satunya formula peningkatan pria dengan DVD gratis, pacar saya telah terpesona oleh keuntungan yang telah saya capai dengan formula label hitam Anda dan latihan. Dia bilang aku harus bergabung dengan sirkus, dan untuk pertama kalinya rasanya seperti pujian! - Ben, kotak PO Selandia Baru di tautan di atas dan Anda tidak dapat mengucapkan terima kasih atas masa depan yang tidak ada yang hidup, melanjutkan iblis, pernah disukai dengan perangkat yang menghibur untuk pelestarian dan perpanjangan kehidupan manusia seperti diri Anda sendiri. Anda tampaknya sangat tidak menghargai, memang benar; Tetapi karena koneksi kami, saya menyadari bahwa Anda hanyalah anak biasa, dengan banyak keterbatasan kekanak -kanakan; Jadi saya tidak mengutuk tindakan bodoh Anda terlalu keras itu jenis Anda, kata Rob"
spam,"Apakah bisnis Anda bergantung pada kesuksesan online situs web Anda? Mengirimkan situs web Anda di mesin pencari dapat meningkatkan penjualan online Anda secara dramatis. Jika Anda menginvestasikan waktu dan uang ke situs web Anda, Anda harus mengirimkan situs web Anda secara online jika tidak, itu tidak akan terlihat secara virtual, yang berarti upaya yang dihabiskan dengan sia -sia. Jika Anda ingin orang tahu tentang situs web Anda dan meningkatkan pendapatan Anda, satu -satunya cara untuk melakukannya adalah dengan membuat situs Anda terlihat di tempat -tempat di mana orang mencari informasi, saya. e. Kirim situs web Anda di beberapa mesin pencari. Kirim situs web Anda secara online dan tonton streaming pengunjung ke bisnis Anda. Salam, Myrtice Melendez"
spam,"Ion Online Security Notification Dear LaSalle Bank Anggota, untuk mencegah akses tidak sah ke rekening bank internet LaSalle Anda, kami telah membatasi jumlah upaya login yang gagal. Anda telah melampaui jumlah upaya ini. Sebagai pengukuran keamanan tambahan, akses Anda ke perbankan online telah terbatas. Akses Anda ke mesin ATM dan LaSalle 24 - jam perbankan dan penjualan keuangan belum terpengaruh. Untuk memulihkan akses akun Anda, silakan ikuti tautan di bawah ini: Terima kasih telah menggunakan LaSalle Bank. LaSalle Bank - Departemen Online."
spam,"quelqu 'un t' aime en Secret quelqu 'un t' aime en secret et nous a charg? de te pr? venir, devine qui a flash? Sur toi en appelant le 08 99 701 123 * _ _ _ _ _ _ _ _ _ _ _ _ _ _ _ _ _ _ _ _ _ _ _ _ _ _ _ _ _ _ _ _ _ _ _ * 1. 12? / Min tuangkan ne plus pesan recevoir de, rpondez avec l 'objet stop."
spam,"Dapatkan tagihan popok bayi Anda dibayar selama setahun. Keluarga Anda pasti bisa menggunakan ini, sekarang pergi. mjirartt"
spam,"Artikel ISA tentang Aplikasi Otomasi Linux yang Tertanam - Waktu Linux. GJI Industrial Linux News: Majalah Intech edisi Juni ini memiliki artikel yang menarik tentang bagaimana aplikasi Linux yang benar -benar terbuka dapat menurunkan biaya pengembangan dan meningkatkan kinerja dan keandalan otomatisasi industri. Salinan artikel dapat ditemukan di: http: / / www. Sixnet - IO. com / html _ file / web _ artikel / linux _ artikel _ info. HTM Pembaruan Berita Linux ini dibawa kepada Anda oleh: www. Linux 4 OEM. Info Jika Anda tidak ingin menerima pembaruan berita Linux di masa depan, silakan balas E - email ini dengan subjek ""berhenti berlangganan"". Anda juga dapat berhenti berlangganan atau menyelesaikan kesulitan berlangganan dengan menelepon Sixnet di 518 - 877 - 5173 atau E - Mailing: LinuxNews @ Sixnet - IO. com. naorwnwbxbsttgvelamusbs"
spam,"Perangkat lunak terlokalisasi, semua bahasa tersedia. Halo, kami ingin menawarkan versi perangkat lunak yang terlokalisasi (Qerman, Prancis, Spanyol, Inggris, dan banyak lainnya). Semua perangkat lunak IISTED adalah avaiiabie untuk diunduh segera! Tidak perlu menunggu 2 - 3 minggu untuk pengiriman CD! Hanya sedikit contoh: - Norton Lnternet Security Pro 2005 - $ 29. 95 - Windows XP Professional dengan SP 2 Fuil Version - $ 59. 95 - Corel Draw Graphics Suite 12 - $ 49. 95 - Dreamweaver MX 2004 (Homesite 5. 5 termasuk) - $ 39. 95 - Macromedia Studio MX 2004 - $ 119. 95 Cukup telusuri situs kami dan temukan perangkat lunak apa pun yang Anda butuhkan di lanquage asli Anda! Reqards Terbaik, Mirian"
spam,"Selamat hpshum yang Anda menang! Selamat ! Pemberitahuan resmi hpshum @ hotmail. com Anda telah dipilih secara khusus untuk mendaftar untuk liburan Florida / Bahama! Anda akan menikmati: 8 hari / 7 malam akomodasi kelas LST berlaku hingga 4 pelancong mobil sewaan dengan jarak tempuh tak terbatas Kasino dewasa kapal pesiar yang hebat di Florida atraksi! lebih banyak lagi. . . klik disini ! (ketersediaan terbatas) untuk tidak lagi menerima penawaran ini atau lainnya dari kami, klik di sini untuk berhenti berlangganan. [bjk 9 ^ "":} h & * tgobk 5 nkiys 5]"
spam,"Saya tahu perusahaan Anda! LT sangat sulit untuk mengingat kembali perusahaan: Pasar penuh dengan saran dan informasi yang sama -sama; Tapi logo yang menarik, statlonery yang penuh gaya, dan Outstandlng Webslte Wiil membuat tugas lebih mudah. Kami tidak berjanji bahwa telah memesan IOGO perusahaan Anda akan otomatis menjadi ieader yang sangat baik: sangat jelas bahwa tanpa produk yang baik, organisasi bisnis yang efektif, dan tujuan praktisnya akan menjadi pasar yang sedang hotat saat ini; Tetapi kami berjanji bahwa upaya pemasaran Anda akan menjadi jauh lebih efektif. Berikut adalah daftar manfaat yang jelas: Kreativitas: Logo asli, buatan tangan, secara khusus dilakukan untuk mencerminkan citra perusahaan Anda yang khas. Kenyamanan: Logo dan alat tulis disediakan dalam semua format; Mudah - untuk - Gunakan sistem manajemen konten Letsyou ubah konten situs web Anda dan bahkan strukturnya. Ketepatan: Anda akan melihat draft logo dalam tiga hari kerja. Keterjangkauan: Istirahat pemasaran Anda - Melalui seharusnya membuat celah dalam anggaran Anda. 100 % Kepuasan Dijamin: Kami memberikan perubahan dalam jumlah tak terbatas tanpa biaya tambahan bagi Anda untuk menjadi surethat Anda akan menyukai hasil kolaborasi ini. Lihat portofolio kami _ _ _ _ _ _ _ _ _ _ _ _ _ _ _ _ _ _ _ _ _ _ _ _ _ _ _ _ _ _ _ _ _ _ _ _ _ _ _ _ _ _ _ _ _ _ _ _ _ _ _ _ _ tidak tertarik . . . _ _ _ _ _ _ _ _ _ _ _ _ _ _ _ _ _ _ _ _ _ _ _ _ _ _ _ _ _ _ _ _ _ _ _ _ _ _ _ _ _ _ _ _ _ _ _ _ _ _ _ _ _"
spam,"Rencana Kesehatan Kristen Kami menawarkan visi, gigi, medis, dan banyak lagi! Bekerja dengan orang -orang baik di Christian Health Center. Nilai -nilai kami membedakan kami. Klik di bawah: http: / / www. . com finish solutions 9600 la ciencnega Inglewood, CA 90301 Pesan E - Mail ini adalah iklan dan / atau ajakan."
spam,"Lebih dari 80 % penghematan pada semua terbaik - menjual judul windows opt - dalam email penawaran khusus berhenti berlangganan saya pencarian perangkat lunak teratas 10 judul baru yang dijual sekarang! 1 Office Pro 20032 Windows XP Pro 3 Adobe Creative Suite Premium 4 Norton Antivirus 20055 Flash MX 20046 Corel Draw 127 Adobe Acrobat 7. 08 Windows 2003 Server 9 Alias ​​Maya 6 Wavefrtl 0 Adobe Premiere Lihat lebih lanjut oleh produsen ini pelanggan perangkat lunak Microsoft Apple juga membeli barang -barang lainnya. . . Edisi Profesional Microsoft Office * 2003 * Microsoft Pilih: Lihat Pilihan Opsi Lain Harga: $ 899. Harga 00: $ 69. 99 Anda menghemat: $ 830. 01 (92 %) Ketersediaan: Tersedia untuk diunduh instan! Kode Kupon: ISE 229 Media: CD - Persyaratan Sistem ROM / Unduh | Accessories | Versi Lainnya Perumpamaan: Menganalisis dan mengelola informasi bisnis menggunakan database akses data pertukaran dengan sistem lain menggunakan aturan berbagi informasi kontrol teknologi XML yang disempurnakan dengan teknologi IRM yang ditingkatkan mudah - untuk - menggunakan Wizards untuk membuat e -mail newsletters dan materi pemasaran cetak lebih dari 20 Laporan Bisnis yang Diformat sebelumnya Preformated Preformated Peringkat Penjualan: # 1 Pengiriman: Internasional / AS atau melalui Kupon Tanggal Unduhan Instan Kedaluwarsa: 30 Juni 2005 Rata -rata Ulasan Pelanggan: Berdasarkan 1, 768 ulasan. menulis review . Microsoft Windows XP Professional atau Longhorn Edition Microsoft Pilih: Lihat Pilihan Opsi Lain Harga: $ 279. Harga 00: $ 49. 99 Anda menghemat: $ 229. 01 (85 %) Ketersediaan: Tersedia untuk unduhan instan! Kode Kupon: ISE 229 Media: CD - Persyaratan Sistem ROM / Unduh | Accessories | Versi Lainnya: Dirancang untuk bisnis dari semua ukuran mengelola gambar digital, musik, video, DVD, dan lebih banyak keamanan dengan kemampuan untuk mengenkripsi file dan folder yang dibangun - dalam suara, video, dan integrasi dukungan pesan instan dengan server Windows dan penjualan solusi manajemen Solusi Manajemen Peringkat: # 2 Pengiriman: Internasional / AS atau melalui Kupon Tanggal Unduhan Instan Kedaluwarsa: 30 Juni 2005 Rata -rata Ulasan Pelanggan: Berdasarkan 868 ulasan. menulis review . Adobe Photoshop CS 2 V 9. 0 Adobe Pilih: Lihat Daftar Opsi Lain Harga: $ 599. Harga 00: $ 69. 99 Anda menghemat: $ 529. 01 (90 %) Ketersediaan: Tersedia untuk diunduh instan! Kode Kupon: ISE 229 Media: CD - Persyaratan Sistem ROM / Unduh | Accessories | Versi Lainnya: Ruang kerja yang disesuaikan; Simpan ruang kerja dan pengaturan alat yang dipersonalisasi; Buat jalan pintas yang disesuaikan Efisiensi yang tidak tertandingi - - Otomatiskan tugas produksi dengan skrip yang dibangun atau skrip yang disesuaikan dengan manajemen file yang ditingkatkan, kemungkinan desain baru, dan cara yang lebih intuitif untuk membuat dukungan web untuk 16 - gambar bit, data mentah kamera digital, dan non - Square Pixels membuat atau memodifikasi foto menggunakan lukisan, gambar, dan retouching alat penjualan Peringkat: # 3 Pengiriman: Internasional / AS atau melalui kupon tanggal unduhan instan berakhir: 30 Juni 2005 Rata -rata Ulasan Pelanggan: Berdasarkan 498 ulasan. menulis review ."
spam,"Anda hanya berpikir Anda. S . warga negara ! ! 8403 ZMSX 2 - 110 - 12 Anda hanya berpikir Anda adalah u. S . warga negara ! ! Jika Anda lahir di Washington d. C . , Puerto Rico, Guam, Kepulauan Virgin atau U lainnya. S . kepemilikan; Anda benar dan saya salah. Tapi - - jika Anda dilahirkan di salah satu dari 50 Amerika Serikat, Anda bukan seorang u. S . warga negara . Sebaliknya, Anda adalah warga negara Idaho, Ohio, Maine, dll. ; Keadaan Uni di mana Anda dilahirkan! Realitas sederhana ini memiliki manfaat serius bagi Anda! Karena Anda bukan warga negara ""federal"", Anda tidak berutang pajak pada pendapatan federal. IRS hanya dapat menuntut pembayaran pajak penghasilan dari 3 jenis warga negara: 1. mereka yang warga negara u. S . ! 2. Siapa pun yang menerima ""pendapatan"" dari u. S . Sumber (dan tunggu sampai Anda mengetahui apa ""pendapatan"" sebenarnya!). 3. Setiap warga negara dari salah satu dari 50 Amerika Serikat yang sukarela membayarnya! Percaya atau tidak, - - ketika Anda menandatangani formulir IRS W 4 untuk ""majikan"" Anda, Anda telah menandatangani kontrak ""tersembunyi"" dan secara sukarela membayar! Situs web kami dipenuhi dengan informasi pendidikan dan pembukaan mata tentang bagaimana Anda telah ditipu dalam hal ini - dan bagaimana Anda dapat membebaskan diri dari pengkhianatan. Untuk hanya satu lagi E - Mail untuk mengarahkan Anda ke situs web kami: Balas dengan ""Citizen"" di kotak subjek. Klik di sini PS: Untuk dihapus dari daftar, cukup letakkan ""hapus"" di baris subjek. Klik di sini 0489 xpjk 9 - 7 ll 0 - - - - SF ini. Email bersih disponsori oleh: Jabber - platform komunikasi waktu yang paling cepat berkembang di dunia! jangan hanya aku. Bangunlah! http: / / www. Jabber. com / osdn / xim spamassassin - milis penampakan"
spam,"Logo Perfect Charset = Koi 8 - R ""> Berpikir untuk menghembuskan kehidupan baru ke dalam bisnis Anda? Mulailah dari memperbaiki identitas logo dan visuai. Pasar yang kuat ini juga akan menghirup udara segar ke dalam bisnis Anda dan membuat Anda menonjol Amonq para pesaing. Anda hanya berjarak satu klik dari kesuksesan masa depan Anda. Klik di sini untuk melihat sampi karya seni kami, periksa harga kami dan penawaran panas kami"
spam,"Bergabunglah dengan kelompok fokus untuk mendapatkan uang a la carte riset rekrut untuk kelompok fokus di seluruh negeri. Kelompok fokus adalah cara mudah untuk menghasilkan uang tambahan hanya untuk beberapa jam dari waktu Anda. Setiap kelompok hanya untuk tujuan mempelajari pendapat Anda. Anda dapat yakin bahwa tidak akan ada presentasi penjualan, dan Anda tidak akan diminta untuk membeli apa pun. Segala sesuatu yang disebutkan akan diadakan dalam kepercayaan diri yang paling ketat. Kelompok fokus memungkinkan Anda mengungkapkan pendapat Anda tentang subjek apa pun yang sedang dibahas dan kami benar -benar membayar Anda untuk pendapat itu. Jika Anda ingin ditambahkan ke daftar responden kami yang mungkin di masa depan, maka klik untuk mengisi formulir pendaftaran. Jika Anda memiliki pertanyaan tentang kuesioner ini, silakan E - kirimkan saya di register @ Alacarteresearch. com tulus, John Mooney"
spam,"Perbarui Informasi Akun Anda Klien LaSalle Bank, Layanan Teknis LaSalle Bank melakukan peningkatan perangkat lunak yang direncanakan. Kami dengan sungguh -sungguh meminta Anda untuk mengunjungi tautan berikut untuk memulai prosedur konfirmasi pada data pelanggan. Untuk memulai, silakan klik tautan di bawah ini: Instruksi ini telah dikirim ke semua pelanggan bank dan wajib untuk bera. Terima kasih, layanan dukungan pelanggan LaSalle Bank."
spam,"Pemberitahuan pengiriman untuk ini adalah pemberitahuan status pengiriman, secara otomatis dihasilkan oleh MTA Ironmail. telesal. Net on Tue, 19 Jul 2005 05: 01: 07 - 0600 tentang penerima: Antonioantoniomc @ telesal. Status Pengiriman Bersih: Gagal. Pesan tidak dapat dikirim ke domain - telesal. net. gagal menerima penerima. Respons MTA: 550 Header pesan asli disertakan sebagai lampiran."
spam,Undang -undang kredit ada di sisi Anda JM! Dapatkan kredit yang sempurna sekarang! Saya akan menunjukkan kepada Anda bagaimana Anda dapat dengan cepat dan mudah meningkatkan kredit Anda ke peringkat yang sempurna! Klik di sini sekarang untuk detail gratis lengkap!
spam,"Kita tahu STO - CKS Pop 3 Media Corp (POPT) sebuah perusahaan yang telah memposisikannya dalam kesenjangan antara kongiomerat media utama dan alam semesta musik independen, FIIM, perusahaan penerbitan dan technoiogy. Harga Saat Ini: 0. 025 Apakah akan terus lebih tinggi? Tonton ini hari Senin karena kami tahu banyak dari Anda menyukai momentum. Berita Terpisah! ! Pop 3 Media Corp. (POPT) dan Roxxy Corporation mengumumkan bahwa perusahaan telah masuk ke | Etter of Intent dimana Roxxy Corporation Wil | memperoleh 66 % bunga di anak perusahaan POP 3 yang dimiliki sepenuhnya, Viastar Distribution Group, inc. ""VDG,"" membentuk perusahaan musik baru yang revolusioner, kontroversi | Corporation Entertainment. Transaksi, yang terdiri dari saham dan uang tunai, saat dikompiet, wi | | Berikan pemegang saham POP 3 dengan 33 % saham di perusahaan baru. Manajemen Roxxy Wil | Mengoperasikan perusahaan dari kantor pusat di Los Angeles dan akan mengubah nama perusahaannya menjadi perusahaan hiburan kontroversial dalam beberapa minggu mendatang. Perusahaan bermaksud untuk Compiete dan melaksanakan Perjanjian Definitif pada 8 Juli, 2 OO 5, dan mencari Pemegang Saham Approva | segera sesudahnya. CEO Pop 3, John d. Aquiiino, menyatakan, ""Ailiance wi | | ini memungkinkan Pop 3 untuk mencapai visi strategisnya untuk menciptakan paradigma baru dalam industri musik. Yang berfokus pada mendukung artis dan musik yang mereka ciptakan sambil merangkul teknologi yang muncul dan memberi konsumen akses ke Berbagai seniman melalui berbagai media. ""Tim manajemen Roxxy menggabungkan eksekutif industri yang sangat berpengalaman yang diambil dari mayor | Abeis dan juga menghasilkan staf produsen di rumah yang termasuk yang paling infiuedia | Taients di industri musik saat ini. ""Ini adalah visi Roxxy untuk merebut peluang yang diberikan oleh label utama '| ACK komitmen kepada seniman dan pelanggan mereka; Labeis yang mengesampingkan artis mapan yang tidak dapat lagi menghasilkan rekaman penjualan multi -miilion, tetapi yang konsisten album reeiase yang mana yang mana yang mana yang mana yang mana yang membuat album reiease yang mana Jual ratusan ribu catatan ke Basis ARGE dan LOYA | Fan; Artis yang dapat memanfaatkan pendapatan antara $ 1 dan $ 5 juta per titie, ""kata John Shebanow, CEO Roxxy. ""Tambahan, akuisisi VDG Wi | | memberi kami kemampuan untuk mendistribusikan produk kami sendiri secara langsung ke ritel ke lebih dari 22, 0 oo retai | lokasi di Amerika Utara, efektif menggandakan margin laba bersih perusahaan dan mengganggu pendapatan yang meningkat peningkatan pendapatan yang meningkat pendapatan yang meningkat pendapatan yang meningkat pendapatan yang meningkat pendapatan yang meningkat pendapatan yang meningkat pendapatan yang meningkat dengan meningkat untuk meneruskan ke seniman kami. ""Mr. conciuded shebanow, ""Walaupun ada lebih kecil | Abels yang menyediakan rumah untuk tindakan ini, mereka tidak memiliki sumber daya keuangan yang berkomitmen pada jenis anggaran yang dibutuhkan oleh produsen caiiber yang kami butuhkan. Dan tidak ada perusahaan yang dibutuhkan perusahaan. Dan tidak ada perusahaan memiliki kombinasi unik dari produsen hebat, dalam - distribusi rumah dan dedikasi kepada artis dan pelanggan yang dimiliki hiburan kontroversial. ""Tentang Pop 3 Media Corp: Pop 3 Media Corp. terlibat dalam pengembangan, produksi, dan distribusi hiburan - media yang diriasi untuk FIIM, Teievision, Musik, dan Minat Penerbitan. Portfoiio Currentiy perusahaan ini memberikan kepemilikan Viastar Distribution Group, a. v. o. Studio, Pindah Pictures Internasional, Viastar Records, Quadra Records, Light of the Spirit Records, dan Viastar Ciassica | , Grup Manajemen Artis Viastar dan Masterdisk Corporation. Conciusion: Contoh -contoh di atas menunjukkan Potentia yang luar biasa dan mendapatkan Potentia | dari perusahaan kecil yang dikenal yang meledak ke layar radar investor; Banyak dari Anda yang sudah terbiasa dengan ini. Apakah Popt siap dan diposisikan untuk melakukan itu untuk Anda? Maka Anda dapat membayar | Waktunya telah tiba untuk bertindak. . . Dan silakan tonton perdagangan yang satu ini pada hari Senin! pergi popt. Stok sen dianggap sangat spekulatif dan mungkin tidak cocok untuk Al | tetapi investor yang sangat agresif. Profil ini sama sekali sama tidak terikat dengan perusahaan unggulan. Kami dikompensasi 3 oo 0 doilars untuk mendistribusikan laporan ini. Laporan ini adalah untuk tujuan hiburan dan iklan oniy dan shouid tidak digunakan sebagai saran investasi. Jika Anda ingin menghentikan masa depan Mai | - ings, atau jika Anda biaya | Anda salah | | Y piaced dalam keanggotaan kami, kirim email biank tanpa terima kasih di sub -ject ke harian _ 7 tip @ yahoo. com"
spam,"Apakah Anda siap mendapatkannya? Halo ! Viagra adalah Med # 1 yang berjuang dengan disfungsi ereksi mens. Seperti satu lelucon sais, itu cukup kuat untuk seorang pria, tetapi dibuat untuk seorang wanita; -) orderinq viagra oniine adalah cara yang sangat meyakinkan, cepat dan aman! Miilions orang melakukannya setiap hari untuk menyimpan privasi dan wesel mereka di sini. . ."
spam,"Apakah Anda siap mendapatkannya? Halo ! Viagra adalah Med # 1 yang berjuang dengan disfungsi ereksi mens. Seperti satu lelucon sais, itu adalah enouqh yang kuat untuk seorang pria, tetapi dibuat untuk seorang wanita; -) Memesan viagra oniine adalah cara yang sangat meyakinkan, cepat dan aman! Jutaan orang melakukannya untuk menyimpan privasi dan wesel mereka di sini. . ."
spam,"00971 50 2443308 Kevin Hubungi saya halo, bagaimana kabarmu dengan seluruh anggota keluarga Anda? Saya percaya bahwa Anda akan berada dalam posisi yang lebih baik untuk perusahaan dengan saya sehingga Anda memiliki pengetahuan yang luas di bidang transaksi dan investasi internasional. Saya telah mencari orang yang layak kepercayaan yang memahami etika investasi untuk memasuki kemitraan usaha patungan di sektor yang menguntungkan di negara Anda. Nama saya MR. Luma meskipun bukan nama lengkap saya, putra salah satu pemimpin pemberontak terkenal di Sierra Lone; Saya akan memberi Anda nama lengkap saya nanti. Saya sedang bersembunyi sekarang di negara di negara Anda. A . E Dubai karena kematian ayah saya baru -baru ini di penjara. Saya memiliki sejumlah besar uang untuk investasi yang secara diam -diam disimpan oleh almarhum ayah saya, pemerintah Sierra Lone mencari untuk memulihkan sebagian uang yang menghasilkan ayah saya ketika pasukan pemberontaknya menangkap penambangan berlian? S Lapangan di Sierra Lone. Uang itu dalam jutaan Anda. S . Dolar (US 25. 5 juta) dan saya tidak dapat bergerak secara bebas sekarang karena alasan yang akan saya jelaskan kepada Anda nanti, saya membutuhkan bantuan Anda secara mendesak untuk menjaga dan menginvestasikan uang ini di negara Anda. Saya mendapatkan kontak Anda melalui internet ketika saya mencari kontak asing. Dan juga membantu saya untuk menginvestasikan uang ini di sektor -sektor yang baik dan menguntungkan di negara Anda karena saya tidak mengenal siapa pun di sana dan saya masih muda, saya tidak memiliki pengalaman investasi. Saya akan sangat berterima kasih atas tanggapan Anda yang mendesak sambil berharap melakukan investasi yang baik dengan Anda pada usaha seumur hidup. Salam terbaik saya. Tn . Kevin."
spam,"Kembali Surat: Host Tidak Diketahui (Name Server: - - - - - -. Net: Host Tidak Ditemukan) Pesan asli diterima di TUE, 19 Jul 2005 05: 56: 17 - 0500 dari Yahoobb 218135092134. BBTEC. net [218. 135. 92. 134] - - - - - Alamat berikut memiliki kesalahan fatal permanen - - - - - - - - - - transkrip sesi berikut - - - - - 550. . . host unknown (name server: - - - - - - -. net: host tidak ditemukan)"
spam,"Nikmati Media (EJYM) memasuki pasar iklan TV Cina, Nikmati Media (EJYM), sebuah perusahaan media Cina, di jalur pertumbuhan cepat dengan mendaftar klien iklan Cina menikmati media mengantisipasi pertumbuhan yang kuat pada 2005 Jun 2005 6: 00: 00 AM AM Hak Cipta Bisnis Hak Cipta Bisnis Hak Cipta AM Wire 2005 Hong Kong - - (Kawat Bisnis) - - 7 Juni 2005 - - Nikmati Media Holdings Limited (Pink Sheets: EJYM) (www. Nikmati. Tujuan dan prospek yang direncanakan untuk beberapa bulan mendatang. Inisiatif utama untuk perusahaan adalah: Perluas jaringan restoran dan kafe yang ada meningkatkan pendapatan penjualan iklan dari media cetak saat ini memperoleh tambahan bisnis media menunggu media adalah pelopor di bidang media iklan cetak yang ditempatkan di restoran di Cina. Ini memasok produk kertas, seperti piring kertas, serbet dan layar lainnya, menampilkan iklan, gratis, ke restoran dan kafe. Nikmati daftar restoran dan kafe yang berkembang media sekarang lebih dari 1, 200 di kota -kota Guangzhou, Shanghai, Beijing dan Shenzhen. Media yang dicetak, disebut media tunggu, menampilkan iklan kepada pelanggan sambil menunggu pesanan makanan mereka dan selama waktu makan mereka. Restoran dan kafe di Nikmati Media Network, seperti kafe trendi, restoran makanan barat dan waralaba makanan cepat, biasanya beroperasi di berbagai lokasi di area lalu lintas tinggi, dan menarik pelanggan muda dan kulit putih. Nikmati media terus memberi tahu pengiklan tentang profil pelanggan, dan membantu mereka merancang dan memproduksi iklan yang sesuai. Tn . Bill Lu, presiden perusahaan, mengatakan, industri periklanan Cina adalah pasar terbesar ke -4 di dunia dengan lebih dari US $ 10 miliar pengeluaran pada tahun 2005 dan pertumbuhan ganda - digit dalam dekade terakhir yang diperkirakan oleh Merrill Lynch. Ditambah dengan penjualan restoran booming China, yang dilaporkan Bloomberg diperkirakan US $ 106 miliar dengan pertumbuhan 18 % pada tahun 2005, masuk akal untuk mengharapkan menikmati media akan mendapat manfaat langsung dari pertumbuhan fenomenal China dalam iklan dan pengeluaran makan. Kami sangat ingin memperluas kesuksesan kami ke kota -kota lain di Cina yang memanfaatkan keuntungan penggerak pertama kami saat ini. Kami juga berencana untuk memperluas tim penjualan kami untuk meningkatkan basis pengiklan kami. Langkah -langkah ini kemungkinan akan membawa dorongan yang signifikan untuk menikmati pendapatan media pada tahun 2005 dan waktu ke depan. Kami pada saat yang sama mencari peluang 'menunggu media' lainnya untuk melengkapi bisnis kami. Tentang Nikmati Media Holdings Limited Nikmati Media Holdings Limited (Nikmati Media) adalah perusahaan media dan periklanan yang inovatif yang berbasis di Guangzhou, Cina. Ini menargetkan segmen kerah muda dan putih muda dari pasar periklanan. Nikmati Placemat Paper Persediaan Media, serbet, dan pajangan lain yang menampilkan iklan, bebas biaya, ke jaringan lebih dari 1, 200 kafe dan restoran di kota -kota Guangzhou, Shanghai, Beijing dan Shenzhen di Cina. Klien periklanannya meliputi: China Telecom, China Mobile, China Unicom, Wrigley, Siemens, Samsung, Dell, dan banyak merek konsumen lainnya serta pengembang real estat. Nikmati media berharap untuk menumbuhkan jaringan restoran dan kafe menjadi lebih dari 4.000 dalam 3 tahun ke depan. Untuk informasi lebih lanjut tentang menikmati media, silakan kunjungi http: / / www. Nikmati. com. Sumber: Nikmati Media Holdings Limited Nikmati media yang ditandatangani media klien periklanan jangka panjang 15 Juni 2005 7: 00: 00 AM Hak Cipta Kawat Bisnis 2005 Hong Kong - - (Kawat Bisnis) - - 15 Juni 2005 - - Nikmati Media Holdings Limited (Pink Sheets : EJYM), perusahaan jasa media cetak dan iklan di China, mengumumkan hari ini bahwa mereka telah menandatangani kontrak iklan sepuluh tahun dengan Showood Creation Limited (www. Showgood. Com). Total nilai kontrak adalah US $ 964, 000 dibayarkan setiap bulan untuk US $ 96, 400 per tahun. Nikmati Media juga berencana untuk membeli 5 % dari Tujuan Tahu Tunduk pada uji tuntas lebih lanjut. Showgood adalah rumah produksi media dan hiburan yang kreatif, yang berbasis di Guangzhou, Cina. Produksi Showgood termasuk animasi untuk film, iklan, musik, dan multimedia online. Film dan iklan animasi ditampilkan di stasiun televisi nasional di seluruh Cina. Ini juga menerbitkan buku cerita animasi berdasarkan cerita rakyat Cina yang populer. Showgood saat ini telah menerjemahkan buku cerita dalam bahasa lokal dan menandatangani distribusi DVD untuk U. S . dan Pasar Thailand. Kliennya termasuk Coca - Cola, Motorola dan Yahoo! Cina. Kondisi pasar menjadi menguntungkan bagi tempat tidur karena pemirsa Cina semakin tertarik untuk melihat animasi buatan lokal. Otoritas Cina baru -baru ini mengirim surat terbuka yang mendesak stasiun televisi lokal untuk meningkatkan waktu siaran, termasuk primetime, untuk animasi yang diproduksi secara lokal untuk mendukung produser animasi domestik. Showgood mencatat pendapatan US $ 250.000 pada tahun 2004 dan diperkirakan akan meningkatkan pendapatan 2005 menjadi US $ 1, 700.000. Nikmati Media Rambu Up China Travel Service 21 Jun 2005 6: 00: 00 AM Copyright Business Wire 2005 Hong Kong - - (Kawat Bisnis) - - 21 Juni 2005 - - Nikmati Media Holdings Limited (Pink Sheets: EJYM), sebuah cetakan Perusahaan Layanan Media dan Periklanan di Cina, hari ini mengumumkan bahwa mereka telah menandatangani kontrak iklan dengan China Travel Service (Guangdong) Limited (www. GDCT. COM) (CTS). Tn . Bill Lu, presiden Nikmati Media, mengatakan, CTS, penyedia layanan perjalanan utama di China, telah menunjuk kami untuk memproduksi iklan untuk promosi paket tur mereka, mulai bulan ini. Industri perjalanan Cina, pasar US $ 36 miliar pada tahun 2004, akan tumbuh secara signifikan ketika pemerintah Cina melonggarkan kebijakan perjalanan internasional untuk warganya pada awal tahun 2005 untuk memasukkan lebih banyak negara di Asia Tenggara dan Eropa. CTS merencanakan lebih banyak promosi untuk bertepatan dengan tuntutan baru dari pelancong Tiongkok. Nikmati media dapat memberikan audiens yang sangat ditargetkan untuk CTS dengan jaringan kami yang berkembang. CTS adalah operator layanan perjalanan terkemuka di Cina selatan dengan 100 outlet ritel dan lebih dari 400 agen yang berafiliasi. Sejak didirikan pada tahun 1990, CTS telah berkembang pesat untuk memberikan reservasi untuk hotel, maskapai penerbangan, transportasi dan acara, dan telah menjadi salah satu merek perjalanan terbaik yang diketahui di Cina. Selama empat tahun berturut -turut, CTS adalah salah satu dari enam agen perjalanan internasional terbaik di Tiongkok dan peringkat pertama di provinsi Guangdong. Pada tahun 2004, CTS melayani lebih dari satu juta pelanggan, mencatat pendapatan US $ 96 juta. Untuk informasi lebih lanjut tentang menikmati media, kunjungi www. Nikmati. Com Forward - Pernyataan Terlihat: Pernyataan tertentu yang terkandung dalam siaran pers ini maju - pernyataan yang terlihat yang melibatkan risiko dan ketidakpastian. Pernyataan -pernyataan yang terkandung di sini yang tidak murni historis adalah pernyataan yang terlihat dalam arti Bagian 27 A dari Securities Act of 1933, sebagaimana diubah dan Bagian 21 E Undang -Undang Pertukaran Sekuritas tahun 1934, sebagaimana telah diubah. Forward - Pernyataan yang terlihat menangani rencana, niat, keyakinan, dan harapan perusahaan saat ini dan pernyataan kinerja ekonomi di masa depan. Pernyataan yang berisi istilah -istilah seperti percaya, tidak percaya, rencana, mengharapkan, bermaksud, estimasi, mengantisipasi dan frasa lain dari makna yang sama dianggap menyiratkan ketidakpastian dan melangkah maju - pernyataan yang tampak. Hubungi: Nikmati Media Holdings Limited MR. Zhongwen Chen, (86) 20 - 87521812 IR @ Nikmati. Com Safe Harbor Pernyataan Laporan ini hanya untuk tujuan informasi, dan bukanlah ajakan untuk membeli atau penawaran untuk menjual sekuritas. Investasi dengan harga kecil dan mikro - saham CAP dianggap sangat spekulatif dan dapat mengakibatkan hilangnya beberapa atau semua investasi yang dilakukan di perusahaan -perusahaan ini. Pemasaran ekuitas elit bukanlah penasihat investasi terdaftar atau pialang - dealer. Informasi, pendapat dan analisis yang terkandung di sini didasarkan pada sumber yang diyakini dapat diandalkan, tetapi tidak ada representasi, yang diungkapkan atau tersirat, dibuat mengenai keakuratan, kelengkapan, atau kebenarannya. Pendapat yang terkandung di sini mencerminkan penilaian kita saat ini dan dapat berubah tanpa pemberitahuan. Pemasaran ekuitas elit tidak bertanggung jawab untuk memperbarui informasi yang terkandung di sini terlepas dari perubahan dalam kondisi keuangan atau operasi Ejym. Karena pemasaran ekuitas elit telah menerima kompensasi untuk laporan ini, dan akan mendapat manfaat dari kenaikan harga saham perusahaan yang diiklankan, ada konflik kepentingan yang melekat pada pernyataan dan pendapat kami. Elite Equity Marketing tidak menerima tanggung jawab atas kerugian yang timbul dari ketergantungan investor pada, atau penggunaan, laporan ini. Ejym akan membutuhkan modal tambahan untuk mewujudkan rencana bisnisnya dan terus menjadi perhatian. Perusahaan pihak ketiga telah dibayar dalam jumlah sepuluh ribu dolar untuk transmisi pesan ini. Pemasaran ekuitas elit dan afiliasinya atau petugas dapat membeli atau menjual saham biasa, dari perusahaan yang disebutkan, di pasar terbuka atau dalam transaksi pribadi kapan saja tanpa pemberitahuan. Informasi tertentu yang dimasukkan di sini adalah ke depan - melihat dalam konteks Undang -Undang Reformasi Litigasi Efek Pribadi 1995, termasuk, tetapi tidak terbatas pada, pernyataan tentang manufaktur, pemasaran, pertumbuhan, dan ekspansi. Kata -kata ""mungkin,"" ""akan,"" ""Will,"" ""harapkan,"" ""perkiraan,"" ""mengantisipasi,"" ""percaya,"" ""bermaksud,"" dan ekspresi dan variasi yang sama dimaksudkan untuk mengidentifikasi pernyataan yang terlihat maju. Informasi yang tampak seperti itu melibatkan risiko dan ketidakpastian penting yang dapat memengaruhi hasil aktual dan menyebabkan mereka berbeda secara material dari harapan yang diungkapkan di sini. Pemasaran Ekuitas Elite 321 York Rd. 2 Nd Floor Towson, MD 21204 Pesan E - Mail ini adalah iklan dan / atau ajakan."
spam,"Saya pikir Anda mungkin tertarik halo, saya baru saja menemukan situs bernama Graand. com - Tempat gratis dan aman di internet untuk menempatkan iklan rahasia. Saya pikir saya harus mengundang Anda untuk memeriksanya. Salam, Walkerczesc, Wlasnie Znalazlam Stronke W Internecie Graand. com - miejsce w internecie, gdzie mozesz dawac darmowe ogloszenia. Pomyslalam, Ze Cie ke Zainteresuje. Pozdrawiam, Walker"
spam,"Proposal Investasi / Kemitraan Dear Sir, saya MR. Femi Olugbade, seorang eksekutif bank. Saya mengirim pesan ini kepada Anda dengan percaya diri. Saya meminta bantuan Anda dalam transfer sejumlah uang milik satu Tuan Barry Kelly (almarhum) yang kematiannya tidak kami sadari sampai kami tidak lagi mendapat balasan atas pemberitahuan rutin kami ke alamat penerusannya. Namun kami diberitahu oleh majikannya, bahwa ia meninggal karena kecelakaan mobil. Sekarang semua upaya untuk melacak kerabat terdekatnya terbukti gagal. Namun tidak ada jejak dalam dokumen resminya tentang kerabat terdekat. Garis dasar di sini adalah bahwa pada kedaluwarsa 6 tahun, uang itu akan kembali ke kepemilikan pemerintah. Tidak ada yang pernah datang untuk mengklaim uang ini telah menghabiskan 5 setengah tahun di bank kami. Jadi yang saya minta dari Anda hanyalah Anda harus berdiri sebagai saudara terdekatnya untuk menghindari uang masuk ke tangan pejabat pemerintah yang korup. Perhatikan juga, tidak mungkin bagi uang untuk meninggalkan kas bank tanpa kerabat terdekat, yang juga harus menjadi orang asing. Pekerjaan lebih lanjut dari inisiatif ini, dan rasio berbagi, ditambah kemungkinan bidang investasi akan dibahas segera setelah saya mendengar dari Anda. salam . Femi Olugbade"
spam,"Gunakan kalkulator bunga praktis ini untuk mendapatkan informasi tarif saat ini. yommc Gunakan kalkulator bunga praktis ini untuk mendapatkan data ketersediaan tarif saat ini, tanpa memberikan informasi pribadi atau pribadi apa pun. Ini dikirimkan kepada Anda oleh mediagroup untuk SmartMortgageUSA. Jika Anda memiliki pertanyaan, Anda dapat menghubungi SM - USA di: Tawarkan, ATTN: SmartMortgageUSA, hlm. o. Kotak 78361, San Francisco, CA 94107 - 8361. Jika Anda ingin mengecualikan diri dari item SM - USA di masa depan, silakan gunakan ini untuk pergi ke situs web dan kemudian gunakan pilihan di bagian bawah halaman. wwcidawgmcln"
spam,"  http: / / www. Virtu Ally - di mana saja. com / olahraga / halo, saya berharap Anda bisa membantu saya. Tautan di atas membawa Anda ke beberapa stadiumtour fasilitas yang dibuat oleh hampir di mana saja interaktif. Saya ingin memperkenalkan konsep tur virtual kepada orang -orang yang tepat di organisasi Anda. (Penjualan tempat duduk dan tiket premium pelanggan kami saat ini, pemasaran, PR dan departemen pengembangan bisnis mengalami kesuksesan besar dengan tur mereka. Mungkin ada peluang sponsor yang menarik dengan tur kami juga). Beri tahu saya siapa yang harus saya hubungi jika ini terlihat seperti hal yang menarik bagi organisasi Anda. Terima kasih banyak, Davidp. S . Anda mungkin telah melihat kami di acara ALSD di Houston (tahun lalu). Anda juga akan menemukan video instruksional yang kami hasilkan untuk acara itu di halaman Sameweb, http: / / www. Virtu Ally - di mana saja. com / olahraga /. David Bole 512 - 479 - 8222 PhoneHttp: / / www. Virtual - sebuah di mana -mana. comdavid @ vatour. com"
spam,"FWD: Selasa depan jam 9 pagi untuk rilis segera Cal - Bay (Simbol Saham: CBYI) Tonton untuk analis ""Rekomendasi Beli Kuat"" dan beberapa nawala penasihat memilih CBYI. CBYI telah mengajukan untuk diperdagangkan di THEOTCBB, harga saham secara historis meningkat ketika perusahaan terdaftar di TradingExhange yang lebih besar ini. Cbyi diperdagangkan sekitar $. 30? dan harus meroket menjadi $ 2. 66 - $ 3. 25 Saham dalam waktu dekat. Letakkan CBYI di daftar pengawasan Anda, dapatkan possion hari ini. Alasan untuk berinvestasi di CBYI perusahaan yang menguntungkan, tidak ada hutang dan berada di jalur untuk mengalahkan semua perkiraan pendapatan dengan peningkatan pendapatan 50 % per tahun! Salah satu distributor yang tumbuh paling cepat dalam instrumen peralatan keselamatan lingkungan. Tim manajemen yang sangat baik, beberapa kontrak eksklusif. Daftar klien yang mengesankan termasuk Theu. S . Angkatan Udara, Anheuser - Busch, Chevron Refining dan Mitsubishi Heavy Industries, GE -Energy Energy Research. Pendapatan industri industri yang berkembang pesat melebihi $ 900 juta, perkiraan menunjukkan bahwa mungkin ada sebanyak $ 25 miliar dari ""Teknologi Bau"" pada akhir tahun 2003. ! ! ! ! Selamat  ! ! ! ! ! Pelanggan Toour yang memanfaatkan rekomendasi OurLast untuk Buynxlc. itu bangkit dari $ 7. 87 hingga $ 11. 73! Semua menghapus yang dihormati. Mohon tunggu 7 hari untuk dilepas dan kirim semua alamat ke: honey 9531 @ mail. net. CN Pernyataan tertentu yang terkandung dalam rilis berita ini mungkin maju - pernyataan yang terlihat dalam arti Undang -Undang Reformasi Litigasi Sekuritas Pribadi 1995. Pernyataan -pernyataan ini dapat diidentifikasi oleh istilah -istilah seperti ""Harapan"", ""Percaya"", ""May"", ""Will"", dan ""Niat"" atau istilah serupa. Kami bukan penasihat investasi terdaftar atau dealer broker. Ini bukan penawaran untuk membeli atau menjual sekuritas. Tidak ada rekomendasi bahwa sekuritas perusahaan yang diprofilkan harus dibeli, dijual atau dipegang oleh individu atau entitas yang mengetahui perusahaan yang diprofilkan. Kami dibayar $ 27.000 dalam bentuk tunai oleh pihak ketiga untuk menerbitkan laporan ini. Berinvestasi di perusahaan yang diprofilkan adalah risiko tinggi dan penggunaan informasi ini hanya untuk tujuan membaca. Jika ada yang memutuskan untuk bertindak sebagai investor, maka itu akan menjadi satu -satunya risiko investor. Investor disarankan untuk tidak berinvestasi tanpa saran yang tepat dari pengacara atau broker keuangan terdaftar. Jangan hanya mengandalkan informasi yang disajikan, lakukan penelitian independen tambahan untuk membentuk pendapat dan keputusan Anda sendiri mengenai berinvestasi di perusahaan yang diprofilkan. Dianjukan bahwa pembelian sekuritas risiko tinggi tersebut dapat mengakibatkan hilangnya seluruh investasi Anda. Pemilik publikasi ini mungkin sudah memiliki saham perdagangan gratis di CBYI dan dapat segera menjual semua atau sebagian dari saham ini ke pasar terbuka pada atau sekitar saat laporan ini diterbitkan. Pernyataan faktual dibuat pada tanggal yang dinyatakan dan dapat berubah tanpa pemberitahuan. Tidak ditujukan untuk penerima atau penduduk Ca, Co, CT, DE, ID, IL, IA, LA, MO, NV, NC, OK, OH, PA, RI, TN, VA, WA, WV, WI. batal dimana dilarang. Hak Cipta C 2001 * * * * *"
spam,"Peluang Luar Biasa untuk ""Produsen Premier"" untuk wawancara telepon rahasia Harap lengkapi formulir Kirim Nama: E - Mail: Telepon: Kota: Negara Bagian: Area Bunga: Penuh - Pengelola Penjualan Agen Waktu Agen Umum Agen CPA Agen Independen Kami tidak menginginkan siapa pun untuk menerima atau mengirim yang tidak ingin menerimanya. Ini adalah komunikasi profesional yang dikirim ke profesional asuransi. Untuk dihapus dari milis ini, jangan membalas pesan ini. Sebaliknya, buka di sini: http: / / www. asuransi. Pemberitahuan hukum bersih"
spam,"V - Shoop Hello, Selamat datang di Medzonli Cloaca NE - Online Pharmaceutical Valorize Shop. vicelandic a casket m trickery vi r needlegun ac expedite I Undisciplined adalah substantival li a incurve g a Theology l andantherother. Dengan toko pertumpahan darah kami yang Anda dapatkan - Bes splenic t prlces exc ellen layanan yang tidak dikerjakan fa rhapsodical st shipping pribadi o suffocation nline pemesanan semoga harimu menyenangkan."
spam,"Anda hanya perlu 15 menit untuk mempersiapkan malam cinta. Obat ED generik langsung dari produsen. Para dewa mengunjungi dosa -dosa para ayah di atas anak -anak. Beberapa janji lebih baik dibiarkan tidak terungkap, saya dilahirkan - lagi ateis. Hidup kita mengajari kita siapa kita."
spam,"Apakah saya mengharuskan pengacara untuk menggunakan sistem ini dan membersihkan panggilan catatan saya tentang pembayaran terlambat dihentikan mati di jalur mereka. Kami telah memelopori sistem canggih dari strategi yang terbukti yang akan membuat para kreditor dan penagih utang dari punggung Anda untuk kebaikan program penghentian utang kami telah secara hukum menghentikan hutang bernilai jutaan dolar karena dikumpulkan. Lihatlah program eliminasi kami di sini http: / / bxr. km. ClassePleItems. com / g 8 / po box di tautan di atas dan Anda tidak bisa mengucapkan terima kasih untuk hari mendatang sekarang pecah, dan beberapa tatar muncul dan memeriksa tubuh orang Turki dengan gerutuan terkejut, karena tidak ada tanda kepadanya untuknya Tunjukkan bagaimana dia telah dibunuh. seandainya dia mati, mereka melemparkannya ke samping dan melupakan semua tentang dia Rob telah mengamankan cincin rubynya lagi, dan pergi ke tenda kepala itu dia menunjukkan permata itu kepada penjaga dan sekaligus diakui"
spam,"High - kualitas logo yang terjangkau citra perusahaan dapat mengatakan banyak hal tentang perusahaan Anda. Ritme hidup kontemporer terlalu dinamis. Terkadang dibutuhkan beberapa detik untuk perusahaan Anda diingat atau hilang di antara pesaing. Dapatkan logo, alat tulis bisnis, atau situs web Anda selesai sekarang! Turnaround cepat: Anda akan melihat beberapa varian LOQO dalam tiga hari kerja. Kepuasan Karanted: Kami memberikan perubahan dalam jumlah yang tidak terbatas; Anda dapat yakin: Ini akan memenuhi kebutuhan Anda dan sesuai dengan bisnis Anda. Diskon Fleksibel: Peningkatan IOQO, format tambahan, pesanan curah, paket khusus. Desain Kreatif untuk Harga Kompetitif: Mulailah saat ini!"
spam,Simpan uang Anda beli untuk mendapatkan barang ini di sini Anda belum mencoba ciall? Daripada Anda bahkan tidak bisa membayangkan bagaimana rasanya menjadi pria sejati di tempat tidur! Masalahnya adalah bahwa Errrectlon yang hebat disediakan untuk Anda saat Anda mau. CIAIIS memiliki IoT keunggulan dibandingkan Viaqra - efek IASTS 36 jam! - Anda siap untuk memulai hanya dalam 10 menit! - Anda bisa mencampurnya dengan alcohoi! Kami mengirim ke negara mana pun! DAPATKAN RIQHT SEKARANG! .
spam,"Re: Pil yang Disetujui Dokter LGW Seorang pria yang diberkahi dengan palu 7 - 8 ""lebih baik dilengkapi daripada seorang pria dengan palu 5 - 6"". Apakah Anda lebih suka lebih dari cukup untuk menyelesaikan pekerjaan atau gagal. itu benar -benar terserah Anda. Metode kami dijamin akan meningkatkan ukuran Anda dengan 1 - 3 ""datang ke sini dan lihat bagaimana - - - - email net ini disponsori oleh: ThinkGeek Selamat datang di Geek Heaven. http: / / thinkgeek. milis"
spam,"Beri tahu pelacur cam ini apa yang harus dilakukan untuk dihapus, silakan klik di sini atau sekadar menanggapi email ini. Alamat Anda akan dihapus dan diblokir dari yang pernah ditambahkan lagi. Silakan gulir ke bawah ke bagian bawah email ini untuk lebih jelasnya. Semua pertunjukan ini hidup sekarang! sensualitas ahotsexycouple candice sui _ lei liar _ kucing azcple Apa di dunia yang Anda tunggu? Klik sekarang dan beri tahu wanita ini apa yang harus dilakukan untuk Anda hidup di depan kamera. Jangan malu, hanya mendaftar secara gratis dan beri tahu mereka apa yang Anda inginkan dan Anda akan dapatkan. Klik di sini untuk pertunjukan langsung gratis! Ini adalah surat utama kami untuk semua situs afiliasi kami. Jika Anda memiliki pertanyaan tentang bagaimana Anda mendapatkan, silakan kirim email kepada kami dan kami akan dengan senang hati membantu. Cara tercepat untuk keluar dari daftar kami adalah dengan mengklik tautan ini. Jika Anda tidak memiliki akses ke sana, harap tanggapi email ini. Pastikan untuk menyertakan alamat email ini karena itu yang ada di daftar kami. zzzz @ contoh. com"
spam,"Re: Sistem Operasi Hukum Musim Panas - Penjualan NEWSLETTER OEM Software Kami menawarkan versi OEM murah dari perangkat lunak Popu % IAR Anda. OEM sepenuhnya legal - itu berarti Anda membeli salinan yang terdaftar, hanya tanpa kemasan dan manual cetak. Silakan lihat spesial berikut yang kami miliki: 1. Perangkat lunak Grafics hanya dengan $ 2 $ 2. Perangkat lunak kantor hanya 100 $ 3. Sistem Operasi hanya 50 $ Pricelist kami dapat ditemukan di: http: / / bigaaron. info /? 79 D 4 WF 45 DDA 2 DDD 3 ABF 6 Bebf 227 F 4 Cl 4 Adobe Photoshop CS Fitur Informasi: - Manajemen File yang Ditingkatkan, Kemungkinan Desain Baru, dan Cara yang Lebih Intuitif untuk Membuat untuk Web - Dukungan untuk 16 - Bit Gambar, Data mentah kamera digital, dan piksel non -persegi - buat atau memodifikasi foto menggunakan lukisan, gambar, dan alat retouching - ruang kerja yang disesuaikan; Simpan ruang kerja dan pengaturan alat yang dipersonalisasi; Buat pintasan yang disesuaikan - Efisiensi yang tidak tertandingi - Otomatiskan tugas produksi dengan skrip yang dibangun atau skrip yang disesuaikan: Dapatkan hasil yang unggul lebih cepat dengan industri - perangkat lunak Adobe Photoshop CS standar dan aplikasi produksi web terintegrasi, perangkat lunak Adobe ImageReady CS. Desainer grafis dan web, fotografer, dan profesional video dapat memanfaatkan fitur yang sangat diperlukan yang mencakup peningkatan manajemen file, kemungkinan desain baru, cara yang lebih intuitif untuk membuat web, dan dukungan untuk 16 - gambar bit, data mentah kamera digital, dan piksel non -persegi. Sekarang Anda dapat membuat gambar berkualitas tinggi lebih efisien dari sebelumnya. Situs kami memiliki info lebih lanjut: http: / / bigaaron. info /? 43 WCCD 54 C 3 FBFB 913 AB 837 CLF 453 FAL 6 Bagaimana Anda bisa menjual perangkat lunak ini sebagai OEM? Tampaknya terlalu bagus untuk menjadi kenyataan - apakah ada tangkapan? Tidak ada tangkapan - versi perangkat lunak yang kami jual adalah OEM (produsen peralatan asli) yang berarti Anda hanya akan menerima CD instalasi (mereka tidak datang dalam pengemasan ritel asli mereka dan tidak termasuk manual). Kami menjamin bahwa semua program adalah versi ritel kerja penuh 100 % - tidak ada demo atau versi akademik! Saat Anda memesan, Anda akan menerima semua bahan yang diperlukan untuk instalasi lengkap - atau uang Anda kembali! Mengapa membayar ratusan dolar lebih banyak ketika Anda bisa mendapatkan yang persis sama tetapi OEM - CD? Anda tidak perlu membayar sebanyak itu untuk kotak dan manual mewah. Mengapa perangkat lunak Anda begitu murah dibandingkan dengan pengecer lain? Kami meminimalkan overhead kami dengan menyimpan sebagian besar perangkat lunak terlaris dan mencoba untuk mendapatkan penawaran terbaik untuk mereka. Kami juga menjual apa yang disebut versi OEM, perangkat lunak yang sama dengan versi kotak tanpa kotak dan manual. Dengan melepaskan kotak mewah dan biasanya manual ramping, Anda akhirnya menghemat banyak. Terima kasih jika Anda ingin berhenti di masa depan m ai - - ling silakan buka di sini: http: / / kuental. info / fgh. php"
spam,"sshs. . Dapatkan CD perangkat lunak berbiaya rendah atau unduh! Temukan, bandingkan, dan beli perangkat lunak bisnis dan produktivitas dan produk perangkat lunak komputer lainnya. http: / / uga. 07 MX 3 HITFSOPXJ 0. Socagefh. COM Gairah Intelektual mengeringkan sensualitas. Hanya tindakan yang memberi kekuatan hidup; Hanya moderasi yang memberinya pesona."
spam,"Perangkat lunak terlokalisasi, semua bahasa tersedia. Halo, kami ingin menawarkan versi perangkat lunak yang terlokalisasi (Qerman, Prancis, Spanyol, Inggris, dan banyak lainnya). Ali Iisted Software adalah avaiiabie untuk diunduh segera! Tidak perlu menunggu 2 - 3 minggu untuk pengiriman CD! Hanya sedikit contoh: - Norton Lnternet Security Pro 2005 - $ 29. 95 - Windows XP Professivai dengan SP 2 FUII Version - $ 59. 95 - Corei Draw Graphics Suite 12 - $ 49. 95 - Dreamweaver MX 2004 (Homesite 5. 5 IncludeQ) - $ 39. 95 - Macromedia Studio MX 2004 - $ 119. 95 Cukup telusuri situs kami dan temukan perangkat lunak apa pun yang Anda butuhkan di iNInd ianguage Anda! Reqards Terbaik, Melynda"
spam,"Produk terbaik untuk film DVD Salin 2002? Ya ! Salin dan bakar film dan video DVD Anda sendiri dengan drive CD - R. * Pesan pada 21 September 2002, dan terima hadiah gratis berikut! 1. ""Film DVD GRATIS Pilihan Anda ($ 20. 00 Nilai) 2. Booster Baterai Ponsel (Nilai $ 19. 95) memiliki semua DVD yang selalu Anda inginkan dan mulai terbakar hari ini !. Klik di sini sekarang!"
spam,"Unduhan DVD 1 Minggu Gratis Kami dengan senang hati menawarkan kepada Anda. . . . Semua DVD Anda bisa menonton secara gratis. . . Apa pun kesenangan Anda, kami memiliki semuanya. . . Ambil sebanyak yang Anda inginkan dan tidak ada biaya apa pun. . . . Lihat judul 1000. . . . Tidak tahu ke mana harus mendapatkan DVD dewasa Anda? Sekarang Anda dapat mengunduh DVD tanpa batas (tanpa streaming) langsung ke hard drive Anda dan membakarnya, menontonnya, dan membaginya dengan teman. Buat film untuk jalan, rumah Anda atau bahkan untuk pesta. Dapat diketahui setiap orang yang rewel legitimasi wedge keenan keenan deskripsi hari keenan yang dapat dikenali pasien bellini notate pow pemuda termionik zig kru otokratis kru pickering komponen trem anselm mayat sciatica dunham paling banyak terima kasih tetapi bukan untuk saya: -)"
spam,"Petualangan Ultimate minggu ini. . . . . Penyewaan mobil Exoctic! Silakan klik untuk memasuki Millionaires Concierge 1332 Bayview Dr Fort Lauderdale, FL 33304 Pesan E - Mail ini adalah iklan dan / atau ajakan."
spam,"Anda tidak tahu cara menarik pelanggan ke situs web Anda? Mengirimkan situs web Anda di mesin pencari dapat meningkatkan penjualan online Anda secara dramatis. Jika Anda menginvestasikan waktu dan uang ke situs web Anda, Anda hanya harus mengirimkan situs web Anda secara online jika tidak, itu akan menjadi virtualiy yang tidak disukai, yang berarti upaya yang dihabiskan dengan sia -sia. Jika Anda ingin Peopie tahu tentang situs web Anda dan meningkatkan pendapatan Anda, cara Oniy untuk melakukannya adalah membuat situs Anda terlihat di tempat -tempat di mana orang mencari informasi, saya. e. Kirim situs web Anda di beberapa pencarian enqines. Kirim situs web Anda secara online dan tonton streaming pengunjung ke bisnis Anda. Reqards terbaik, kaiiafox _ _ _ _ _ _ _ _ _ _ _ _ _ _ _ _ _ _ _ _ _ _ _ _ _ _ _ _ _ _ _ _ _ _ _ _ _ _ _ _ _ _ _ _ _ _ _ _ tidak tertarik . . . _ _ _ _ _ _ _ _ _ _ _ _ _ _ _ _ _ _ _ _ _ _ _ _ _ _ _ _ _ _ _ _ _ _ _ _ _ _ _ _ _ _ _ _ _ _ _ _ _ _ _ _ _"
spam,"[Ilug] Re: Populer. biz dan. ekstensi com hanya $ 14. 95 Daftar. com ,. biz, dan. Info domain hanya $ 14. 95 Nama domain baru akhirnya tersedia untuk masyarakat umum dengan harga diskon. Sekarang Anda dapat mendaftarkan salah satu yang baru menarik. biz atau. Info nama domain, serta aslinya. com dan. Nama bersih hanya dengan $ 14. 95. Ekstensi domain baru ini baru -baru ini disetujui oleh ICANN dan memiliki hak yang sama dengan aslinya. com dan. Nama domain bersih. Manfaat terbesar adalah - tentu saja. biz dan. Nama domain info saat ini lebih tersedia. Saya . e. Akan jauh lebih mudah untuk mendaftarkan nama domain yang menarik dan mudah - untuk - ingat dengan harga yang sama. Kunjungi: http: / / www. Domainsforeveryone. com / hari ini untuk info lebih lanjut. Daftarkan nama domain Anda hari ini hanya dengan $ 14. 95 di: http: / / www. Domainsforeveryone. Biaya com / pendaftaran termasuk akses penuh ke panel kontrol yang mudah - untuk - untuk mengelola nama domain Anda di masa mendatang. Hormat kami, domain administrator domain untuk semua orang untuk menghapus alamat email Anda dari surat promosi lebih lanjut dari perusahaan ini, klik di sini: - - Grup Pengguna Linux Irlandia: ILUG @ Linux. yaitu http: / / www. Linux. IE / Mailman / ListInfo / ILUG untuk (UN) Informasi Berlangganan. Daftar Pemelihara: ListMaster @ Linux. yaitu"
spam,"Basis data yang tidak ingin Anda ketahui oleh Bill Gates! ! ! ! ! Jika Anda berjuang dengan akses MS untuk mengelola data Anda, jangan khawatir karena Bill Gates setuju bahwa ""akses membingungkan"". Jika Anda menemukan bahwa MS Excel baik -baik saja sebagai spreadsheet tetapi tidak memungkinkan Anda untuk membangun aplikasi dan laporan khusus dengan data Anda - tidak khawatir, ada alternatif. Berita baiknya adalah bahwa 1 juta pelanggan telah menemukan alternatifan yang sangat baik, perangkat lunak database kami yang tidak membuat Anda merasa seperti boneka secara gratis. Cukup email klik di sini, untuk menerima salinan kerja lengkap 30 hari gratis dari database pemenang penghargaan kami. maka Anda dapat memutuskan untuk sendiri. Lihat mengapa PC World menggambarkan produk kami sebagai ""database yang elegan dan kuat yang lebih mudah daripada akses"" dan mengapa InfoWorld mengatakan basis data kami ""meninggalkan MS Access in the Dust"". Kami telah berkecimpung dalam bisnis sejak 1982 dan diakui sebagai pemimpin dalam hal yang kuat tetapi digunakan untuk menyelesaikan kebutuhan bisnis dan manajemen informasi pribadi Anda. Dengan database ini, Anda dapat dengan mudah: mengelola penjadwalan, kontak, surat mengatur penagihan, faktur, piutang, inventaris trek hutang, peralatan dan fasilitas mengelola informasi pelanggan, layanan, karyawan, medis, dan catatan sekolah melacak dan melaporkan proyek, pemeliharaan dan banyak lagi . . . untuk dihapus dari daftar ini klik di sini"
spam,resep obat generik terbaik 4 kurang. Hemat hingga 90 % dari harga eceran! Jangan pernah menilai buku berdasarkan filmnya. Tidak boleh semua hal yang terakhir ditelan dalam kematian? Waktu untuk memperbaiki atap adalah saat matahari bersinar.
spam,"Beli viagra online! Ini cara terbaik Anda untuk membeli obat Anda. Keamanan - Kami menawarkan lebih banyak jaminan konsumen daripada usia situs web lainnya adalah peluang tidak kurang dari remaja itu sendiri. Saya mulai memiliki pikiran berdarah. Maafkan Musuhmu, tapi jangan lupakan nama mereka ."
spam,"FW: Pho. Toshop, windows, dari. fice. murah . Anda bisa mendapatkan perangkat lunak OEM termasuk Microsoft / Microsoft Office, Adobe, Macromedia, Corel, bahkan judul untuk Macintosh hingga 80 %. Anda perlu melihatnya untuk mempercayainya, Anda dapat mengunduhnya langsung dari situs ini dengan pergi ke sini, perlu diingat Anda harus membakar ISO ke CD, jika Anda tidak memiliki pembakar CD, Anda dapat pergi ke sini dan Mintalah mereka mengirimkannya ke depan pintu Anda tanpa biaya tambahan."
spam,"Bosan dengan tingkat hipotek Anda yang tinggi - pembiayaan kembali hari ini. . . . Pemilik rumah yang terhormat, suku bunga berada pada titik terendah dalam 40 tahun! Kami membantu Anda menemukan tarif terbaik untuk situasi Anda dengan mencocokkan kebutuhan Anda dengan ratusan pemberi pinjaman! Perbaikan rumah, pembiayaan kembali, hipotek kedua, pinjaman ekuitas rumah, dan banyak lagi! Anda memenuhi syarat bahkan dengan kredit yang kurang sempurna! Layanan ini 100 % gratis untuk pemilik rumah dan pembeli rumah baru tanpa kewajiban apa pun. Di mana orang lain mengatakan tidak, kami mengatakan ya! ! ! http: / / www. Halaman 4 Hidup. org / pengguna / pinjaman 4 u / Butuh hanya 2 menit untuk mengisi formulir berikut. Tidak ada kewajiban, semua informasi dirahasiakan, dan Anda harus berusia setidaknya 18 tahun. Layanan hanya tersedia di Amerika Serikat. Layanan ini cepat dan gratis. http: / / www. Halaman 4 Hidup. org / pengguna / pinjaman 4 u / untuk memilih keluar:"
spam,FW: Saya tidak sehat. Pada tahun 1839 tidak sama sekali Soccerwe ada di sini Coca Cola
spam,"Re: Mobile Scanner 5 INL System untuk Penggunaan Perusahaan (Berbagai Pemindai Portabel) Dear Sir, kami dengan senang hati mengumumkan peluncuran sistem INL seluler 5 yang baru, unik dan dipatenkan dari produk portabel perusahaan kami yang paling terkenal E - Situs Belanja untuk India . Jajaran produk pemindai seluler total ini diluncurkan, menjaga penggunaan perusahaan dalam pikiran yang selanjutnya dapat membantu Anda memperkuat sistem Anda & ya. . . . Neeedless untuk menyebutkan itu akan sama -sama efisien juga. Sistem Manajemen Data Total Mobile 5 Inl kami memiliki fitur berikut: 1. Berat teringan: Hanya 340 gram 2. Ukuran terkecil: panjangnya hanya 10 cm dan lebar 3 cm 3. Kecepatan tercepat: 3 halaman per menit dan 9 kartu biz per menit 4. Resolusi tertinggi: 1200 * 600 dpi 5. Termudah dalam Instalasi dan Operasi: Sebagian besar antarmuka klien berbasis GUI yang ramah pengguna dengan fitur drop drop 6. Aplikasi terluas: dibundel dengan dunia no. 1 Paket Perangkat Lunak yang dapat digunakan untuk memindai, mengirim email, menyiapkan presentasi, pengambilan dokumen, pengambilan kartu, manajemen kontak, manajemen data, generator PDF, mesin OCR dan banyak lagi. . . 6. Unik dalam Teknologi: Pixel dengan pemindaian Pixel (bukan Teknologi Pemindaian Garis demi Garis) 7. dipatenkan dalam teknologi: Hanya berbagai produk yang dipatenkan di India di bawah segmen ini 8. Paling dihargai oleh majalah bisnis World Wide 9. Memiliki rekam jejak suara klien yang puas di seluruh dunia 10. Dapat memindai foto, cek, kertas hukum, surat, dokumen, gambar, kartu dan kemudian dapat digunakan lebih lanjut untuk aplikasi yang Anda wajib dengan layanan bernilai tambah. 11. Sistem seluler ini memiliki kisaran empat produk secara total yaitu 464, 2300, 660 dan 800 U 12. Kisaran dimulai dari Rs. 6, 500 hingga Rs. 11, 000 / - Silakan klik tautan berikut untuk melirik foto pemindai seluler portabel kami (model bijaksana): Mohon balas ini dengan ekspresi minat Anda pada rentang produk kami. Kami akan mencari janji temu Anda setelah menerima email yang menarik untuk mengadakan demonstrasi langsung di kantor Anda. Kami tidak akan mengenakan biaya apa pun untuk demonstrasi langsung ini di kantor Anda. Kami juga mencari dealer di seluruh negeri (India). Salam hangat S / D MS. Deepti Sapre Head (Bantuan Pelanggan - 5 Sistem Seluler INL) India - Mumbai HQ (Kantor di Mumbai, Pune, Delhi dan Baroda) Email: Mobishop @ rediffmail. COM Seluler: + 919820640281 | + 919820501457"
spam,"Perangkat lunak terlokalisasi, semua bahasa tersedia. Halo, kami ingin menawarkan versi perangkat lunak yang terlokalisasi (Jerman, Prancis, Spanyol, Inggris, dan banyak lainnya). Perangkat lunak terdaftar AII tersedia untuk downioad segera! Tidak perlu menunggu 2 - 3 minggu untuk pengiriman CD! Hanya sedikit contoh: - Norton Lnternet Security Pro 2005 - $ 29. 95 - Windows XP Professional dengan versi SP 2 FULI - $ 59. 95 - Corel Draw Graphics Suite 12 - $ 49. 95 - Dreamweaver MX 2004 (Homesite 5. 5 Inciuding) - $ 39. 95 - Macromedia Studio MX 2004 - $ 119. 95 Cukup telusuri situs kami dan temukan perangkat lunak apa pun yang Anda butuhkan di iNInd ianguage Anda! Salam Hormat, Ardeil"
spam,"Pemberitahuan dari Sky Bank # 6521 - 320719 - 9595 - 6540595 Pengguna Perbankan Online Sky, kami telah memperhatikan banyak jumlah upaya login yang gagal di rekening perbankan online Anda Sky. Dalam situasi ini, kami harus menonaktifkan akses akun Anda. Itu berarti kami telah memblokir semua jenis akses saya di akun online Anda. Untuk membuka blokir Anda, silakan klik di sini atau ikuti tautan dan selesaikan proses verifikasi dan identifikasi diri Anda sebagai pemilik akun yang sebenarnya. Kami menyarankan Anda untuk menyelesaikan proses verifikasi dalam waktu 24 jam untuk menghindari penutupan akun permanen. Ini semua tentang keamanan akun Anda. Kami sangat menyesal atas ketidaknyamanan. Tim Keamanan Sky yang tulus 2005 Sky Financial Group, Inc."
spam,"ingin aku di atas? 189643322211 menguji pelacur -pelacur jahat ini! akses gratis ! ! keras dan gratis! Tak ada yang akan hilang ! ! Klik di sini, tidak diperlukan keanggotaan! Catatan gratis: 84221111000"
spam,"Butuh seniman grafis? kemarilah . Berpikir untuk menghirup kehidupan baru ke dalam bisnis Anda? Mulailah dari memperbaiki bagian depannya - endlogo dan visualidentitas. Kami menawarkan desain kustom kustom IOQOS, alat tulis dan web - situs. Di bawah Tangan Carefui kami, MarketInt MarketInq Tools, Wili Brinq menghirup udara segar ke dalam bisnis Anda dan membuat Anda menonjol di Amonqthe Pesaing. Anda hanya jauh dari kesuksesan masa depan Anda. Klik di sini untuk melihat Sampies karya seni kami, harga chersour dan penawaran panas. _ _ _ _ _ _ _ _ _ _ _ _ _ _ _ _ _ _ _ _ _ _ _ _ _ _ _ _ _ _ _ _ _ _ _ _ _ _ _ _ _ _ _ _ _ _ _ _ _ _ _ _ _ _ _ tidak tertarik . . . _ _ _ _ _ _ _ _ _ _ _ _ _ _ _ _ _ _ _ _ _ _ _ _ _ _ _ _ _ _ _ _ _ _ _ _ _ _ _ _ _ _ _ _ _ _ _ _ _ _ _ _ _ _ _"
spam,"Re: Harga tinta membuat Anda sedih? 11956 Apakah Anda ingin menghemat hingga 80 % pada printer, persediaan mesin faks faks? Pada merek seperti - Epson Canon Hewlett Packard Lexmark lebih banyak! Jaminan kepuasan kualitas 100 % atau uang Anda kembali! Gratis pengiriman hari yang sama untuk semua pesanan AS * Kami akan mengalahkan harga apa pun di internet - dijamin! * * Klik di sini untuk memesan sekarang! Atau hubungi kami tol - gratis di 1 - 800 - 758 - 8084! * Pengiriman gratis hanya pada pesanan $ 40 atau lebih. * * Kami mengalahkan harga pengecer online sebesar 5 %. Hubungi kami dengan URL (situs web) yang mengiklankan harga yang lebih rendah dan setelah kami memverifikasi harga, kami akan mengalahkannya sebesar 5 %! (Harus produsen yang sama) Anda menerima penawaran khusus ini karena Anda telah memberikan izin untuk menerima komunikasi email mengenai promosi atau penawaran online khusus. Jika Anda merasa telah menerima pesan ini dalam kesalahan, atau ingin dihapus dari daftar pelanggan kami, klik di sini. Terima kasih dan kami mohon maaf atas ketidaknyamanan ini."
spam,Bantuan televisi pada tahun 1919 dengan kursi ke pengetahuan saya. Chrono Cross pada tahun 1969
spam,"Lihat apa yang dilakukan Sandy di asramanya! ! Minggu ini: Sydney Bares All in the Park! Bergabunglah dengan dia dalam obrolan remaja kami! Perhatikan strip Sandy telanjang di asramanya! Yang terbaik dari semuanya, lihat semuanya 4 gratis! Jangan lewatkan! Tonton dengan kagum sebagai Stacey Suck - Mulai Ken! Dan bonus kami: Pam & Tommy Uncut! Cerita Forum Penthouse! Jenna Jamieson di Jennamaxx! ! Masuk ke sini secara gratis sekarang!"
spam,"Tingkatkan anatomi Anda sistem Longz, baik kapsul dan manual instruksional gratis, memberi Anda cara paling efektif untuk mencapai keuntungan ukuran langsung dan meningkatkan kekuatan dan kekuatan ereksi Anda. 90 % pria tertarik untuk meningkatkan stamina seksual, kinerja, dan ukuran kejantanan mereka. Apakah Anda salah satu dari 90 %? Saya berusia 67 tahun. Saya sangat waspada untuk meletakkan detail saya di internet, tetapi saya sangat senang itu berhasil untuk saya. Produk Anda tiba hanya 2 hari setelah saya memesan, dan kemasannya sangat bijaksana, yang sempurna bagi saya. Saya terkejut melihat seberapa cepat pil itu berlaku, dan saya juga mencoba latihan, yang menurut saya sederhana dan mudah dimengerti. Saya sekarang memiliki banyak energi, dan merasa seperti pria baru. Saya tidak cukup berterima kasih! Ronald, Phoenix Periksa satu -satunya formula peningkatan pria dengan DVD http: / ACOH gratis. 3. Besar terbesar. com / ng / bukan untuk Anda, lalu gunakan tautan di atas Anda tampaknya cukup ingin menyingkirkan uang, kata Rob, dengan ceroboh. Berapa nilai Anda? secara pribadi? ya tidak ada sama sekali, anak muda"
spam,"Kami Medzo Cool kami, Selamat datang di toko Medzonli Shop NE, kami senang memperkenalkan diri sebagai salah satu toko apotek Acuticai yang ieading online. Bertobat v Blokade r a congou l autocar ll L chitterlings dan AC Dendriform l adalah penting va u Exposition m dan banyak lainnya. - Simpan ov lacteal er 75 % - Total percaya diri dimorf ty - SHLPPLN di seluruh dunia intaliled g - lebih dari 5 pelanggan miilion di 150 coun freemason mencoba memiliki hari kondensor yang menyenangkan!"
spam,"OP Investasi dalam Teknologi NASA yang terbukti Hei, saya pikir Anda mungkin ingin melihat penelitian analis viaspace, melaporkan layanan profil oleh iPodesktop. com viaspace, inc. Simbol stok: VSPC. OB * float: 24 mm (EST) Harga saham 7/1/05: $ 3. 45 Saham Biasa 6/28/05: 283 mm (EST) Kisaran Harga Terbaru: $ 2. 80 - $ 3. 45 Kapitalisasi Pasar Ekuitas: $ 976 mm * Sebelumnya bisnis publikasi luas global untuk mengganggu dan menggusur sel bahan bakar, keamanan tanah air, dan pasar keselamatan publik, VSPC menggunakan teknologi yang dipatenkan berdasarkan ratusan upaya program program ruang angkasa. VSPC memiliki teknologi berlisensi yang telah dipelihara, diuji, dan terbukti di laboratorium dan ruang oleh NASA, JPL, Caltech dan University of Southern California (USC). Alamat: 2400 Lincoln Avenue, Altadena, California 91001 Telepon: (626) 296 - 6310 Faks: (626) 296 - 6311 CEO: DR. Situs Web Carl Kukkonen: Tekan di sini Negara Bagian atau Yurisdiksi Penggabungan atau Organisasi lainnya: Agen Transfer Nevada: Badan Nevada dan Perusahaan Trust Investor Kontak: (888) 359 - 9558, E - Mail: Tekan ke Ringkasan Email dengan Teknologi Kepemilikan VSPC mengemudi mengemudi Pertumbuhan pasar baru yang sangat besar, miliaran dolar dan diharapkan menghasilkan pendapatan berulang yang sangat signifikan dengan produk teknologi yang dipatenkan. Untuk mendapatkan keunggulan kompetitif, mitra strategis bersedia mengintegrasikan produk VSPC secara dunia. Biaya VSPC di masa depan - Pertumbuhan yang efektif didasarkan pada model 'Fabless Business', disempurnakan oleh industri semikonduktor yang, misalnya, melakukan outsourcing wafer manufaktur ke Timur Jauh. Tim Manajemen yang Kuat Tim manajemen yang kuat adalah unsur yang paling penting dan penting untuk menciptakan nilai pemegang saham di masa depan. VSPC memiliki tim manajemen yang kuat (lihat di bawah). Pasar besar yang berkembang pesat secara umum, untuk meningkatkan nilai pemegang saham yang harus dipartisipasi perusahaan di pasar yang berkembang pesat, dan harus mencoba menjadi pemain yang signifikan di pasar yang ditargetkan. VSPC berharap mendominasi pasar miliaran dolar yang tidak ada saat ini, dengan memperkenalkan inovasi teknologi 'percaya atau tidak' yang menciptakan dan memperluas pasar. Produk ""Breakthrough"" dalam Produk VPSel Pipa VSPC dalam proses komersialisasi diharapkan memungkinkan hingga 10 jam penggunaan komputer laptop, dan tiga minggu operasi ponsel menggunakan sel bahan bakar, GPS - navigasi gratis, terutama untuk tempat di mana GPS tidak tidak 'T Work (prioritas DOD teratas), analisis otomatis wadah kargo udara dan pelabuhan berdasarkan pencitraan x - ray (keamanan tanah air), identifikasi narkotika, bahan kimia, dan senjata biologis. Terobosan total lainnya, dengan spektrometer massa berbasis nanoteknologi adalah perangkat ukuran portabel, pada ukuran koper yang memproses mengidentifikasi satu molekul pada satu waktu: miniaturisasi lebih lanjut diharapkan menjadi ukuran kotak sepatu, dibandingkan dengan ukuran meja stasioner yang disediakan oleh pesaing saat ini. Penghasilan berulang yang signifikan dari baterai sel bahan bakar dalam lima tahun, pendapatan tahunan dari kartrid bahan bakar sekali pakai untuk perangkat elektronik portabel sel bahan bakar diperkirakan berkisar antara $ 7 miliar di sisi rendah hingga $ 45 miliar di sisi tinggi. Pasar itu tidak ada saat ini. Model bisnis kartrid sel bahan bakar VSPC mirip dengan model pisau cukur / pisau cukur yang diketahui, yaitu menjual pisau cukur dan kemudian menghasilkan lebih banyak uang untuk bisnis blade yang berulang. Sel bahan bakar adalah pisau cukur, dan kartrid bahan bakar sekali pakai adalah pisau cukur. Analogi lain adalah model senter / baterai. Bayangkan jika sebuah perusahaan memiliki kekayaan intelektual utama yang terlibat dalam senter manufaktur. Ini mungkin akan melisensikan teknologi itu ke produsen senter utama, sebagai imbalan atas bantuan dalam mendominasi bisnis baterai senter yang berulang. Dalam hal ini VSPC memiliki hak milik untuk 'senter' - - sel bahan bakar - - dan bermaksud untuk menjual ""baterai senter"" - - secara khusus, masing -masing kartrid bahan bakar sekali pakai, untuk akhir - harga pengguna $ 2 - $ 3 masing -masing . VSPC saat ini sedang bernegosiasi untuk menyediakan teknologi sel bahan bakar yang dipatenkan kepada produsen komputer utama, dengan imbalan perjanjian mereka untuk menggunakan kartrid bahan bakar sekali pakai yang dikembangkan oleh VSPC, yang pembuatannya akan di -outsourcing untuk diketahui dengan baik, pabrik besar di Timur Jauh. Kekayaan intelektual yang dilindungi dengan teknologi sel bahan bakar Paten VSPC, misalnya, dilindungi oleh lebih dari 70 paten yang dikeluarkan dan tertunda. Mitra strategis meminjamkan kredibilitas untuk menciptakan biaya - perusahaan yang efektif di seluruh dunia, perusahaan baru harus bermitra dengan perusahaan bermerek, global yang memiliki tim manajemen yang kuat dan sumber daya yang signifikan. VSPC bermitra dengan para pemimpin pasar besar yang dikenal dengan baik yang memiliki manajemen, sumber daya, dan branding global. Mitra tertarik pada teknologi VSPC, dan berharap untuk mendapatkan keunggulan kompetitif dengan mengintegrasikan teknologi yang dipatenkan dan berpemilik yang diperoleh dari VSPC. Misalnya, dalam bisnis sel bahan bakar, Toshiba, NEC, Sanyo, Hitachi dan Samsung telah meluncurkan produk bertenaga sel bahan bakar prototipe yang lebih dari dua kali lipat waktu operasi dibandingkan teknologi baterai yang ada. Perusahaan -perusahaan ini adalah mitra strategis potensial untuk VSPC. Untuk bekerja dengan lebih baik dengan produsen Jepang, VSPC telah membuka kantor Tokyo. Model bisnis ""Fabless"" memungkinkan biaya - pertumbuhan perusahaan semikonduktor chip yang efektif merancang dan mengembangkan chip berpemilik, kemudian melakukan outsourcing manufaktur ke pabrik wafer di Timur Jauh. Beberapa perusahaan semikonduktor Fabless yang dikenal baik, yang diperingkat berdasarkan kapitalisasi pasar, termasuk kapitalisasi pasar $ 12 miliar, Broadcom (BRCM) pers di sini untuk melihat kapitalisasi pasar $ 11 miliar, MARVELL Semiconductor (MRVL) di sini untuk melihat kapitalisasi pasar $ 9 miliar, Xilinx (xlnx) Tekan di sini untuk melihat $ 7. 3 miliar kapitalisasi pasar, Altera (ALTR) Tekan di sini untuk melihat $ 4. 5 miliar kapitalisasi pasar, NVIDIA CORP (NVDA) Tekan di sini untuk melihat $ 4. 4 miliar kapitalisasi pasar, Sandisk Corp (SNDK) Tekan di sini untuk melihat kapitalisasi pasar $ 3 miliar, ATI Technologies (ATYT) Tekan di sini untuk melihat (produk teknologi lain yang akan dibahas dalam pembaruan laporan analis masa depan) VSPC berharap menggunakan komputasi yang muncul, RF yang muncul, RF , Teknologi pencitraan dan nanosensor untuk mendorong pertumbuhan pasar dengan memungkinkan GPS - navigasi gratis, terutama di mana GPS tidak bekerja - - prioritas DoD teratas; Analisis otomatis wadah kargo udara dan pelabuhan berdasarkan pencitraan x - ray - - untuk aplikasi keamanan tanah air; dan identifikasi narkotika, bahan kimia, dan senjata biologis. Bila perlu kami juga akan memberikan pembaruan tentang proyek yang saat ini sedang ditinjau, yang mencakup teknologi pemurnian air dan radio interaktif. Chief Executive Officer Manajemen: DR. Carl Kukkonen, CEO dan mitra pendiri. Sebelum mendirikan Viaspace Technologies LLC, DR. Kukkonen adalah Direktur Pusat Teknologi Mikroelektronika Space (CSMT) dan Manajer Superkomputer di Laboratorium Propulsi Jet Caltech / NASA di Pasadena, CA. di jpl, dr. Kukkonen mengelola beberapa teknologi dan tim teknis, termasuk fondasi teknis anak perusahaan yang beroperasi. Di antara prestasi utamanya, dr. Kukkonen membangun Centre for Space Microelectronics menjadi operasi 250 orang dengan anggaran tahunan $ 70 m dari Nothing selama karirnya selama 14 tahun dengan JPL. Sebelum pengalaman JPL -nya, Dr. Kukkonen berada di Ford Motor Company, di mana ia menjadi ahli terkemuka Ford tentang hidrogen sebagai bahan bakar otomotif alternatif. Dia juga memimpin tim yang mengembangkan mesin diesel injeksi langsung Turbocharged Turbocharged pertama. dr. Kukkonen menerima gelar BS dalam fisika dari University of California di Davis. Dia mendapatkan MS dan PH. D dalam fisika dari Cornell University dan merupakan post -rekan kerja di Purdue. Chief Operating Officer / Wakil Presiden Pengembangan Bisnis: a. J . Abdallat, seorang co - pendiri Viaspace. Tn . Abdallat, bersama dengan dr. KUKKONEN, CO - Didirikan tujuh perusahaan dan mengumpulkan lebih dari $ 30 juta dalam ventura dan investasi dan kontrak strategis. Tn . Abdallat adalah pendiri Viaspace Technologies LLC dan sebelumnya dengan Hewlett - Packard Company (HP) dan Control Data Corporation (CDC) yang bekerja dalam pengembangan bisnis, pemasaran, dan penangkapan program. Dia memimpin dan mengelola tim untuk HP dan CDC untuk menangkap kontrak pemerintah besar dan berhasil memenangkan banyak kesepakatan besar dan kompleks di pemerintah, pertahanan kedirgantaraan, dan sektor manufaktur. Tn . Abdallat menerima gelar master di bidang teknik dari University of Missouri dan A BS dari University of California di Berkeley. Chief Financial Officer, Sekretaris, dan Bendahara: Stephen Muzi sebelum bergabung dengan Viaspace, MR. Muzi adalah pengontrol perusahaan dari Southwest Water Company, sebuah perusahaan Nasdaq dengan pendapatan lebih dari $ 100 juta. Dalam posisi ini, ia bertanggung jawab atas semua persyaratan pelaporan SEC serta pelaporan Dewan Direktur. Dia mengelola jalur hubungan perbankan kredit mereka, program manajemen risiko, program audit internal, dan persyaratan pajak penghasilan. Dia juga membuat presentasi kepada broker investasi dan analis atas nama perusahaan yang berfokus pada pandangan untuk masa depan dan kinerja keuangan masa lalu. Sebelum ke Southwest Water Company, MR. Muzi adalah auditor senior dengan BDO Seidman, perusahaan CPA nasional. Tn . Muzi menerima gelar BS -nya dari Rochester Institute of Technology dan gelar MBA dari Universitas Negeri New York di Buffalo. Dia adalah akuntan publik bersertifikat. Anggota Direksi DR. Sandeep Gulati Dr. Sandeep Gulati adalah mantan kepala kelompok teknologi ultracomputing di Lab Propulsi Jet Caltech / NASA di Pasadena, CA. Dia adalah pengembang teknologi pemrosesan sinyal revolusioner, QRI di Vialogy Corp. yang diinkubasi dengan viaspace. Selama masa dua belas tahun di JPL, ia memimpin kemajuan komputasi dalam otonomi pesawat ruang angkasa, diagnostik otonom dan prognostik sistem yang kompleks, informasi, sensor dan fusi data, jaringan saraf, pemrosesan sinyal, pemodelan keputusan perintah dan analisis intelijen. Di bawah kepemimpinannya, kelompok teknologi ultracomputing yang berfokus pada penelitian pemotongan dalam teknologi komputasi ultrascale, seperti komputasi kuantum, biokomputasi, dan aplikasi mereka untuk desain dan operasi pesawat ruang angkasa generasi berikutnya. dr. Gulati adalah ilmuwan utama JPL pada sejumlah program RD dasar dan terapan dari relevansi nasional seperti DoD Strike Fighter (JSF), kendaraan peluncuran yang dapat digunakan kembali NASA, dan konsorsium Deeplook industri minyak. Dia berkolaborasi dalam program strategis dengan Lockheed Martin, Boeing, Northrop Grumman, McDonnell Douglas, Rockwell, Pratt Whitney, dan NASA Center. Juga, dr. Gulati adalah seorang pendiri dan chief science officer Vialogy Corp. , Diinkubasi oleh Viaspace, dan rekan pendiri Arroyo Sciences, sekarang anak perusahaan yang sepenuhnya dimiliki di dalam viaspace. di Vialogy Corp. dr. Gulati menemukan dan mengembangkan teknologi pemrosesan sinyal revolusioner, interferometri resonansi kuantum (""QRI"") untuk mendeteksi, membedakan dan mengukur sinyal spatio - temporal dan peristiwa yang memiliki intensitas hingga 10, 000 x lebih rendah dari kebisingan latar belakang di sekitarnya. dr. Gulati memiliki lebih dari 12 paten yang dikeluarkan, 20 paten yang tertunda dan lebih dari 80 publikasi di jurnal arsip dan proses konferensi. Dia memiliki gelar MBA dari Universitas Pepperdine (91), b. Tech dalam Ilmu Komputer dari Institut Teknologi India, New Delhi ('86) dan PhD dalam Ilmu Komputer dari Louisiana State University (' 90). Mengenai janji temu, dr. Kukkonen menyatakan, ""Dr. Gulati dan saya telah bekerja bersama dalam beberapa program dan memulai perusahaan selama lebih dari 16 tahun. Dia adalah tambahan yang berharga bagi Dewan Direksi kami. Dia telah menjadi kunci dalam membangun Divisi Ilmu Arroyo dan kami berharap untuk kontribusinya untuk eksekusi yang lebih luas di viaspace. Khususnya ia akan memberikan arahan strategis untuk perpaduan teknologi komputasi, pencitraan RF dan nanosensor yang muncul. S Jet Propulsion Laboratory dan pusat teknologi canggih lainnya menjadi perusahaan komersial yang menguntungkan melalui koneksi yang kuat dengan komunitas teknologi canggih. Melalui tiga anak perusahaannya - - Arroyo Sciences, Ionfinity, dan Direct Methanol Fuel Cell Corporation (DMFCC) - - VIASPACE memiliki portofolio teknologi tinggi yang beragam yang mencakup mikroelektronika, sensor, keselamatan publik keamanan tanah air, sel energi / bahan bakar, teknologi komputasi informasi, RFID, E - Keuangan, dan Perdagangan E - Mobile. Viaspace mengembangkan teknologi ruang dan pertahanan yang terbukti menjadi produk perangkat keras dan perangkat lunak yang memenuhi kebutuhan pasar yang tinggi dan menyelesaikan masalah kompleks saat ini. Manfaat viaspace dari lisensi penting dan hubungan strategis dengan laboratorium jet propulsi Caltech / NASA dan laboratorium penelitian universitas lainnya. Tim ViASPACE memiliki keahlian yang terbukti untuk keberhasilan komersialisasi inovasi dalam teknologi informasi, ilmu fisik dan ilmu kehidupan yang dikembangkan di lembaga penelitian akademik dan laboratorium nasional. Perusahaan saat ini berfokus pada teknologi yang awalnya dikembangkan untuk NASA dan Departemen Pertahanan AS yang telah mencapai tahap kematangan tertentu. Investasi awal dalam teknologi ini berjumlah jutaan dolar dan bertahun -tahun RD, memungkinkan viaspace untuk mengelola proses komersialisasi dengan hanya investasi tambahan sederhana dan sangat mengurangi risiko teknis. pasangan viaspace Sumber teknologi dan kemampuan validasi yang luar biasa dengan proses yang didorong oleh validasi pasar yang didorong. Keputusan tentang transfer teknologi dan pengembangan produk berbasis, pertama dan terpenting, tentang kebutuhan pasar. Selain keahlian internal kami, Viaspace mendapat manfaat dari keahlian domain para ahli terkemuka yang berfungsi di dewan penasihat ilmiah dan bisnis kami dan dari jaringan global informal peneliti, analis teknologi, dan profesional teknologi dan investor yang akan sulit ditiru. Dalam enam tahun terakhir, Viaspace dan anak perusahaannya telah mendapatkan lebih dari $ 30 juta dalam pembiayaan usaha dan investasi strategis. Investor awal termasuk Hewlett Packard, Divine Interventures, Komisi Pengembangan Masyarakat Los Angeles County, Blueprint Ventures, United Company, Bioprojects International, Forrest Binkley Brown, American River Ventures, dan Nth Power. Viaspace telah melahirkan 3 perusahaan: Spectrasensors (tekan untuk pergi ke situs), QWIP Technologies (tekan untuk pergi ke situs), dan Vialogy Corp (tekan untuk pergi ke situs). Perusahaan -perusahaan ini, saat ini pada berbagai tahap kematangan, diposisikan dalam pasar pertumbuhan tinggi dan siap untuk profitabilitas. Saat ini, Viaspace memfokuskan upayanya pada tiga anak perusahaannya - - Ilmu Arroyo, Ionfinity, dan Langsung Methanol Fuel Cell Corporation (DMFCC) - - dan pada peluang teknologi tinggi baru. Lihat Laporan Lengkap Periksa Kembali Periksa kembali di sini untuk angsuran tambahan dari Laporan Analis VSPC kami, dan untuk analisis rilis pers VSPC termasuk apa artinya bagi investor. Lihat Laporan Lengkap Lihat Laporan Lengkap Untuk Bergabung dengan Marker Movers Mailings Press di sini untuk mengetahui lebih lanjut. 2400 Lincoln Ave Altadena, CA 91001 Safe Harbor Pernyataan Informasi ini adalah iklan berbayar. Setiap pandangan yang diungkapkan di sini disediakan untuk tujuan informasi saja dan tidak boleh ditafsirkan sebagai penawaran, pengesahan, atau bujukan untuk membeli atau menjual sekuritas. Bronks Communications, Inc. (BCI) menerima kompensasi untuk mencetak dan mendistribusikan iklan ini dari pihak ketiga sebagai upaya untuk membangun kesadaran investor tentang Viaspace Inc. (VSPC). Kompensasi adalah seratus ribu dolar. Kompensasi ini merupakan konflik kepentingan tentang kemampuan BCI untuk tetap objektif dalam komunikasi kita mengenai VSPC. BCI memiliki 1, 000 saham biasa di VSPC. BCI tidak membuat representasi atau jaminan yang berkaitan dengan validitas, keakuratan, kelengkapan, atau pengurutan yang benar dari fakta dan informasi yang disajikan, juga tidak mewakili atau menjamin bahwa semua fakta material yang diperlukan untuk membuat keputusan investasi disajikan di atas. Pernyataan faktual yang terkandung dalam iklan ini dapat berubah tanpa pemberitahuan. Kinerja masa lalu tidak menjamin hasil di masa depan. BCI bukan penasihat investasi terdaftar, broker atau dealer. Semua pernyataan pendapat, jika ada, adalah orang -orang dari analis, yang mengandalkan informasi yang diyakini dapat diandalkan, seperti pengajuan publik VSPC, dokumen bisnis, dan situs webnya. Laporan analis hanya untuk tujuan informasi. Para analis dikontrak oleh BCI untuk menulis laporan mereka dan dibayar total lima belas ribu lima ratus dolar. Laporan analis independen dalam iklan ini bukan merupakan rekomendasi individual kepada Anda untuk membeli atau menjual keamanan tertentu. Setiap pendapat, perkiraan, atau perkiraan tentang VSPC atau kinerja yang diprediksi yang dibuat oleh para analis dalam iklan ini adalah milik mereka sendiri dan tidak mewakili pendapat, perkiraan atau prediksi BCI. Orang yang tertarik harus mendapatkan laporan lengkap analis sendiri. Laporan analis tidak dimaksudkan untuk lengkap dan tidak dimaksudkan untuk digunakan sebagai dasar utama untuk keputusan investasi. Berinvestasi dalam VSPC harus ditinjau sebagai spekulatif dan risiko tinggi dan dapat mengakibatkan hilangnya sebagian atau semua investasi yang dilakukan di VSPC. Informasi keuangan spesifik, pengajuan, dan pengungkapan spesifik lebih lanjut, serta informasi investor umum tentang perusahaan publik tersedia di situs web Securities and Exchange Commission www. Sec. Pemerintah dan www. nasd. com. Informasi yang terkandung di sini berisi informasi yang lebih maju dalam arti pasal 27 A dari Securities Act of 1993 dan Bagian 21 E dari Securities Exchange Act of 1934, termasuk pernyataan mengenai pertumbuhan yang diharapkan dari perusahaan unggulan. Sesuai dengan ketentuan pelabuhan yang aman dari Undang -Undang Reformasi Litigasi Sekuritas Pribadi, BCI mencatat bahwa pernyataan yang terkandung di sini yang menantikan waktu (yaitu: kata -kata seperti mungkin, akan, akan, memperkirakan, mengantisipasi, percaya, bermaksud), yang mencakup segala sesuatu yang lain dari informasi historis, melibatkan risiko dan ketidakpastian yang dapat memengaruhi hasil operasi aktual VSPC. Faktor -faktor yang dapat menyebabkan hasil aktual berbeda termasuk ukuran dan pertumbuhan pasar untuk produk VSPC, kemampuan VSPC untuk mendanai persyaratan modalnya dalam waktu dekat dan dalam jangka panjang; Tekanan harga, masalah teknologi, dll. Media Matrix 7025 County Rd. , 46 A DTE 1071 # 349 Lake Mary, FL 32746 Pesan E - Mail ini adalah iklan dan / atau ajakan."
spam,"berfungsi dengan baik ingin tahu cara menghemat mual 60 % pada piil Anda? http: / / www malam. Registeouse. com - Successl dan terbukti cara Seeborn o Save You Sememe R Money. Keputusasaan v Deliquescence Ag Efektuasi Al Outspeak Lu Auxiliary L R Pothole A Tapestry CL Actinic Isva Connoisseur l Pecksniff M and Moyother. Kesedihan PRLC terbaik. Kuaiitas konfluen tinggi. keinginan shlpplng di seluruh dunia. untuk kebodohan, percaya diri. 250. 000 + OMER FLEXILE CUST CUST. Semoga D yang bagus mengangguk ay!"
spam,"Perangkat lunak terlokalisasi, semua bahasa tersedia. Halo, kami ingin menawarkan versi perangkat lunak yang terlokalisasi (Jerman, Prancis, Spanyol, Inggris, dan banyak lainnya). Perangkat lunak terdaftar AII tersedia untuk downioad segera! Tidak perlu menunggu 2 - 3 minggu untuk CD Deiivery! Hanya sedikit eksampi: - Norton Internet Security Pro 2005 - $ 29. 95 - Windows XP Professionai dengan SP 2 Fuil Version - $ 59. 95 - Corel Draw Graphics Suite 12 - $ 49. 95 - Dreamweaver MX 2004 (Homesite 5. 5 termasuk) - $ 39. 95 - Macromedia Studio MX 2004 - $ 119. 95 Cukup telusuri situs kami dan temukan perangkat lunak apa pun yang Anda butuhkan di Ianquage asli Anda! Reqards Terbaik, Fredericka"
spam,"Terobosan Medis Besar Potensi Laba Besar Terobosan Medis Utama Potensi Profit Potensial Bayangkan diri Anda sebagai pemilik bagian dari status layanan penuh yang paling menarik - dari - - fasilitas medis seni, dilengkapi dengan alat diagnostik pemindaian yang paling canggih dan efektif yang tersedia saat ini. Electron Beam Tomography adalah teknologi diagnostik pemotongan - tepi yang mampu menyediakan kristal - bola - seperti melihat masa depan medis Anda. Teknologi ini telah ditampilkan di Oprah, Larry King, Good Morning America, dan USA Today. Pemindaian EBT sekarang ditanggung oleh sebagian besar perusahaan asuransi kesehatan dan HMO, menyebabkan ledakan dalam penggunaan dan permintaan yang sangat tinggi untuk prosedur ini. EBT dapat mengidentifikasi penyakit jantung bertahun -tahun sebelum tes treadmill menunjukkan kelainan dan bertahun -tahun sebelum serangan jantung mungkin terjadi. Peningkatan luar biasa pada tomografi terkomputerisasi standar, juga dikenal sebagai CT atau CAT scan, elektron balok tomografi memberikan gambar detak jantung hingga 10 kali lebih cepat dan lebih jelas daripada pemindai konvensional lainnya. Kemampuan dramatis dari teknologi spektakuler ini harus memberikan peluang investasi yang luar biasa bagi mereka yang menetapkan - dari klinik rawat jalan - seni, untuk memberikan prosedur pemindaian tubuh EBT kepada orang Amerika yang sadar kesehatan. Proyeksi 10 - tahun pengembalian 916 %. Pemindaian tubuh penuh menggunakan teknologi ini juga dapat digunakan untuk mendeteksi osteoporosis, aneurisme, emfisema, batu empedu, hernia hiatal, kondisi tulang belakang degeneratif, serta kanker paru -paru, hati, ginjal, dan usus besar. Bayangkan menjadi berperan dalam membawa perangkat medis diagnostik dan preventif yang paling revolusioner ke pasar. Diperlukan investasi minimum $ 15 K. hanya pertanyaan serius. Untuk menerima video gratis Anda. isi formulir ini . Nama: Nomor Telepon (Termasuk Kode Area): Alamat surat: Provinsi / Negara Bagian: Kode Pos E - Alamat Surat: Untuk dihapus dari daftar ini, harap balas dengan berhenti berlangganan. Terima kasih . http: / / xent. com / mailman / listInfo / fork"
spam,Teman dan keluarga terbaik Anda pantas mendapatkan album foto internet terbaik! distribusi perangkat lunak. kuda ! kuda ! Kerajaan saya untuk kuda! Pahlawan seringkali adalah pria yang paling biasa.
spam,Tidak ada orang yang buruk yang dibintangi semut untuk mengetahui cara menghemat lebih dari 60 % pada piil Anda? http: / / www. antar menentang baik. com - Sukses dan air yang terbukti untuk S Corbel ave uang Anda. heinous v a Pugnacity g a wajib di diarchy u hardiood l r praktisi mandibula cl harslet isva beruntung l muddle m anddanyother. PRLC BEST EROTHWARD ESH. Hig Souffle H Quaiity. Worldw Enchantress IDE SHLPPLNG. Tota Ellipse l Sikmatiaiity. 250. 000 + Omers Bengalee Cust Cust. Semoga hari Anda menyenangkan!
spam,"Hai . Kami berhutang sejumlah uang kepada Anda, kami mengirimi Anda email beberapa waktu yang lalu, karena Anda sekarang memenuhi syarat untuk tarif yang jauh lebih rendah berdasarkan penurunan tarif terbesar dalam bertahun -tahun. Anda telah disetujui untuk pinjaman rumah $ 400.000 dengan tarif tetap yang rendah. Ikuti tautan ini untuk memproses aplikasi Anda: Formulir persetujuan 1 menit. Hormat kami, manajer akun senior David Morrison Rogan and Associates, LLC http: / / www. Pinjaman - Blocksx. com / r. php - re - mov - e saya dari daftar"
spam,"Perluas penis Anda 20 % lebih besar dalam beberapa minggu tambahkan 3 + inci hari ini - jangan ditinggalkan http: / / www. Xunepa. COM / SS / Secara tradisional, sebagian besar impor Australia berasal dari luar negeri. Kita harus menjalani hidup kita seolah -olah Kristus datang sore ini. Nihilisme paling baik dilakukan oleh para profesional. Terkadang memberi adalah suatu keharusan. . . Lebih mendesak, memang, daripada memiliki. Tidak ada seorang pun di dunia yang membutuhkan mantel bulu tetapi bulu."
spam,"Dapatkan versi terbaru, CD dan unduh di bawah $ 99 berbagai aplikasi perangkat lunak, driver, dan banyak lagi. http: / / oqqoe. 29 oz 512 VHCK 9 HLK. Plazajm. NET seorang penyair lebih dari tiga puluh tahun hanyalah anak yang ditumbuhi. Cara kita melihat masalahnya adalah masalahnya."
spam,gratis $ $ $ untuk bisnis atau CWFQT pribadi memulai bisnis atau mendanai perguruan tinggi anak Anda tanpa hutang. Dapatkan uang yang Anda butuhkan dan tidak perlu membayarnya kembali. Memulai bisnis atau menempatkan anak Anda melalui perguruan tinggi adalah tugas yang mahal. di situlah kami dapat membantu. Ebook kami yang berharga akan menghubungi Anda dengan ribuan program untuk membantu Anda mendapatkan uang yang Anda butuhkan. Itu adalah hibah gratis & uang beasiswa yang tepat. Jangan biarkan orang lain mendapatkan bagian Anda! Reg. Harga $ 34. 95 pesanan pada 31 Juli dan hemat $ 10. 00. Tur situs web kami yang aman untuk lebih jelasnya: Anda menerima penawaran khusus ini karena Anda telah memberikan izin untuk menerima promosi online pihak ketiga. untuk dihilangkan dari pemasaran di masa depan: - - - - SF ini. Email bersih disponsori oleh: ThinkGeek Selamat Datang di Geek Heaven. http: / / thinkgeek. COM / SF Spamassassin - Penampakan Mailing List
spam,"Perangkat lunak terlokalisasi, semua bahasa tersedia. Halo, kami ingin menawarkan versi perangkat lunak yang terlokalisasi (Jerman, Prancis, Spanyol, Inggris, dan banyak lainnya). Semua perangkat lunak IISTED tersedia untuk downioad segera! Tidak perlu menunggu 2 - 3 minggu untuk pengiriman CD! Hanya sedikit contoh: - Norton Internet Security Pro 2005 - $ 29. 95 - Windows XP Professionai dengan SP 2 Fuil Version - $ 59. 95 - Corei Draw Graphics Suite 12 - $ 49. 95 - Dreamweaver MX 2004 (Homesite 5. 5 IncludeQ) - $ 39. 95 - Macromedia Studio MX 2004 - $ 119. 95 Cukup telusuri situs kami dan temukan perangkat lunak apa pun yang Anda butuhkan di Lanquaqe asli Anda! Reqards Terbaik, Lewis"
spam,"Apakah Anda terdaftar di mesin pencari utama? Mengirimkan situs web Anda di mesin pencari dapat meningkatkan penjualan online Anda secara dramatis. Jika Anda menginvestasikan waktu dan uang ke situs web Anda, Anda harus mengirimkan situs web Anda oniine jika tidak, itu akan menjadi virtuaiiy, yang berarti upaya yang dihabiskan dengan sia -sia. Jika Anda ingin orang tahu tentang situs web Anda dan meningkatkan pendapatan Anda, cara ONIY untuk melakukannya adalah dengan membuat situs Anda visibie di piaces di mana orang mencari informasi, saya. e. Kirim situs web Anda dalam pencarian multipie enqines. Kirim situs web Anda secara online dan tonton streaming pengunjung ke bisnis Anda. Salam Hormat, SheiiafitzGerald _ _ _ _ _ _ _ _ _ _ _ _ _ _ _ _ _ _ _ _ _ _ _ _ _ _ _ _ _ _ _ _ _ _ _ _ _ _ _ _ _ _ _ _ _ _ _ _ _ _ _ _ _ tidak tertarik . . . _ _ _ _ _ _ _ _ _ _ _ _ _ _ _ _ _ _ _ _ _ _ _ _ _ _ _ _ _ _ _ _ _ _ _ _ _ _ _ _ _ _ _ _ _ _ _ _ _ _ _ _ _ _"
spam,"Buat dialup Anda lebih cepat bagaimana kabarmu, visioson @ hpp. za. NET Temukan bagaimana perangkat keras revolusioner kami akan mempercepat koneksi modem dialup Anda! Salin dan tempel situs web kami di antara panah di bawah ini: >>>> Klik 4 Abargain. Info Ttyl, Henry m. Olariu, III projecthoneypot @ projecthoneypot. org org org - c l i c k 4 a b a r g a i n. i n f o / r tentang kehidupan. Saya seorang guru anak -anak prasekolah penyandang cacat. Saya telah membuat perangkat lunak untuk anak -anak di ruang kelas saya selama delapan tahun terakhir. Selama 23 tahun terakhir saya telah menemukan banyak jenis kecacatan dan banyak jenis orang tua. pertanyaan . Lawrence sudah menyukai menari. . Pria yang tidak pernah membuat kesalahan selalu menerima perintah dari orang yang melakukannya. . Sangat menyenangkan untuk melakukan hal yang mustahil. Walt Disney. Tidakkah kamu benci berlari dengan sembrono? ."
spam,Belajar bermain Texas Hold 'Em dan klasik poker lainnya di situs gratis paling populer. - Dapatkan bonus $ 100 dari Partypoker. Kunjungi di sini. jybwgyay
spam,"Perangkat lunak harus mudah digunakan! Tujuh Hari - Tujuh Cara Menyimpan! Diskon 10 % Hard Drivres Tidak ada aturan lain. seseorang seseorang, tidak peduli seberapa kecil."
spam,Pemberitahuan Status Pengiriman - Penerima pesan Anda telah diproses oleh server surat: Antoniobdantas @ Zipmail. com. BR; gagal ; 4. 4. 7 (waktu pengiriman kedaluwarsa)
spam,"Cobalah ouut halo, selamat datang di farmon contention line tarbrush shop - salah satu toko farmasi oniine terkemuka klasik slatternly v tidak splisit g siliceous al bandit ll provinsialisasi la fruity rac kemudian l i enamel sv chrome a u konjungtur m dan banyak lainnya. - S Apponition Ave lebih dari 50 % - SHLPPLN di seluruh dunia memikat g - Total Sejarawan percaya diri - lebih dari 5 miiii messieurs pada pelanggan di 130 negara surgawi semoga harimu menyenangkan!"
spam,"Identitas dan logo visual sekarang mengerjakan citra perusahaan Anda? Mulailah dengan identitas visual kunci untuk kesan baik pertama. Kami di sini untuk membantu Anda! Kami akan mengambil bagian dalam BuildInq visuai positif Imaqe dari perusahaan Anda oleh CreatInq Loqo yang luar biasa, barang alat tulis yang dapat dipresentasikan dan situs web profesional. Pemasaran ini juga Wiii secara signifikan berkontribusi keberhasilan bisnis Anda. Ambil Iook di Sampies Work kami, Paket Kesepakatan Panas dan lihat apa yang kami tawarkan. Kami bekerja untuk Anda! _ _ _ _ _ _ _ _ _ _ _ _ _ _ _ _ _ _ _ _ _ _ _ _ _ _ _ _ _ _ _ _ _ _ _ _ _ _ _ _ _ _ _ _ _ _ _ _ _ _ _ _ _ _ _ tidak tertarik . . . _ _ _ _ _ _ _ _ _ _ _ _ _ _ _ _ _ _ _ _ _ _ _ _ _ _ _ _ _ _ _ _ _ _ _ _ _ _ _ _ _ _ _ _ _ _ _ _ _ _ _ _ _ _ _"
ham,"Re: Halo Team Ken: Kami sangat senang dengan ALP kami di Enron. Kami berharap dapat bekerja dengan Anda dan tim Anda dan belajar tentang ruang broadband. Kamis di Cacciatore kedengarannya baik -baik saja dengan kami. Sampai jumpa di sana jam 7:00 hal. M . Enron Alp Team - - - - - Pesan Asli - - - - - dari: Kenneth. Parkhill @ Enron. com [Mailto: Kenneth. Parkhill @ Enron. com] Dikirim: Selasa, 23 Januari 2001 10: 47 AM ke: luigical @ rice. edu; ghosei @ nice. edu; ghoshr @ nice. edu; iqbal @ nice. edu; pravas @ nice. edu; cwomack @ nice. edu; Barrett @ Rice. edu; uecker @ nice. edu; Loughrid @ Rice. Edu CC: Vince. J . Kaminski @ Enron. Com Subjek: Hello Team Kami sangat senang dapat menyambut tim ALP Anda ke Enron. Kami ingin bekerja dengan Anda semester ini. Untuk memulai, kami ingin mengundang Anda ke Cacciatore Kamis ini untuk makan malam (1/25/01, 7 malam). Jika Anda tidak tahan dengan masakan Italia, atau ingin mencoba hari atau waktu yang berbeda, jangan ragu untuk membuat saran. Kami berharap dapat bertemu dengan Anda. Ken 713 /345 - 4638"
ham,"gambar konferensi video membersihkan jaringan fusi dunia fokus: neal weinberg pada tinjauan produk fokus minggu ini: gambar konferensi video hilang 03/14 / ~ ~ ~ ~ ~ ~ ~ ~ ~ ~ ~ ~ ~ ~ ~ ~ ~ ~ Newsletter ini disponsori oleh w. quinn ~ ~ ~ ~ ~ ~ ~ ~ ~ ~ ~ ~ ~ ~ ~ ~ ~ ~ ~ ~ ~ ~ ~ ~ ~ ~ ~ ~ ~ ~ ~ ~ ~ ~ ~ ~ ~ ~ ~ ~ ~ ~ ~ ~ Dapatkan pegangan pada konsumsi disk yang spiral dan dapatkan kembali 30 % atau lebih dari situs Anda, kapasitas penyimpanan perusahaan. StorageCentral Wquinn memungkinkan Anda: memantau, melacak, dan mengontrol konsumsi disk pengguna; Identifikasi dan kendalikan jenis file apa yang dapat ditulis pengguna Anda ke server Anda. Dapatkan pegangan pada ruang penyimpanan NT / 2000 Anda - - Eval gratis: l Salin dan tempel URL yang pecah dalam dua baris dan hapus spasi tambahan. Fokus hari ini: gambar konferensi video hilang oleh Neal Weinberg jika Anda, telah dimatikan oleh bingkai gelisah dan kualitas audio yang buruk yang terkait dengan konferensi video nyata - waktu, ReviewMeister memiliki kabar baik untuk Anda. Di sana, merupakan generasi baru dari perangkat yang konferensi video - perangkat poin yang menyediakan bisnis - gambar dan suara berkualitas dengan harga di bawah $ 12.000. Kami mengambil sekotak popcorn dan menguji delapan sistem konferensi video, menggunakan koneksi ISDN dan IP 384 K Bit / Sec. Dalam kategori peralatan konferensi video yaitu, sistem mandiri yang masuk ke ruang konferensi untuk sesi video grup dengan kolega atau mitra bisnis Polycom, S Viewstation MP adalah pemenang yang jelas. Polycom Viewstation memberikan kualitas video dan audio yang luar biasa. Selain itu, mudah diinstal, dikonfigurasi, dan digunakan. Dalam kategori produk berbasis PC, yang sangat bagus untuk kolaborasi virtual dari desktop Anda, VCON, S MC 800 adalah pemenang tangan - turun, berdasarkan komponen kualitas tinggi. Keindahan produk -produk ini adalah mereka memungkinkan Anda untuk memiliki gambar video yang nyata dari orang yang Anda, konferensi dengan di salah satu sudut layar, dengan sisa ruang yang tersedia untuk kolaborasi data. Jika Anda, Re di pasar untuk suatu sistem, pastikan untuk mendapatkannya dengan kamera video Sony Evi D 30/31; mikrofon batas searah, seperti Audio Technica; dan mixer suara yang berkualitas. dan cari alat manajemen administrasi dan sistem jarak jauh. Misalnya, ViewStation memungkinkan Anda untuk meningkatkan perangkat lunak, mengubah pengaturan, atau mengubah entri buku alamat langsung dari sistem administrator, S. Sebagian besar sistem akan memungkinkan Anda untuk mengirimkan ISDN atau IP, tetapi kami menemukan kinerja melalui IP diseret oleh IP, persyaratan overhead S. Untuk ulasan produk yang lengkap, kunjungi: Tentu saja, ada lebih banyak konferensi video daripada titik akhir, jadi kami menyiapkan panduan implementasi yang menjabarkan topologi jaringan, bandwidth, dan kualitas - masalah layanan. Berdasarkan pengujian kami, ReviewMeister mengatakan sekarang adalah waktu untuk memulai pilot - menguji sistem konferensi video. Kepala petugas informasi Anda akan menyukainya ketika Anda mengatakan kepadanya bahwa Anda dapat memangkas perusahaan Anda, tagihan maskapai dan hotel karena Anda, membuat orang -orang dari seluruh perusahaan dalam rapat virtual daripada wajah - untuk - menghadapi pertemuan. Minggu depan: Kami memuat Windows 2000 pada PC dan server dan menjalankan Gigabit Ethernet ke desktop. Tebak di mana kemacetan itu? Untuk menghubungi Neal Weinberg: - - - - - - - - - - - - - - - - - - - - - - - Neal Weinberg adalah fitur editor di World Network, yang bertanggung jawab atas ulasan produk, pemandu pembeli, primer teknologi, Bagaimana - TOS, Masalah - Cerita fitur yang berorientasi dan seri Technology Insider. Anda dapat menghubunginya di Mailto: nweinber @ nww. com. Untuk tautan terkait - - Klik di sini untuk Halaman Beranda Dunia Jaringan: http: / / www. nwfusion. Com Videoconferencing Picture Hapus, World Network, 03/13 / 00 tetapi implementasinya masih fuzzy, World Network, 03/13 / 00 Bagaimana kami melakukannya, World Network, 03/13 / 00 Layanan Berlangganan untuk Berlangganan atau Berhenti Berlangganan Jaringan Apa pun World E - Mail Nawala, Pergi ke: Untuk Mengubah Alamat Email Anda, Pergi ke: Pertanyaan Berlangganan? Hubungi Layanan Pelanggan dengan membalas pesan ini. Pertanyaan / Komentar lain memiliki komentar editorial? Tulis Jeff Caruso, editor buletin, di: Mailto: jcaruso @ nww. com untuk informasi iklan, tulis Jamie Kalbach, Eksekutif Akun, di: Mailto: jkalbach @ nww. Com Network World Fusion adalah bagian dari IDG. Net, jaringan online IDG. Semuanya dimulai di sini: http: / / www. idg. Com Hak Cipta Jaringan Dunia, inc. , 2000"
ham,"Re: FW: Artikel EPRM Terima kasih banyak Pak. Saya akan memasukkan komentar Anda nanti hari ini dan mengirimkannya. Terima kasih juga atas komentar Anda yang lain, saya senang Anda menganggap buku ini cukup untuk grup dan kursus Anda. Saya berharap dapat segera menyusul Anda. salam . Chris. - - - - - Pesan Asli - - - - - - Dari: ke: Chris Strickland CC: Terkirim: Rabu, 13 Desember 2000 10: 41 AM Subjek: Re: FW: Artikel EPRM >> Chris, >> Saya telah membaca kertas . Bunyinya dengan sangat baik. dua komentar. >> 1. Mungkin masuk akal untuk memasukkan catatan pada persamaan simulasi GBM standar dan> cara yang biasanya didiskritisasi. >> 2. Ini akan membantu pembaca yang tidak membaca artikel sebelumnya untuk menjelaskan> apa CT itu (mungkin catatan kaki). >>> Saya juga memasukkan pesan yang saya kirim ke Julie hari ini. >> * * * * * * * * * * * * * * * * *> 1. Saya ingin mendaftarkan 2 anggota grup saya untuk kedua kursus (di> Houston): >> a. Paulo Issler> b. Alex Huang >> Saya akan menghadiri kursus tentang cuaca saja. >> 2. Saya telah memulai proses untuk mengeluarkan cek untuk 5.000 AUD untuk Lacima. > Shirley mengirimi Anda pembaruan tentang ini. Angsuran ke -2 berasal dari> Anggaran Kantor> kami di Australia. Saya akan berbicara dengan Paul Quilkey hari ini tentang hal itu. Tolong,> beri tahu saya jika ada penundaan. >> 3. Buku ini akan digunakan sebagai buku teks untuk kelas yang akan saya ajarkan di> Rice. > Toko buku Rice Univ sedang memesan. >> 4. Saya ingin memesan 50 salinan untuk grup saya. Apa cara terbaik> untuk memesan? Bisakah kita membayar dalam dolar AS? > * * * * * * * * * * * * * * * * * *> Salam. >> vince >>>> ""Chris Strickland"" pada 12/12 / 2000 05: 21: 22 PM >> Harap tanggapi ""Chris Strickland"" >> ke:> CC: ""Julie""> Subjek: FW: Artikel EPRM >>> Hai Vince, >> Saya bertanya -tanya apakah Anda mendapatkan ini minggu lalu? Jika Anda dapat melihat sekilas dan> kembali kepada saya dengan komentar apa pun yang hebat - Robin mengejar saya> yang satu ini! >> Salam. >> Chris. >>> - - - - - Pesan Asli - - - - - -> Dari: Chris Strickland> to:> Sents: Rabu, 06 Desember 2000 4: 16 pagi> Subjek: Artikel EPRM >>> Hai Vince, >> >> Semoga semuanya baik -baik saja. Saya minta maaf karena saya hanya pernah menulis kepada Anda> ketika >> Saya setelah sesuatu, tetapi dapatkah Anda melihat artikel simulasi ini - angsuran berikutnya dalam artikel EPRM. >>> Terima kasih banyak dan salam. >>>> Chris. >>>>>>> - - - - - - - pesan asli - - - - - - >> dari: >> ke:; ; >; >>>> Dikirim: Jumat, 08 September, 2000 4: 23 pagi >> Subjek: Re: Var Artikel >>>>>>> Les, >>>>> Versi yang direvisi dari artikel var terlihat bagus. >>>>> vince >>>>>>> (lihat file terlampir: EPRM _ 04 _ SIM _ MR. Zip) >>>>"
ham,"Re: Re: Lisensi Perangkat Lunak Stinson, saya tidak yakin siapa yang akan menangani proyek ini - Tom Moore atau Laine Borgman. Jadi, dengan e - Mail ini, saya akan meminta orang yang tepat untuk menanggapi Anda. Saya juga telah memberikan nama Tom dan alamat E - ke MS. Geman. Mereka hanya perlu berubah dalam Pasal 17 Perjanjian Lisensi Perangkat Lunak waktu respons dari 2 hingga 3 hari dan bagian lisensi perangkat lunak harus dilakukan. Satu -satunya hal yang akan pergi kemudian adalah MS. Tanggapan Geman mengenai perjanjian escrow mengenai apakah itu menyenangkan baginya dan firma hukumnya (yang akan memegang kode sumber dalam escrow). Saya tidak yakin apakah MS. Geman telah menanggapi Tom tentang itu atau tidak. Saya telah mengirim salinan elektronik dari semua dokumen ke Tom dan Laine untuk menyelesaikannya setelah MS. Geman menjawab. Tom dapat dihubungi di: x 55552 Laine dapat dihubungi di: x 56470 Terima kasih, Karla Stinson Gibner @ ECT 10/20/00 01: 39 PM untuk: Karla Feldman / Enron Communications @ Enron Communications CC: Vince J Kaminski / Hou / Hou / ect @ ect subjek: Re: Re: Lisensi perangkat lunak Karla, maaf atas keterlambatannya. Saya telah keluar selama tiga minggu terakhir. Vince memberi tahu saya bahwa dia telah berbicara dengan MS. Geman dan mereka sepakat pada waktu 3 hari kerja untuk waktu respons. Apakah ada orang lain yang sekarang menangani proyek ini? Terima kasih, Stinson dari: Karla Feldman pada 09/27 / 2000 04: 24 PM ke: gemanx @ aol. com @ enron CC: Vince J Kaminski / Hou / ect @ ect, Stinson Gibner / Hou / ect @ ECT Subjek: Re: Re: Lisensi Perangkat Lunak MS. Geman, saya minta maaf atas keterlambatan ini, tetapi saya akhirnya telah menyusun perjanjian escrow untuk menempatkan perangkat lunak di escrow dengan pengacara Anda. Harap tinjau dan tinjau pengacara Anda dan beri tahu saya jika dapat diterima. Saya akan meninggalkan departemen tempat saya bekerja dan pindah ke anak perusahaan Enron yang berbeda pada 13 Oktober. Jika memungkinkan, dapatkah kita mencoba mendapatkan perjanjian lisensi perangkat lunak dan perjanjian escrow terbungkus sebelum saya pergi sehingga orang lain tidak harus mencoba mengambil di mana saya tinggalkan? Saya pikir kami baru saja setuju dengan bagian lisensi perangkat lunak. Sepertinya satu -satunya pertanyaan luar biasa berkaitan dengan kekhawatiran Anda tentang memberikan waktu respons 2 hari kerja. Saya tidak punya jawaban tentang itu - mungkin Vince Kaminski atau Stinson Gibner dapat menanggapi masalah ini. Saya berharap dapat mendengar dari Anda dan mencoba menyelesaikan ini dalam 2 minggu ke depan jika memungkinkan. Terima kasih, Karla Feldman Enron Corp. (713) 646 - 7554"
ham,"Perubahan Tempat - Sangat Penting! ! Memahami dan Menerapkan Perubahan Tempat Matematika Keuangan - London, 21 & 22 September: Harap dicatat bahwa saya mengirim faks pada Anda formulir yang menyatakan perubahan tempat untuk kursus terdaftar di atas. Hanya untuk mengkonfirmasi ulang, kursus pelatihan sekarang akan diadakan di lokasi berikut :? The White Hall Hotel 2 - 5 Montague Street? London WCLB 5 Bu? T 011 44 ​​207 580 2224? F 011 44 ​​207 580 5554 Silakan hubungi Tempat Pencarian untuk mengatur akomodasi Anda - 011 44 ​​208 541 5656? Untuk mengonfirmasi pengakuan Anda tentang perubahan venue ini, silakan kembalikan formulir atau menanggapi email ini. Silakan hubungi saya dengan pertanyaan yang Anda miliki tentang perubahan tersebut. ? Salam, Amy Lamonsoff? Koordinator Konferensi? T (212) 925 - 1864 XL 48 F (212) 925 - 7585? Alamonsoff @ Watersinfo. com? ?"
ham,"Upaya model di Houston Christian, jendela musim semi / musim gugur kami ""<nactivity"" dengan cepat menghindari kami. . . Kita perlu mendapatkan model internal kita operasional tanpa penundaan. Sejalan dengan ini, mari kita lanjutkan dan rencanakan kunjungan Anda ke Houston sesegera mungkin, tetapi dengan segala cara membuat Anda setidaknya dalam 4 minggu sebelum musim badai. Itu berarti bulan Mei terlihat bagus. Tolong beri tahu saya tugas apa yang tidak dapat Anda lakukan dari sini untuk mendukung kantor Sydney, kami akan mencari cara untuk menjaga kantor itu tetap utuh. ; Menantikan kunjungan Anda, - - - Mike"
ham,"Presentasi Departemen, Jumat 7 Juli, 8: 45 pagi Ketenaran departemen penelitian menyebar ke seluruh Eropa! Salam, Martina - - - - - - - - - - - - - - - - - - - - - - - - diteruskan oleh Martina Angelova / Lon / ECT pada 05/07 / 2000 15: 29 - - - - - - - - - - - - - - - - - - - - - - - - - ' Dect Frankfurt, dll helsinki, dll London, dll madrid, dll oslo, dll teesside, dll Warsawa CC: Subjek: Presentasi Departemen, Jumat 7 Juli, 8: 45 AM Maureen Raymond - Casta Eda, Ekonom Senior Internasional, Departemen Penelitian, Houston akan menghadirkan pendekatan untuk risiko negara Jumat 7 Juli 8: 45 pagi - Sarapan dan pertanyaan kepada MS. Raymond - Casta Eda 9: 00 AM - Presentasi akan memulai Enron House, Fifth Floor, Auditorium, Anda tidak perlu memesan tempat, namun jika Anda memiliki pertanyaan, silakan hubungi T&D Eropa."
ham,"FW: EPRM - - - - - Pesan Asli - - - - - dari: Dave Hall ke: Terkirim: Selasa, 05 September 2000 8: 53 PM Subjek: EPRM> Dear Mr Clewlow >> Terima kasih atas bagian Anda di Var untuk dimasukkan Dalam edisi Energi Oktober> & daya> manajemen risiko. >> Artikel tersebut dilampirkan. Ada beberapa pertanyaan dari editor dan saya sendiri> ditulis dengan huruf tebal dalam teks. Anda mungkin menemukan bahwa beberapa bagian dari bagian> telah diedit untuk> sesuai dengan 'gaya rumah' kami, dll. >> Komentar dan saran selamat datang. >> Haruskah kita mengirim artikel ini ke orang lain untuk persetujuan mereka? >> Terima kasih dan salam, >>> Dave Hall> Kepala Subeditor> Majalah Manajemen Risiko Energi & Kekuatan> Grup Perairan Risiko> Rumah Haymarket> 28 - 29 Haymarket> London> Swly 4 Rx> UK> Telp: + 44 (0) 20 7484 9796> Faks: + 44 (0) 20 7930 2238 >>>>>>>>>> - var. dokter"
ham,"Re: LNG 19 Mei Keputusan John, maaf atas kebingungannya. Ini adalah kapal tanker kedua di mana sangat sedikit detail yang tersedia. Kelompok LNG bekerja saat kami berbicara untuk memberikan beberapa informasi untuk Joe Sutton sebelum kepergiannya ke Paris ini (Selasa) sore ini. Belum ada tanda hubung di kapal tanker ke -2 ini. Saya bertanya kepada Dave Gorte pada hari Senin untuk mengirimi saya satu dan tidak diberitahu bahwa dia dapat memberi saya Mystic Lady Dash sebagai pengganti terdekat. Vince John Sherriff 05/16 / 2000 12: 20 pagi untuk: Vince J Kaminski / Hou / ect @ ect CC: Subjek: Re: LNG 19 Mei Keputusan Vince - Terima kasih atas pembaruannya. Yang tidak saya yakin adalah bagaimana jika ada keputusan yang harus dibuat pada 19 Mei. Tampak bagi saya bahwa kesepakatan Mystic Lady dan Elba Island telah disetujui dan dieksekusi - tetapi kemungkinan besar saya kehilangan satu atau dua detail. John Vince J Kaminski 15/05 / 2000 17: 14 ke: John Sherriff / Lon / ect @ ect CC: Vince J Kaminski / Hou / ect @ ect, David Gorte / Hou / ect @ ect, Rick Buy / Hou / ECT @ dll, ted Murphy / hou / ect @ ect subjek: Re: lng 19 Mei keputusan John, ini adalah pembaruan tentang apa yang telah saya lakukan untuk transaksi LNG. 1. Saya tidak terlibat dalam proyek kapal LNG. Saya akan membaca dasbor dan memberikan komentar saya. Tanpa melihat detailnya, saya pikir keputusan untuk menyewa kapal tanker menghilangkan satu risiko signifikan yang kami miliki di proyek Pulau Elba (tolong, lihat poin 2). 2. Pulau Elba. Saya bekerja dengan Doug Rotenberbg, Brad Hitch, Scott Earnest (organisasi Sally Beck) dan RAC untuk membuat buku untuk Transaksi Pulau Elba. Langkah selanjutnya adalah memperluas buku untuk menangkap semua posisi terkait LNG Enron di satu tempat dan untuk mencari offset risiko alami dan kemungkinan lindung nilai. Kelompok kerja bertemu untuk menutup beberapa celah yang tersisa besok (Selasa) pukul 8: 30. Beberapa komentar tentang desain buku dan pandangan saya tentang proyek: a. Pemikiran saat ini adalah bahwa LNG akan bersumber untuk fasilitas Pulau Elba dengan membeli marginal cargo berdasarkan FOB. Cargo marginal akan mewakili pasokan dari kelebihan kapasitas yang belum dilakukan berdasarkan kontrak jangka panjang atau tersedia karena beberapa gesekan jangka pendek. Fob Cargo biasanya dijual dengan diskon signifikan untuk harga kontrak jangka panjang. Ekonomi kesepakatan, sebagaimana diwakili oleh buku yang kami siapkan, akan mencerminkan asumsi bahwa tidak hanya kita dapat menemukan marginal cargo tetapi bahwa kita akan dapat melakukannya secara teratur, mengatur pengiriman dan mengoordinasikan jadwal fasilitas dan Transaksi gas alam di AS. Dengan kata lain, kami memiliki risiko logistik dan operasional yang signifikan dalam transaksi ini. B . Transaksi akan mencakup periode 17 tahun (dengan opsi perpanjangan 5 tahun). Bahkan jika kita dapat mengunci - dalam volume LNG selama periode waktu ini, kita tidak memiliki kemampuan untuk mengunci - di sisi lain dari spread (harga gas AS) untuk tenor yang begitu lama. Ini pada dasarnya adalah transaksi tol dengan paparan spread gas LNG - NAT dan saya tidak akan merekomendasikan penguncian - hanya dalam satu kaki penyebaran. Salah satu solusi adalah untuk menutupi, katakanlah, 50 % dari volume LNG selama 5 tahun pertama dan kunci - di sisi gas NAT di sisi pasar AS. C . Buku yang kami siapkan akan didasarkan pada banyak asumsi manajerial mengenai sumber LNG, tarif pengiriman, jadwal, dll. Saya akan membuat cadangan kehati -hatian yang besar jika kami menandainya ke pasar. D . Grup saya akan mengerjakan penilaian beberapa opsi yang kami miliki di kesepakatan Pulau Elba (yang baik untuk Enron) dan pada strategi lindung nilai untuk posisi LNG. Kontrak LNG jangka panjang biasanya didasarkan pada koktail mentah Jepang yang berkorelasi sangat baik dengan Brent. Vince John Sherriff 05/14/2200 01: 40 AM TO: Vince J Kaminski / Hou / ect @ ect CC: Lauren Urquhart / Lon / ect @ ect Subjek: LNG 19 Mei Keputusan Saya belum berbicara dengan Anda untuk sementara tapi tapi sementara tapi sementara tapi sementara tapi sementara tetapi tapi sementara tapi tapi sementara tapi tapi sementara tapi tapi sementara tapi tapi sementara tapi tapi sementara tapi tapi sampai sementara tapi tapi sementara tapi tapi tapi sampai saat tapi tapi sampai saat itu tapi Semoga dunia memperlakukan Anda dengan baik. Ngomong -ngomong dengan Greg pindah ke peran barunya yang saya miliki (saya harap hanya sementara) staf pengawasan perdagangan staf untuk Hemishere Eastern Plus LNG. Saya mengerti bahwa grup Anda mengambil potongan pertama untuk mengembangkan kurva untuk nilai kapal LNG dan LNG. Saya juga mengerti bahwa keputusan kapal LNG lain ada di docket untuk 19 Mei (tidak terlalu jauh). Anway saya mengerti ini adalah keputusan besar tetapi saya masih mendapatkan sedikit info. Bisakah Anda memberi tahu saya di mana Anda berdiri sekarang? Saya akan meminta asisten saya Lauren untuk mengatur waktu sehingga saya dapat berbicara dengan Anda dalam beberapa hari ke depan dan jika Anda memiliki sesuatu untuk saya ulas sebelum maka dia bisa mendapatkan faks kepada saya juga. Berharap untuk terhubung dengan Anda Vince. John"
ham,"Keputusan pembelian exmar FYI - - - - - - - - - - - - - - - - - - - - - - - - Dikeret oleh Rick Buy / Hou / ECT pada 05/22 / 2000 01: 34 PM - - - - - - - - - - - - - - - - - - - - - - - - - - - - ' dll, david haug / enron _ pengembangan @ enron _ pengembangan, doug rotenberg / enron _ pengembangan @ enron _ pengembangan, Rick Bergsieker / Enron _ Pengembangan @ Enron _ Pengembangan, Vince J Kaminski / Hou / ect @ ect CC: Subjek: Excmar Exmar Keputusan Saya baru saja keluar telepon dengan Jeff Skilling untuk membuat pitch saya untuk melakukan kesepakatan Exmar. Dia mengatakan bahwa dia umumnya memahami logika kesepakatan tetapi hanya ingin disiplin manajemen risiko diterapkan untuk menganak posisi (pengulangan dari apa yang dikatakan Rick Buy dalam pertemuan kami hari ini). Saya hanya akan meminta tim Vince untuk melihat cepat untuk menilai kapal -kapal sebagai posisi yang berdiri sendiri dengan tebakan volatilitas berdasarkan pergerakan harga historis. Ini akan jauh lebih mudah daripada pendekatan opsi pelangi dan akan memungkinkan kita untuk secara kasar melihat nilai opsi pada dua kapal lainnya. Dengan kata lain kita dapat melihat dua posisi panjang kapal dengan beberapa volatilitas tersirat dan juga memperkirakan VAR harian di kapal seolah -olah mereka adalah tanda untuk memasarkan (walaupun saya setuju dengan David bahwa kami mungkin tidak akan dapat menandai kapal karena mereka akan melakukannya diperlakukan sebagai sewa). John John - - - - - - - - - - - - - - - - - - - - - - - - diteruskan oleh John Sherriff / lon / ect pada 22/05 / 2000 19: 05 - - - - - - - - - - - - - - - - - - - - - - - - - - - ' Beberapa menit dengan para ahli pengiriman kami di kelompok batubara dan minyak, saya memiliki sudut yang sedikit berbeda pada keputusan kapal Exmar LNG. Idealnya saya ingin menghabiskan waktu untuk menganalisis pembelian ini karena kami melakukan posisi daya dan gas. Sayangnya, kami tidak memiliki kemewahan itu dan kadang -kadang, tanpa adanya analitik yang benar, tindakan yang paling belum sempurna dapat memberikan alat keputusan terbaik. Berikut adalah bagaimana kami akan membuat keputusan: 1) Pakar pengiriman kami menegaskan bahwa $ 140 juta untuk kapal 135.000 ton mewakili harga yang baik relatif terhadap biaya pembangunan baru selama tiga tahun terakhir dan kutipan itu telah tren melewati angka itu baru-baru ini . Dia juga mengkonfirmasi bahwa palung saat ini adalah hasil dari default beberapa pembeli Timur Jauh dan bahwa pesanan LNG baru dan pembangunan kapal lainnya (kapal pesiar) telah mengurangi kapasitas yang berlebihan. Pengalaman dan analisis bersejarahnya telah menyarankan bahwa siklus penetapan harga untuk kapal LNG berlangsung untuk periode yang signifikan. Langkah -langkah efisiensi baru harus mengurangi harga bangunan baru (dan memungkinkan palung yang lebih rendah), tetapi tidak dengan jumlah ekstrem versus biaya $ 140 juta dari kapal ini. Pierre biasanya suka menggulung charter waktu; Namun, ini sulit di pasar pengiriman yang tidak likuid seperti LNG. Dia akan membeli kapal ini jika buku pengiriman LNG adalah miliknya untuk dikelola. Dia memperkirakan kapal itu dapat dijual dalam penjualan tertekan seharga $ 110 juta dan berpotensi disewa waktu dalam jangka panjang dengan nilai hingga $ 200 juta. 2) Tim pengembangan kami di Spanyol, Italia dan Turki telah berusaha menyelesaikan pertanyaan besar - gas. Di setiap negara, kunci untuk mengembangkan pabrik pedagang adalah mengamankan fleksibilitas gas atau setidaknya mengamankan pengaruh negosiasi dengan pemasok gas monopoli. Dipertanyakan apakah keputusan ini akan berdampak langsung pada ARCO atau tidak. Garis waktu pabrik dan realitas pasar pasokan LNG mungkin mengharuskan kami berkomitmen untuk gas alami sebelum sumber gas 3 hingga 5 tahun dapat diamankan. Ancaman geser karena dapat membawa LNG tempat atau jangka waktu ke pasar -pasar ini akan meningkatkan leverage negosiasi kami dan / atau memungkinkan kami untuk menciptakan fleksibilitas. Ke depan, bagaimanapun, peluang tanaman potensial lainnya di Spanyol, dan di tempat lain di wilayah med, mungkin memiliki kapasitas untuk memanfaatkan kapal -kapal ini. Saya pikir fleksibilitas ini bernilai setidaknya $ 25 juta bagi saya. 3) Saya akan meringkas: naik $ 60 + $ 25 = $ 85 juta downside ($ 30) + $ 25 = ($ 5) juta saya akan melakukannya. Aku akan menyerahkan sisanya untukmu. Joe"
ham,"Re: Permintaan Mesin Faks ~ 05 - 19 - 2000 Kevin, per permintaan Anda, silakan lihat di bawah: * * * * * * * * * * * * * * * * * * * * * * * * * * * * * * * * * * * * * * * Informasi mesin faksimili baru, silakan lihat @ berikut dan beri tahu saya, mesin faks mana yang Anda pilih atau jika Anda memerlukan informasi tentang sesuatu yang lebih kecil, maka saya akan meminta vendor menghubungi Anda langsung ke menyelesaikan instalasi. Direktur Enron atau di atas {dengan otoritas tanda tangan untuk secara hukum mengikat Enron ke kontrak} harus menandatangani pada dokumen kontrak sebelum mesin faks dapat dipasang. Waktu pengiriman pada mesin baru biasanya 3 - 5 hari kerja tetapi salah satu vendor yang tercantum di bawah ini akan dapat memberikan ""peminjam"" jika Anda memiliki kebutuhan bisnis. Silakan diskusikan tanggal pemasangan mesin faks dengan perwakilan saat memesan peralatan. Jika tidak ada hadiah baris faks yang ada, Anda harus mengirim catatan - email ke tim pindah {Erica @ x 3 - 3185 atau Janelle @ x 5 - 7917} Meminta pemasangan baris faks baru. Tim pindah dapat ditemukan di catatan - surat ""buku alamat ect"". Jika Anda seorang karyawan EES, Anda harus terlebih dahulu mendapatkan persetujuan peralatan baru dari kontrol anggaran EES. Hubungi Susan McLeroy @ x 5 - 8066 atau melalui Catatan - Mail. Jika Anda seorang karyawan EBS, Anda harus terlebih dahulu mendapatkan persetujuan peralatan baru dari pembelian EBS & kontrol anggaran. Hubungi Paula Corey @ x 3 - 9948 atau Martha Reyna @ x 3 - 3491. Anda dapat menjangkau kedua orang ini melalui catatan - surat. Jika Anda seorang karyawan ENA, Anda harus terlebih dahulu mendapatkan persetujuan peralatan baru dari ENA Finance & Control Anggaran. Hubungi Lorie Belsha @ x 3 - 9617 atau melalui Catatan - Mail. Catatan pada mesin faks yang tercantum di bawah ini: Semua mesin yang tercantum di bawah ini hadir dengan baki kertas ke -2 dan memori yang ditingkatkan {maks dengan model ~ lihat di bawah} sebagai standar Enron dari masing -masing vendor. Semua mesin faks yang tercantum di bawah ini memiliki kecepatan modem yang dinilai @ 33. 6 kbps versus Canon LaserClass 7500 {Contoh saja} @ 14. 4 kbps = mesin faks baru harus terasa lebih cepat. Kapasitas pengumpan dokumen dari mesin yang tercantum di bawah ini sama dengan Canon LaserClass 7500 {Contoh saja} pemeliharaan = model yang tercantum di bawah ini memiliki cakupan pemeliharaan / perbaikan yang termasuk dalam total $ bulanan. Tidak ada kesepakatan terpisah! Toner / drum cartridges + Paper + Line Charge adalah tambahan {tidak dikutip} harga kontrak dapat berubah tanpa peringatan, jadi tolong beri tahu saya secepatnya jika vendor mengutip Anda harga yang berbeda dengan yang tercantum di bawah ini terhadap berbagai model. Jika mesin faks akan digunakan dalam lingkungan tipe perdagangan, berikut adalah beberapa pertimbangan: Tidak lebih dari 20 orang per mesin faks = lihat @ penempatan mesin faks pada EB 30 atau EB 31. Abaikan mesin faks apa pun yang tidak memiliki 33. 6 K Modem dan kompresi JBIG {atau setara}. Cari peningkatan memori & baki kertas ke -2 termasuk dalam biaya bulanan. {Model yang dikutip dimuat}. Pemeliharaan harus dimasukkan dalam biaya bulanan {model yang dikutip dibahas}. * * * * * * * * * * * * * * * * * * * * * dari Pitney Bowes PB 2050 Biaya: $ 95. 00 per bulan pada spesifikasi sewa enron: Model ini memiliki 10 meg memori + baki kertas ke -2 sebagai standar. Weblink Pitney Bowes, klik di sini - -> Ada beberapa mesin faks ini yang terletak di luar ENRON BUILDING dan 3 Allen Center, termasuk beberapa di lantai perdagangan. * * * * * * * * * * * * * * * * * * * * * PB 9930 Biaya: $ 76. 00 per bulan pada spesifikasi sewa enron: Model ini memiliki 10 meg memori + baki kertas ke -2 sebagai standar. Weblink Pitney Bowes, klik di sini - -> Ada beberapa mesin faks ini yang terletak di luar ENRON BUILDING dan 3 Allen Center, termasuk beberapa di lantai perdagangan. * * * * * * * * * * * * * * * * * * * * * PB 9830 Biaya: $ 55. 00 per bulan pada spesifikasi sewa enron: model ini memiliki 5 meg memori + baki kertas ke -2 sebagai standar. Pitney Bowes Weblink, klik di sini - - -> * * * * * * * * * * * * * * * * * * * * dari Panasonic Communications Direct UF - 885 Biaya: $ 75. 00 per bulan Klik di bawah untuk detail mesin {Mirip dengan UF - 880 dengan 8 meg memori + nampan ke -2 = tidak ada handset}: Ada beberapa mesin faks ini yang terletak di luar gedung Enron termasuk beberapa di lantai perdagangan. * * * * * * * * * * * * * * * * * * * * * Mesin di atas dirancang untuk penggunaan kelompok kerja. T) Berapa banyak orang yang akan menggunakan mesin faks ini? T) Berapa banyak penggunaan yang akan dimiliki mesin faks ini? { Saya . e. berat = 40 faks per hari @ 20 halaman / 60 faks per hari @ 2 - 3 halaman atau lebih sedikit? Jika ""berat"", PB 2050, PB 9930 atau UF 885 / UF 895 harus sesuai dengan kebutuhan Anda = jika 15 - 40, PB 9830 mungkin akan lebih cocok} * * * * * * * * * * * * * * * * * * * * * Rincian kontrak Program faks adalah perjanjian antara setiap pengguna akhir dari mesin faks dan vendor yang relevan, sebagai berikut: Pitney Bowes sewa 36 bulan. Pemberitahuan 30 hari untuk pemutusan kontrak. Tidak ada penalti untuk penghentian awal kontrak = hubungi PB Rep. Dan mesin diambil, pastikan tanda terima diberikan kepada Anda oleh perwakilan pengumpulan. Upgrade / Downgrade Tersedia = $ 0 penalti. Rep akan dengan senang hati mendiskusikan detail dengan Anda dan menjawab pertanyaan apa pun tentang poin -poin ini. Panasonic Communications 36 bulan sewa sewa. Pemberitahuan 30 hari untuk pemutusan kontrak sebelum masa kadaluwarsa. Tidak ada penalti untuk penghentian awal kontrak untuk penutupan kantor / departemen / lokasi. Upgrade / Downgrade Tersedia = $ 0 penalti. Rep akan dengan senang hati mendiskusikan detail dengan Anda dan menjawab pertanyaan apa pun tentang poin -poin ini. * * * * * * * * * * * * * * * * * * * * * Harap perhatikan Perjanjian Mesin Faksimili berikut adalah antara Unit Bisnis Enron / Departemen yang meminta mesin faksimili dan vendor. Pengguna atau pemohon mesin faks bertanggung jawab atas pembayaran faktur. Enron Property & Services Corporation tidak bertanggung jawab atas pengkodean, pemrosesan atau pembayaran faktur mesin faksimili {faks}. Untuk mengembalikan peralatan mesin faks lama, Anda harus menghubungi perusahaan leasing yang memasok peralatan dan mengirimkan surat bersertifikat yang mengakhiri perjanjian tersebut. Jika Anda mengakhiri kontrak dalam periode perjanjian asli, Anda mungkin bertanggung jawab atas tuduhan penalti karena banyak mesin faks berada pada perjanjian sewa yang tidak dapat dibatalkan. Vendor yang memasok peralatan faks akan dapat memberi tahu Anda tentang jumlah $ yang luar biasa untuk peralatan Anda yang ada. Jika Anda diminta untuk membayar jumlah $ yang luar biasa, ketahuilah bahwa beberapa vendor menyertakan biaya pembelian langsung dari peralatan faks = dari kontrak yang telah saya ulas sejauh ini, Anda tidak berkewajiban untuk membeli peralatan lama. IKON Nama Kontak Untuk Pengembalian: Beth Frank: Telepon = Baru # - -> 409 - 441 - 1262 {sebelumnya 281 - 355 - 6274} Beth Frank Fax # = Baru # - -> 409 - 441 - 1266 {sebelumnya 281 - 355 - 5496} Beth Frank E - Alamat surat ~ eAfrank @ aol. com marimon sistem bisnis nama kontak untuk pengembalian: don scott: telepon = 713 - 686 - 6601 don scott fax # = 713 - 686 - 6676 {no e - Alamat surat tersedia} * * tolong hubungi saya atau e - kirimkan saya jika itu adalah nama vendor yang berbeda di mesin dan saya akan merespons dengan nama kontak * * * Biaya untuk mesin faks tergantung pada produsen & model, dengan orang yang bertanggung jawab atas mesin faks, membayar faktur. Anda harus memberi tahu vendor tentang perubahan apa pun yang berkaitan dengan penugasan mesin faks {bahkan jika berada dalam grup yang sama} = siapa mesin telah dipindahkan ke {nama kontak}, telepon kontak baru # dan lokasi mesin. * * * * * * * * * * * * * * * * * * * * * Pemasangan mesin faks. Penghematan ini bisa signifikan, jadi tolong kirimkan saya jika Anda ingin lebih detail. * * * * * * * * * * * * * * * * * * * * Hubungi saya jika Anda memiliki pertanyaan. Terima kasih, Iain Russell @ 713 - 853 - 6861 Kontrak Administrasi Pengawas Administrasi Enron Properti & Services Corp. * * * * * * * * * * * * * * * * * * * * * * * * * * * * * * * * * * * * * * * * * * * * * * * * * * * * * * * * * * * * * * * * * * * * * * * * * * * * * * * * * * * * Kevin g Moore 05/9/2200 12: 42 PM ke: Iain Russell / EPSC / hou / ect @ ect, shirley crenshaw / hou / ect @ ect, mike a roberts / hou / ect @ ect, vince j kaminski / hou / ect @ ect cc: subjek: mesin faks iain, tolong, saya membutuhkan a mesin fax . Dibawa ke perhatian saya bahwa Anda mungkin memiliki satu yang tersedia. Tolong beri tahu saya tentang masalah ini, kami membutuhkan satu. S . A . P . . Terima kasih Kevin Moore x 34710"
ham,"Re: Semua harapan terbaik untuk Geoff 2001, Anda memiliki anak perempuan yang sangat cantik. Anda pasti ayah yang sangat bangga. Saya akan mencoba menghadiri beberapa sesi konferensi CERA. Anda juga dapat menelepon saya saat Anda berada di Houston dan kami dapat bertemu untuk makan malam dan / atau minuman. Vince ""Lubbock, Geoffrey"" pada 01/29/2001 11: 49: 52 pagi untuk: ""Vincent Kaminski (E - Mail)"" CC: Subjek: Semua harapan terbaik untuk tahun 2001 Vince senang berbicara dengan Anda, saya akan berada di Cera Konferensi di Houston 12 Februari hingga 16 Februari Jika saya bisa melihat Anda maka saya akan menikmatinya karena banyak geoff> ps butuh waktu berjam -jam untuk menghasilkan kartu yang panas dari pers. Salam hangat untuk kekayaan kesehatan dan kebahagiaan bagi Anda dan keluarga Anda pada tahun 2001 email ini dan file apa pun yang ditransmisikannya bersifat rahasia dan dimaksudkan semata -mata untuk penggunaan individu atau entitas kepada siapa mereka ditangani. Jika Anda telah menerima email ini dalam kesalahan, harap beri tahu System Manager. - Xmas 2000. pdf"
ham,"makan malam, sial. malam ? Vince, salam. Saya belum disarankan oleh Amy Lamonsoff tentang Risiko Risiko Makan Malam Berikutnya Thur. Jika tidak akan ada makan malam seperti itu, apakah jadwal Anda mengizinkan makan malam di sebelahnya. ? Terbaik, Ehud Ehud i. Ronn Departemen Keuangan Sekolah Bisnis Universitas Bisnis Texas di Austin Austin, TX. 78712 - 1179 Suara: (512) 471 - 5853 Faks: (512) 471 - 5073 Internet: ERONN @ Mail. utexas. edu"
ham,"Re: Kunjungan ke Houston - - - - - - - - - - - - - - - - - - - - - - - diteruskan oleh Stinson Gibner / Hou / ect pada 02/13 / 2001 04: 37 PM - - - - - - - - - - - - - - - - - - - - - - - - - - - - ' Jumat, 9 Maret tampaknya lebih baik untuk Jim Fallon. Kami secara tentatif mengatur pertemuan dengannya, Paul Racicot, dan mungkin Arshak Sarkissian yang memimpin upaya perdagangan IP. Beri tahu saya jika Anda ingin memberikan presentasi sehingga kami dapat memesan kamar dan mengirim undangan. Akan menyenangkan melihat Anda dan Giuseppe lagi. Saya menantikan kunjungan Anda. Salam, Stinson Nick Bambos pada 02/09/2001 11: 33: 33 AM ke: Stinson. Gibner @ Enron. Com CC: Gappy @ Stanford. edu, cope @ csli. Stanford. Subjek edu: Re: Kunjungan ke Houston Hi Stinson, pada akhirnya, tim di sini (Giuseppe, Eric, saya sendiri) telah berkumpul dengan dua tanggal yang mungkin untuk diusulkan untuk kunjungan: 1) Jumat, 2 Maret) Jumat, 9 Maret Bagaimana ini dilakukan ini Lihatlah ke sisi Anda? Kami akan menyusun agenda segera setelah kami memperbaiki tanggal. Saya berharap dapat bertemu Anda lagi. Terbaik, Nick Stinson. Gibner @ Enron. com menulis: >> Nick, >> Saya harap semuanya berjalan dengan baik dan Anda tidak terlalu sibuk. Kami harus> mulai merencanakan perjalanan Anda berikutnya ke Houston, karena saya yakin jadwal Anda> akan segera menjadi penuh. Mungkin Anda bisa memberi orang -orang di> Enron Broadband gambaran tentang bidang -bidang yang diminati dalam kelompok penelitian> Anda. Saya yakin kami juga bisa mendapat manfaat dari pandangan Anda tentang bagaimana teknologi saat ini berkembang. >> Apakah ada tanggal tertentu yang berpotensi berhasil untuk Anda? Tolong beri tahu> saya melalui email atau hubungi saya di 713 853 4748. >> Berharap untuk berbicara dengan Anda. >> - - Stinson"
ham,"Re: Formulir Umpan Balik RRC Gina, saya akan senang berbicara dengan Anda. Shirley Crenshaw akan menghubungi Anda untuk mengatur rapat. vince dari: gina corteselli / enron @ enronxgate pada 04/16 / 2001 01: 12 pm ke: vince j kaminski / hou / ect @ ect cc: Subjek: Formulir Umpan Balik PRC MR. Kaminski: Saya ingin mencoba untuk mendapatkan jadwal Anda selama beberapa saat minggu ini untuk membahas rancangan formulir evaluasi RRC 360 (disediakan di bawah ini untuk info Anda) untuk memastikan bahwa kriteria dan keterampilan dan perilaku yang kami gunakan memadai untuk karyawan Anda populasi. Formulir generik yang disajikan pada pertemuan Komite RRC seminggu yang lalu dapat mencerminkan karyawan komersial, dan sampai batas tertentu karyawan dukungan komersial, dan mungkin tidak sepenuhnya sesuai untuk karyawan di beberapa bidang teknis dan teknis khusus. Saya akan sangat menghargai masukan Anda tentang hal ini sehingga, jika memungkinkan dan mengizinkan waktu, kami dapat mencoba menyesuaikan formulir yang sesuai dengan kebutuhan di seluruh organisasi. Salah satu solusi sederhana mungkin untuk menambahkan blok keterampilan / perilaku yang meminta evaluasi dan umpan balik pada pekerjaan dan kinerja khusus karyawan, solusi lain adalah menambahkan perilaku dan deskriptor spesifik pekerjaan ke dalam daftar mereka yang sudah dikembangkan (lampiran kedua di bawah). Saya akan menyambut pikiran Anda dan beberapa saat dari waktu Anda untuk mengobrol dengan Anda tentang ini. Terima kasih banyak, Gina Corteselli Global Performance Management 713 853 - 3377 713 569 - 5589 (Mobile)"
ham,"Pilihan nyata untuk tanaman mothball yang saya lewati untuk istirahat Natal saya, sangat bahagia untuk Anda semua! Steve"
ham,"Entouch Newsletter Business menyoroti pasar industri Enron Enron Markets Industrial Markets mengumumkan penandatanganan perjanjian definitif dengan Huntco, Inc. di mana lebih dari 15 tahun, Enron akan menyediakan layanan manajemen risiko harga inventaris dan pada akhirnya akan menyediakan lebih dari 600, 000 ton per tahun per tahun produk baja panas, digulung, dingin dan galvanis untuk Huntco Steel. Perjanjian tersebut menyediakan akses Enron ke jaringan pusat distribusi baja Huntco di seluruh negeri. Perjanjian tersebut juga menyediakan akuisisi Enron dari Huntco dari Huntco dan operasi acar kumparan tertentu di Blytheville, Arkansas. Transaksi dengan Huntco ini memiliki potensi untuk secara fundamental mengubah cara baja dibeli dan dijual di Amerika Serikat. Ini memberi Enron akses langsung ke baja fisik dan posisi Enron secara geografis untuk melayani industri baja dalam berbagai cara. Selain menyediakan produk fisik baik berdasarkan titik dan istilah, tujuan EIM untuk industri baja termasuk mengembangkan produk manajemen risiko komoditas, menyediakan produk keuangan terstruktur dan membangun pasar - membuat kemampuan yang dibawa Enron ke gas alam, daya dan pasar komoditas lainnya. Enron North America - Produk Hulu Produk Hulu telah bermitra dengan Duke Energy Field Services (DEFS) untuk menutup 20 tahun pertukaran NGL dan transportasi transportasi dengan Formosa Hydrocarbons dan Williams Energy Field Services untuk menangani produk Make Make dari pabrik Williams Markham. Hidrokarbon Formosa sedang membangun fraksionator 40.000 bpd untuk menangani ini dan produksi NGL Gulf Coast lainnya. Pipa yang menyertainya akan dikenal sebagai Sistem Pipa Seabreeze dan akan dibangun oleh DEFS. Texas Brine LLC akan menyediakan layanan penyimpanan NGL untuk Formosa Hydrocarbons pada sistem ini. Produksi primer untuk sistem ini berasal dari ladang Boomvang Nansen di GOM air dalam dan akan menjadi produksi GOM dalam air deepwater pertama yang datang ke darat di Texas. Produk hulu juga telah bekerja untuk mengatur perjanjian sewa transportasi 20 tahun tentang Dekan Pipeline (dimiliki oleh Teppco) untuk layanan propilena kelas kilang yang akan digunakan oleh formosa plastik. Ditambah dengan transaksi ini, Enron Clean Fuels telah menandatangani perjanjian penyimpanan propilena dengan Formosa Plastik untuk memanfaatkan MT ECF. Fasilitas penyimpanan Belvieu. Selain itu, Enron Global Markets telah dapat mengubah perjanjian transportasi saat ini dengan Teppco untuk secara prematur mengakhiri kewajiban pengambilan - atau - membayar dan mewujudkan pendapatan transportasi tambahan dari produksi NGL sementara yang berasal dari Williams Markham untuk dikirim ke MT. Belvieu. Setelah dekat, produk -produk hulu dimonetisasi dari posisi awalnya oleh DEFS dan mempertahankan posisi laba bersih yang ditahan pada pipa seabreeze ke depan untuk tambahan 20.000 - 40.000 bpd dari kelebihan kapasitas pada sistem. ENA West Power Southwest Power, afiliasi ENA, menandatangani perjanjian tol 222 MW 15 - tahun dengan Allegheny Energy Supply untuk semua output dari proyek ekspansi Las Vegas Southwest, yang dijadwalkan selesai pada bulan September 2002. Dengan perjanjian tol dan konstruksi yang sedang berlangsung, proyek ini sekarang akan dipasarkan ke generator yang memenuhi syarat. Dalam berita ""untuk benar -benar memahami Jeffrey Skilling Enron - kepala eksekutif Hypersmart, Hyperconfident tentang apa yang sekarang menjadi perusahaan perdagangan energi terbesar di planet ini - pergi ke toko video lokal Anda dan periksa bioskop Amerika klasik itu, Wayne 'S Dunia. Pada usia 15, Skilling membantu meluncurkan stasiun televisi tidak - anggaran di Aurora, Illinois - hal yang sangat dipalsukan oleh Mike Myers dan Dana Carvey dengan sangat terkenal di Saturday Night Live dan dalam dua film. Drama TV bahkan dimulai dengan sketsa a Kameramen Remaja, Peran yang nyata - Life Skilling. "" - - - Randall Lane, Worth Magazine. Mei 2001. Calgary, Alberta - - Enron Kanada telah menyelesaikan gugatannya dengan NGX, Kanada Enerdata, Om Gruppen dan Richard Zarzeczny, mengenai kompilasi dan metodologi untuk menghitung indeks harga gas alam Alberta yang diterbitkan oleh reporter harga gas Kanada. Dengan ketentuan penyelesaian akan ada siaran pers bersama yang dikeluarkan mengenai penyelesaian, yang akan menjadi satu -satunya komunikasi publik mengenai masalah tersebut kecuali disetujui oleh semua pihak. Kalau tidak, penyelesaian itu rahasia bagi para pihak. Dengan demikian, tidak ada diskusi formal atau informal dengan media, kolega, pesaing, rekanan atau lainnya. Selamat datang karyawan baru EGM - Salil Pradhan, Randy O 'Conner, Ricardo Charvel, Greg Fields, Ken Newman, John Ashman, Rick Cantrell, Tim Klaiber, Trevor Woods, EIM - Tim Asterman, Maxine Leclaire, Jerry Newton, Philip Siewert, Janamon Johnson , Darralyn Briskey, Theodore Rogers, Ena - Rae Meadows, Tiffany Winship, Adrianne Engler, Kimberly Yates, Jackie Verity, Transfer (ke atau di dalam) ENA - Christa Winfrey, Mario Alonso, Paul Rizo - Patron, Nick Ploitis, Misti Day, Mario Alonso, Paul Rizo - Patron, Nick Ploitis, Misti Day Robert, Mario Alonso, Paul Rizo, Nick Ploitis, Misti Day, Robert, Cothran, Susan Wilson, Diane Cutsforth, David Owen EGM - Mark Friedman, John Groves, Deirdre McCaffrey, Statistik William Windle Enrononline di bawah ini adalah angka terbaru untuk Enrononline pada 9 Mei 2001. * Total Transaksi Kehidupan Sampai Tanggal> 963, 575 * Nilai Nosional Hidup Hidup> $ 579 miliar Nugget & Catatan Pengingat: Brown Bag Lunch, Kamis, 17 Mei pukul 11: 30 pagi dalam 5 C 2. Pembicara adalah Michael L. Miller membahas investasi utama. ""Secara historis, koran telah dijual di bawah hubungan yang kuat sebagai produk bermerek yang sangat berbeda untuk"" sangat diskriminatif ""pembeli di penerbit surat kabar. EIM percaya secara berbeda. Pada akhir Maret, EIM telah berhasil menutup pada pabrik koran ke -2, pembuatan korannya, pembuatan korannya, pembuatan korannya, pembuatan korannya ke -2, pembuatan korannya, pembuatan korannya ke -2, pembuatan koran, pembuatan koran ND -nya, pembuatan koran ND -nya, pembuatan koran ND -nya, pembuatan koran ND -nya, pembuatan koran ND -nya, pembuatan koran ND -nya, pembuatan koran ND -nya, pembuatan koran ND -nya ke -2 ND ND -nya ke -2 ND -nya ke -2 ND ND -nya ke -2 ND -nya Ini produsen koran terbesar ke -7 di Amerika Utara. Hebatnya, hanya dalam 2 bulan, tim koran EIM telah berhasil menutup nilai nosional total $ 100 mm ""gaya komoditas engon"" kontrak harga tetap dengan ketentuan 1 hingga 5 tahun? . Dan mereka mengatakan itu bukan komoditas. ""Rodney Malcolm - Wakil Presiden, Penjualan Produk Hutan dan Tip Perjalanan Pemasaran Minggu Ini: Penerbangan Buku 7 hari sebelumnya. Penghematan biaya bisa sangat besar jika Anda berencana ke depan - setidaknya 7 hari. Sebagai contoh: Houston ke Portland kurang dari 7 hari: $ 1, 652 7 hari tiket uang muka $ 324 Selamat kepada Kimberly dan Eric Thode, Direktur Hubungan Masyarakat ENA. Mereka adalah orang tua yang bangga dari Whitney Marie, lahir pada 3 Mei. Beratnya 8 lbs. 8 oz. Selamat kepada orang tua yang bangga Nettelton dan Louise Kitchen, COO, Enron Americas. Putra mereka, Scott William, lahir pada 9 Mei dan beratnya 9 lbs. 1 ons. Berita dari Global Flash Enron menutup kesepakatan batubara besar di Jerman setelah hampir enam bulan negosiasi, tim batubara Enron telah menandatangani kontrak dengan Stadtwerke Bremen untuk memasok kota besar Jerman ini dengan batubara hingga 2006. Di bawah struktur kesepakatan, Enron akan memberikan total 4. 6 juta ton batubara - setara dengan volume kontrak keseluruhan hampir $ 200 juta (DM 440 juta). Perjanjian tersebut mewakili kesepakatan pasokan batubara jangka panjang pertama Enron di Jerman. Volume kontrak tahunan berjumlah sekitar 3 % dari total impor batubara Jerman dan memberi kami aliran volume berkelanjutan di Jerman utara, memungkinkan kami untuk menumbuhkan posisi kami di pasar. Paralel dengan kesepakatan ini, Enron juga menandatangani perjanjian terpisah dengan HMS Bergbau Agentur, sebuah perusahaan yang berspesialisasi dalam ekspor Polandia. Di bawah perjanjian ini, HMS akan menjadi agen penanganan dan pemasok potensial batubara Polandia kepada kami selama masa kontrak. Selamat kepada seluruh tim yang terlibat: Sven Becker, Manfred Ungethum, Cornelia Luptowitsch, Peter Bradley, Jez Peters dan Michael Schuh. Hal -hal hukum informasi yang terkandung dalam buletin ini bersifat rahasia dan hak milik Enron Corp. dan anak perusahaannya. Ini dimaksudkan untuk penggunaan internal saja dan tidak boleh diungkapkan."
ham,"Rotasi Michael Sergeev Hai Mike, sesuai diskusi kami, saya telah berhasil menemukan tempat untuk Michael di EBS 'd. C . kantor . Kemungkinan dia akan bekerja untuk saya di sisi EBS tetapi akan hidup di d. C . Saya akan menyelesaikannya nanti. Vince telah menyebutkan bahwa tidak apa -apa baginya selama tidak apa -apa bagimu. Jadi tolong periksa kembali dengan Vince tentang ini. Saya menyarankan transisi berikut: Tanggal mulai di d. C . 1 Mei 2000 mulai sekarang hingga tanggal mulai, Michael akan perlahan -lahan beralih ke grup saya tetapi pastikan bahwa aktivitas Anda dialihkan ke orang lain. Tetapi saya ingin mengusulkan tanggal 1 Mei 2000 sebagai awal yang sulit sehingga Michael harus mulai bergerak beberapa hari sebelum itu, dll. Salam, Ravi."
ham,"Merit dan ekuitas meningkatkan Norma, saya mengirimi Anda spreadsheet Excel dengan prestasi dan ekuitas yang diusulkan meningkat. Saya sedikit melebihi kuota jasa. Ekuitas meningkat mengatasi dua masalah: retensi dan dan kesalahan dalam menetapkan gaji saat perekrutan (saya cenderung terlalu pelit). Tolong, beri tahu saya jika ada pertanyaan. Saya meneruskan salinan spreadsheet ke alamat rumah saya sehingga saya dapat mengerjakannya malam ini, jika perlu. Vince"
ham,"Re: Terima kasih Vince J Kaminski @ ect 03/27 / 2000 01: 02 PM ke: Tasha Lair / HR / Corp / Enron @ Enron CC: Vince J Kaminski / Hou / ect @ ect, Grant Masson / Hou / ECT @ ect / ECT / HOU / ECT @ ect, Grant Masson / Hou / ECT @ ect / ECT / ECT / ECT @ ECT, Grant Masson / Hou / ECT @ ect / ect / ect / ect / ect Subjek: Re: Tasha, ya, saya pikir Li Xiao layak mendapatkan bonus. Vince Kaminski Tasha Lair @ Enron 03/21/2200 02: 24 PM ke: Vince J Kaminski / Hou / ect @ ECT CC: Subjek: Vince, Linda Vargo bertanya kepada saya karena saya adalah administrator program rujukan karyawan untuk menghubungi Anda di apakah apakah Anda akan menghubungi Anda untuk menghubungi Anda untuk menghubungi Anda untuk menghubungi Anda untuk menghubungi Anda untuk menghubungi Anda untuk menghubungi Anda untuk menghubungi Anda untuk menghubungi karyawan untuk menghubungi karyawan untuk menghubungi Anda untuk menghubungi karyawan untuk menghubungi karyawan untuk menghubungi karyawan untuk menghubungi karyawan untuk menghubungi karyawan untuk menghubungi karyawan untuk menghubungi karyawan untuk menghubungi karyawan untuk menghubungi karyawan untuk menghubungi karyawan untuk menghubungi karyawan untuk menghubungi karyawan untuk menghubungi karyawan untuk menghubungi karyawan untuk menghubungi karyawan untuk menghubungi karyawan untuk menghubungi karyawan untuk menghubungi Anda untuk menghubungi karyawan untuk menghubungi karyawan untuk menghubungi Atau tidak Li Xiao memenuhi syarat untuk bonus pada rujukannya tentang Alex Huang. Saya telah memberi tahu Linda bahwa keputusan tersebut kepada Anda. Jika Anda merasa bahwa Alex Huang dipekerjakan sebagai hasil dari Li membawanya ke perhatian Enron maka bonus sudah jatuh tempo. Linda dan diri Anda telah berkomunikasi melalui E - Mail tentang masalah ini pada awal Februari dan tampaknya dari korespondensi yang Li mendorong Alex untuk mengirimkan resume kepada Anda. Mohon beri tahu apakah Anda ingin memberikan bonus atau tidak. Terima kasih"
ham,"Halo Semua Pembaruan: Persiapan untuk Texas Finance Festival III yang akan datang adalah tentang lengkap dan saya hanya ingin memperbarui Anda tentang informasi reservasi hotel. Anda perlu melakukan reservasi sebelum 20 Maret untuk dijamin mendapatkan kamar di blok kami yang dipesan. Juga, untuk tujuan ""menghitung"" saya membutuhkan formulir pendaftaran semua orang diisi. Banyak dari Anda (dan banyak wajah baru) telah mengirimnya tetapi beberapa mungkin tidak ada, jadi. . . Banyak hal menyenangkan yang direncanakan jadi bersiaplah untuk akhir pekan yang sangat santai dan produktif! John - penyiar. Doc John d. Martin Carr p. Departemen Keuangan Collins di Departemen Keuangan Baylor University PO Box 98004 Waco, TX 76798 254 - 710 - 4473 (kantor) 254 - 710 - 1092 (faks) J _ Martin @ Baylor. EDU Web: http: / / hsb. Baylor. edu / html / martinj / home. html"
ham,"Re: Ganapathy Ramesh Rick, orang IT Tanya ingin didedikasikan untuk upaya MG adalah Ganapathy Ramesh. vince - - - - - - - - - - - - - - - - - - - - - - - - Dikeret oleh Vince J Kaminski / Hou / ECT pada 07/11 / 2000 02: 55 PM - - - - - - - - - - - - - - - - - - - - - - - - - - - ' , Ramesh adalah dia pria itu, yang dapat membantu kita dengan MG Var. Tanya."
ham,"Re: Enron Open Position Maruti, bagaimana dengan 8 September, Jumat? Vince ""lebih"" pada 08/25/2200 03: 27: 26 PM ke: Vince J Kaminski / Hou / ect @ ect CC: Subjek: Enron Open Position Hello MR. Kaminski, bisakah kita bertemu untuk makan siang sebentar lagi untuk kenyamanan Anda? Hanya untuk memberi Anda informasi terbaru tentang pencarian saya untuk kesempatan yang tepat. Saya juga memperhatikan di majalah Risk bahwa Enron Investment Partners dan AIG telah bergabung dengan TreasuryConnect sebagai mitra strategis untuk memanfaatkan pelaksanaan transaksi derivatif keuangan berbasis internet. Saya ingin menjelajahi jika saya bisa membantu Hank Finkenstaedt, direktur Enron Investment Partners. Beri tahu saya hari dan waktu apa yang mungkin nyaman bagi Anda. Terima kasih . Hormat kami, Maruti More 832 - 251 - 7267 Mmore @ Houston. RR. com - - - - - Pesan Asli - - - - - - Dari: Lainnya ke: Vince J Kaminski Tanggal: Senin, 10 Juli 2000 11: 28 AM Subjek: Enron Open Position Dear Mr. Kaminski: Saya ingin mengeksplorasi kesempatan untuk bergabung dengan Enron Investment Partners. Saya mengerti bahwa Enron memiliki dana $ 20 juta yang ditetapkan untuk Finance Start - UPS, dan Gene Humphreys dan asistennya John Godbold berusaha menarik minoritas - perusahaan start yang dimiliki. Saya juga belajar bahwa Enron memiliki rencana untuk meningkatkan ukuran dana ini menjadi $ 200 juta. Saya dapat menemukan peluang ini untuk Enron di seluruh dunia. Mengingat latar belakang saya sebagai analis keuangan sewaan, dengan tangan - pada pengalaman dalam manajemen investasi yang mencakup derivatif keuangan, pendapatan tetap, dan ekuitas, saya bisa menjadi sumber yang berharga untuk melakukan uji tuntas, originasi, penilaian, dan pemantauan awal ini - up -ups ini . Tolong bantu saya mengatur pertemuan dengan Gene Humphreys, Ted Murphy, atau mungkin Ken Lay? Saya menempel di bawah peluang kerja yang terbuka di Enron. Saya juga tertarik pada posisi ini dan ingin bertemu dengan manajer perekrutan. Saya akan menelepon Anda untuk menindaklanjuti. Terima kasih . Hormat kami, Maruti More 832 - 251 - 7267 JOB 0000104282 Detail Manajer / Direktur Fungsi Esensial: Calon akan bertanggung jawab untuk membantu memfasilitasi proses persetujuan transaksi untuk investasi domestik dan internasional. Investasi ini termasuk, tetapi tidak terbatas pada, ekuitas swasta, pengembangan proyek, modal ventura, dan kredit terstruktur. Calon akan bekerja dengan pengembang bisnis dan penjamin emisi dalam mengidentifikasi, memahami, dan mendokumentasikan risiko transaksi. Mereka juga akan membantu dalam menyiapkan dokumentasi persetujuan transaksi. Selain itu, mereka akan mengawasi penilaian, pemodelan, dan proses simulasi untuk investasi. Fokus utama adalah untuk mengidentifikasi dan mengukur faktor risiko utama baik dari perspektif kuantitatif dan kualitatif dengan penekanan pada analisis fundamental. Kandidat harus dapat membantu dalam manajemen dan pelatihan staf departemen dan dalam perumusan kebijakan dan prosedur penilaian investasi. Persyaratan Penting :? Keterampilan interpersonal yang kuat? Pemahaman tentang penataan transaksi dan masalah risiko kredit? Pemahaman tentang metodologi keuangan dan penilaian. ? Kemahiran dengan model arus kas Excel? Pengalaman dengan analisis laporan keuangan? Pemahaman tentang statistik dan teknik simulasi (Monte Carlo). Keterampilan Pilihan: Na. Karakteristik Khusus: Kandidat yang ideal akan memiliki gelar sarjana dalam bidang keuangan, akuntansi, atau ekonomi, dan gelar MBA. Pengalaman yang relevan dapat mencakup analisis kredit atau pengalaman penilaian / keuangan. Manajer / Direktur di departemen penilaian risiko perusahaan energi $ 20 miliar. Hubungi: Silakan kirim email resume ke corpjobsl @ enron. com, silakan merujuk ke pekerjaan tidak. 104282 saat merespons. ID Pekerjaan 0000104282 Departemen Harga Modal / Risiko Perusahaan Penilaian Risiko Staf Perusahaan dan Kontrol Lokasi Houston, TX Tipe Tanggal Posting 05 - Jun - 00 Untuk mengirimkan resume Anda untuk posisi ini: Online Masukkan ID Resume Anda: Tidak Ada ID Resume? Anda dapat membuat resume di baris, menyetornya di database kami, dan menerima ID resume menggunakan pembangun resume kami. ID resume Anda akan memungkinkan Anda untuk mengirimkan resume Anda sekali, tetapi rute hingga 20 posisi terbuka. Enron tidak memproses resume yang tidak dikirim sebagai tanggapan terhadap posisi tertentu. Jika Anda memiliki resume yang ada dalam format elektronik, pembangun resume memungkinkan Anda untuk memotong dan menempelkan seluruh resume Anda. Faks Nomor faks kami adalah 1 - 888 - 588 - 7152. Anda harus memberi tahu kami pekerjaan mana yang Anda minati, atau kami tidak akan dapat memproses resume Anda. Tulis di resume Anda (atau di halaman terpisah) semua ID pekerjaan dari pekerjaan yang Anda minati untuk mengejar. Peluang yang setara dan tindakan afirmatif pemberi kerja atas halaman Halaman Hak Cipta 1997 - 1999 Enron Corp. seluruh hak cipta . Hubungi kami . Job 0000104281 Detail Staf / Spec / SR Spec Fungsi Esensial: Persiapan ""Snapshot"" - Bertanggung jawab untuk persiapan ""Snapshots"" asset triwulanan yang memberikan manajemen senior Enron dengan informasi operasional dan keuangan yang dirangkum tentang investasi portofolio pedagang yang dipilih. Tanggung jawab yang terkait dengan persiapan snapshot meliputi: meneliti perusahaan yang diperdagangkan secara publik, menghitung data keuangan utama, memperbarui dan menganalisis ringkasan grafis kinerja, meninjau siaran pers untuk data acara terkini, memperbarui harga saham dari Bloomberg? Laporan Penjamin Emisi Mingguan - Tanggung jawab penuh untuk memperbarui dan mendistribusikan laporan penjamin emisi mingguan. Melibatkan interaksi rutin dengan wakil presiden eksekutif, personel kantor London, serta beberapa wakil presiden dalam kelompok penjaminan dalam RAC. ? Berbagai proyek - akan digunakan pada proyek -proyek khusus berdasarkan persyaratan penting yang diperlukan: gelar akuntansi / keuangan / ekonomi dengan pengalaman bisnis 0 - 4 tahun. Keterampilan komputer yang sangat baik - Excel, PowerPoint, Bloomberg, keterampilan penelitian Word dan kemampuan untuk berinteraksi dengan berbagai personel dan departemen. keterampilan organisasi yang sangat baik. Starter diri, pelajar cepat. harus menjadi pemain tim. Keterampilan menulis yang baik dengan kemampuan untuk merangkum hasil operasional dan keuangan secara ringkas. Keterampilan Pilihan: Na. karakteristik spesial : . Posisi Level Masuk dengan Peluang untuk mendapatkan keakraban dengan semua aset portofolio Enron. Kemajuan di masa depan dalam manajemen aset dan portofolio mungkin bagi kandidat yang menunjukkan kompetensi dan kreativitas. Kontak: Silakan kirim email resume ke encajobsl @ enron. com, silakan merujuk ke pekerjaan tidak. 104281 Saat merespons. ID Pekerjaan 0000104281 DEPARTEMEN DECEDIGENCE / ASET MGMT Perusahaan Penilaian Risiko Staf Perusahaan dan Kontrol Lokasi Houston, TX Tipe Tipe Tanggal 05 - Jun - 00 Pekerjaan 0000102789 Rincian Simulasi Spesialis SR: Dalam posisi ini kandidat akan menjadi model, menjalankan monte - simulasi carlo, evaluasi evaluasi: evaluasi posisi ini akan menjadi model, menjalankan monte - carlo simulasi, evaluasi evaluasi: evaluasi posisi kandidat, menjalankan monte - carlo simulasi, evaluasi evaluasi: evaluasi posisi kandidat, menjalankan monte - carlo simulasi, evaluasi evaluasi: Investasi Modal. Investasi ini akan mencakup berbagai macam. Calon akan bertanggung jawab atas validasi model serta memastikan keakuratan dan integritas model dan asumsi yang mendasari. Fokus utama adalah memberikan penilaian obyektif untuk investasi dengan mengidentifikasi dan mengukur faktor risiko utama baik dari perspektif kuantitatif maupun kualitatif. ? Memahami teknik penilaian yang diterapkan pada ekuitas atau produk keuangan terstruktur. ? Memahami model arus kas dan model penetapan harga opsi. ? Kemahiran di Excel. ? Pemahaman tentang keuangan proyek dan teknik mitigasi risiko. ? Pengalaman dengan analisis laporan keuangan dan pernyataan pro forma. ? Memahami statistik dan aplikasi untuk analisis keuangan. Persyaratan Penting: NA. Keterampilan Pilihan :? pemahaman metodologi simulasi seperti Montecarlo. ? Paparan perangkat lunak analisis statistik seperti Crystal Ball atau @ Risk. Kandidat yang ideal akan memiliki gelar sarjana dalam bidang keuangan, akuntansi, atau ekonomi dan memiliki 2 hingga 3 tahun pengalaman pemodelan keuangan dan MBA / CPA. Karakteristik Khusus: NA. Hubungi: Harap jangan hubungi manajer perekrutan. Tolong tidak ada faks. Kirim resume melalui E - Mail ke corpjobsl @ enron. com atau Mail to Enron, attn: tvasut - EB 3628, 1400 Smith st. , Houston, TX 77002. Silakan merujuk ke pekerjaan # 102789 ID Pekerjaan 0000102789 Departemen Harga Modal / Risiko Perusahaan Staf Perusahaan Penilaian Risiko dan Kontrol Lokasi Houston, TX Tipe Tanggal Tanggal 17 - Mar - 00 - Attl. htm"
ham,"Bertemu untuk membahas materi presentasi Harap tanggapi Hello Vince dan Kenneth, rekan tim saya dan saya ingin menjadwalkan waktu dengan Anda untuk membahas materi presentasi kami. Kami lebih suka bertemu dengan Anda pada hari Kamis sehingga kami dapat memiliki akhir pekan untuk memasukkan perubahan apa pun yang mungkin Anda sarankan, tetapi kami akan mengakomodasi jadwal Anda. Terima kasih atas semua bantuan Anda, = = = = = = = = = = = = = = = = = = = = = = = = = = = = = = = = = = = = = = = = = Charles Womack Jr Jr . Kandidat MBA 2002 Rice University Jesse h. Jones Graduate School of Management Cwomack @ Rice. EDU Cell: 281 - 413 - 8147"
ham,"Re: Informasi rotasi Martin, saya bekerja di sini dengan Jim Irvine dan membahas rotasi Anda. Anda akan melapor kepada saya, dengan peran pelaporan 'klien' ke Jim di mana Anda akan melakukan sebagian besar pekerjaan. Anda akan tetap di Houston bekerja di lantai 19 untuk saat ini sampai kami menemukan Anda tempat di 44 th atau 45 th. Jim Irvine akan meminta John Griebling untuk ruang kantor perencanaan jaringan di Houston. Anda akan mendapatkan kantor di daerah itu. Jim akan bekerja dari Portland tetapi akan mengadakan kantor di Houston. Sampai ruang kantor di lantai EBS terjadi, Anda harus tetap pada tanggal 19. Kami akan mengalokasikan Anda untuk grup Jim's & John Griebling penuh waktu. Anda akan memiliki komputer EBS, ponsel, dll. untuk sepenuhnya terhubung di sisi EBS. Anda akan bekerja pada awalnya di sisi Teknik Trffic untuk mendukung hari - untuk - hari - bertarung seperti analisis. Saya akan mengawasi Anda dengan repect untuk bimbingan tentang apa yang harus dilakukan dll. . . Jim akan mengarahkan apa yang akan dilakukan. Baik Jim dan saya akan mendukung pekerjaan rekayasa lalu lintas tetapi Jim pada akhirnya bertanggung jawab atas hasil. Spesialis penelitian operasional teknis kami (Samer, Chonawee, dan dua lainnya dari Stanford & MIT) akan fokus pada algoritma generasi berikutnya untuk EBS. Algoritma seperti itu saat ini sedang ditentukan. Ini akan tergantung pada bagaimana pasar perdagangan akan berkembang. Kita tahu bahwa kode rak yang ada - tidak cukup. Periode pengembangan untuk algoritma ini akan di mana saja dari 3 bulan hingga 9 bulan tergantung pada kompleksitasnya. Ini sesuai dengan kapan EBS mengantisipasi volume perdagangan untuk benar -benar mengambil. semoga membantu . Salam, Ravi. Martin. Lin @ Enron. com 02/23 / 00 02: 06 PM ke: Ravi Thuraisingham / Enron Communications @ Enron Communications CC: Subjek: Informasi Rotasi Ravi, Program Associate memiliki prosedur yang memerlukan informasi tentang rotasi baru. Saya hanya ingin mengklarifikasi beberapa detail rotasi saya ke EBS, terutama mengingat ikatan yang ditahan dengan penelitian. Akankah Jim Irvine menjadi supervisor saya dengan EBS menjadi perusahaan yang ditagih untuk waktu saya? Artinya, akankah koneksi saya ke penelitian menjadi informal dan dipahami, daripada memiliki beberapa fungsi pelaporan yang sebenarnya? Ini sehubungan dengan kolam A / A. Terima kasih, Martin"
ham,Permintaan Dikirim: Permintaan akses untuk Mark. Breese @ Enron. com Anda telah menerima email ini karena Anda terdaftar sebagai pemberi data data alternatif. Silakan klik persetujuan untuk meninjau dan bertindak berdasarkan permintaan ini. ID Permintaan: 000000000005820 PEMBERITAHUAN: STINSON. Gibner @ Enron. com Permintaan Buat Tanggal: 10/26 / 00 2: 27: 45 PM diminta untuk: Mark. Breese @ Enron. Nama Sumber Daya Com: \ \ Enehou \ Houston \ Common \ Research - [Baca / Tulis] Jenis Sumber Daya: Direktori
ham,"Re: Kursus Derivatif Energi dan Cuaca Lacima oleh Clewlow dan Strickland Julie, beberapa masalah. 1. Saya ingin mendaftarkan 2 anggota grup saya untuk kedua kursus (di Houston): a. Paulo Issler b. Alex Huang Saya akan menghadiri kursus tentang cuaca saja. 2. Saya telah memulai proses untuk mengeluarkan cek untuk 5.000 AUD untuk Lacima. Shirley mengirimi Anda pembaruan tentang ini. Angsuran ke -2 berasal dari anggaran kantor kami di Australia. Saya akan berbicara dengan Paul Quilkey hari ini tentang hal itu. Tolong, beri tahu saya jika ada penundaan. 3. Buku ini akan digunakan sebagai buku teks untuk kelas yang akan saya ajarkan di Rice. Toko buku Rice Univ sedang melakukan pemesanan. 4. Saya ingin memesan 50 salinan untuk grup saya. Apa cara EBST untuk memesan? Bisakah kita membayar dalam dolar AS? Vince ""Julie"" pada 11/12 / 2000 02: 05: 40 PM ke: CC: Subjek: Kursus Derivatif Energi dan Cuaca Lacima oleh Clewlow dan Strickland, silakan temukan informasi terlampir? Untuk dua kursus dan lokakarya kami berikutnya :? Derivatif Energi :? Harga dan manajemen risiko dan turunan cuaca, yang akan dilakukan di Houston dan di London pada Februari / Maret 2001. ? Instruktur adalah Dr Les Clewlow dan Dr Chris Strickland. ? Karena kursus membutuhkan interaksi yang intens, kursus akan menjadi? Terbatas hingga maksimal 15 orang, sehingga pendaftaran awal didorong. ? Jika Anda memerlukan informasi lebih lanjut, atau ingin mendaftar untuk salah satu atau keduanya? Kursus, silakan hubungi saya melalui email ini atau situs web kami ,? www. lacimagroup. com - energi. PDF - Cuaca. pdf"
ham,"Re: Tanggal Mulai: 8 Jan, 2001 Vince: FYI - Wichai bergabung pada 8 Januari. Osman akan merawatnya sampai saya kembali. Krishna. - - - - - - - - - - - - - - - - ' - - - - - - - - - - - - - - - - ' , 2001 Osman: Bisakah Anda meminta meja & komputer untuk Wichai? Dennis tahu tentang Wichai yang datang pada bulan Januari. Terima kasih, Krishan. - - - - - - - - - - - - - - - - ' - - - - - - - - - - - - - - - - ' Dear Wichai: Senang mendengar kabar dari Anda dan senang Anda akan segera berada di sini. Saya akan berlibur di bulan Januari. Ketika saya pergi, Anda akan melapor ke Osman Sezgen yang telah Anda temui ketika Anda berada di sini di Houston. Tolong hubungi dia saat Anda datang ke sini. Nomor teleponnya adalah (713) 853 - 5485. Jika Anda memiliki masalah, hubungi Asisten kami Shirley Crenshaw di (713) 853 - 5290. Harapan terbaik, Krishna. ""Wichai Narongwanich"" pada 12/19/2000 01: 51: 40 PM ke: CC: Subjek: Tanggal mulai: 8 Jan, 2001 Dear Dr. Krishna, sebagaimana disebutkan selama proses wawancara, saya berencana untuk mulai bekerja di bawah pengawasan Anda pada bulan Januari sebelumnya. Sekarang saya siap untuk mulai bekerja dengan Anda pada 8 Januari 2001. Saya telah berhubungan dengan departemen sumber daya manusia untuk mengatur izin kerja dan relokasi. Saya telah menerima pelatihan praktis opsional yang berlaku mulai 8 Januari 2001 hingga 7 Januari 2002. Saya akan pergi ke Houston untuk mencari apartemen akhir pekan ini. Ngomong -ngomong, saya mendengar dari Seksan, saat ini bekerja di bawah pengawasan Anda, bahwa Anda akan segera berlibur dan akan kembali bekerja lagi akhir Januari. Oleh karena itu, saya ingin apakah harus saya laporkan dengan siapa pada tanggal mulai saya? Atau apakah Anda punya rekomendasi bagi saya untuk mempersiapkan pekerjaan baru? mohon saran . Salam Hormat, Wichai Narongwanich - - - - - Pesan Asli - - - - - - Dari: Pinnamaneni. Krishnarao @ Enron. Com Sents: Selasa, 20 Juni 2000 1: 21 PM ke: Wichai @ Engin. umich. Subjek Edu: Re: Resume untuk sr. Spesialis / Manajer - Posisi Penelitian Mr. Narongwanich: Anda memiliki latar belakang yang mengesankan. Apa ketersediaan Anda dalam hal waktu? Kami mencari seseorang untuk bergabung dengan grup kami segera (berminggu -minggu daripada berbulan -bulan). Terima kasih, p. v. Krishnarao ""Wichai Narongwanich"" pada 06/19/2000 09: 17: 35 AM ke: CC: Subjek: Lanjutkan untuk sr. Spesialis / Manajer - Posisi Penelitian Mr. Krishnarao, saya menerima informasi tentang peluang kerja ini dijelaskan di bawah ini oleh Boo Lee, sebuah alumni program teknik keuangan di sini di University of Michigan. Posisi ini sangat menarik dan relevan dengan latar belakang saya (mengejar Ph. Lanjutkan di MS - Dokumen Word di Surat Ini. Jika Anda memerlukan informasi lebih lanjut, silakan tidak ragu untuk menghubungi saya. Hormat kami, Wichai Narongwanich Wichai Narongwanich PH. D . Calon, IOE Dept. Asisten Peneliti, Meam Dept. Universitas Michigan Sr. Spesialis / Manajer - Posisi Penelitian Deskripsi: Posisi penuh waktu sebagai anggota kelompok penelitian di Enron mendukung kegiatan manajemen risiko komoditas dalam layanan energi Enron. Orang yang dipilih akan bekerja erat dengan pembuat kesepakatan dan risiko - manajer untuk mengembangkan dan mendukung model kuantitatif untuk penetapan harga dan manajemen risiko. Tanggung jawab: Tanggung jawab termasuk menganalisis data dan pengembangan model untuk menilai kontrak komoditas komoditas (atau terkait komoditas), opsi yang tertanam atau opsi nyata yang terkait dengan kontrak manajemen energi jangka panjang, memperkirakan beban pelanggan, dan mengelola risiko yang terkait dengan kontrak energi. Kualifikasi & Keterampilan: Gelar Master / Doktor dalam bidang kuantitatif (matematika, statistik, penelitian operasi, ekonometrik / keuangan) dengan pengalaman atau pekerjaan kursus dalam statistik, analisis data dan pemodelan matematika. Harus memiliki keterampilan komputer yang sangat baik dan dapat berfungsi dalam lingkungan yang dinamis dan tidak terstruktur. Kursus dalam statistik / ekonometrik dan keuangan dasar lebih disukai. Kemahiran di Excel termasuk VBA. Keakraban dengan Access & Visual Basic. Pengetahuan tentang manajemen risiko atau pasar energi plus. Tempat kerja: Houston Kontak: Resume email ke pkrishn @ enron. com (p. v. Krishnarao) (lihat file terlampir: resume. Doc)"
ham,"Re: Enron Weather Research Good Sore Mike: Saya tentu tertarik untuk menentukan apakah mungkin ada potensi yang cocok di Enron. Saya sangat antusias untuk menerapkan latar belakang keuangan dan meteorologi saya di lingkungan berbasis pasar yang didorong untuk mencapai efisiensi yang belum pernah terjadi sebelumnya. Terlampir adalah dua dokumen: 1) resume yang terfokus pada bisnis, dan 2) CV meteorologi yang disingkat. Kursus meteorologi lulusan termasuk dinamika atmosfer canggih I dan II, meteorologi fisik lanjutan, pemodelan lapisan batas, pemodelan numerik, metode penelitian dalam meteorologi, dan turbulensi. Saya akan menunggu kabar dari Anda. Hormat kami, Greg Hunt - - - - - - pesan asli - - - - - dari: ke: cc :; ; Dikirim: Jumat, 27 April 2001 9: 12 pagi Subjek: Enron Weather Research >> Greg, >> Halo, dan dengan cara diperkenalkan, kami diteruskan alamat E - email Anda oleh> Heather Thorne. >> Saya mengerti Anda memiliki m. S . dalam meteorologi serta m. B . A . Di> Keuangan, dan telah melakukan penelitian di Livermore. >> Saya akan dengan senang hati mempelajari lebih lanjut tentang aktivitas Anda, dan, jika Anda> tertarik, untuk melihat apakah mungkin ada potensi yang cocok di sini di Enron. >> Bisakah Anda - mengirimkan resume Anda dengan deskripsi kursus Anda dan> kegiatan penelitian? >> Menantikan untuk mendengar dari Anda, >> Mike Roberts> Wakil Presiden - Penelitian> - Greg Hunt _ Resume _ 4 - 27 - 01. DOC - Greg Hunt _ CV _ Meteorologi _ 4 - 27 - 01. dokter"
ham,"Re: Pesan dari Samer Takriti Samer, saya senang masalah ini telah diurus. Semoga semuanya berjalan baik untuk Anda. Saya akan menghubungi Anda sebelum datang ke New York City. Selamat Liburan yang terbaik. Vince Shirley Crenshaw 12/11 / 2000 08: 13 pagi untuk: Vince J Kaminski / Hou / ect @ ect CC: Subjek: Pesan dari Samer Takriti Vince: Samer meminta saya untuk meneruskan ini kepada Anda (dia menggunakan alamat email yang salah) . Saya akan meneruskan alamat yang benar. Shirley - - - - - - - - - - - - - - - - - - - - - - - - diteruskan oleh Shirley Crenshaw / Hou / ECT pada 12/11 / 2000 08: 11 pagi - - - - - - - - - - - - - - - - - - - - - - - - - - - - - - ""Samer Takriti"" pada 12 /08 /2000 10: 01: 49 AM ke: Shirley. Crenshaw @ Enron. Com CC: Subjek: Shirley, pesan saya kepada Vince terus kembali. Bisakah Anda meneruskannya padanya? terima kasih . - Samer - - - - - - - - - - - - - - - - - - - - - - - - diteruskan oleh Samer Takriti / Watson / IBM pada 12 /08 /2000 11: 01 AM - - - - - - - - - - - - - - - - - - - - - - - - - - - - - - - Laporan Kegagalan Pengiriman Dokumen Anda: Bukan Vince. Kaminsky @ Enron. com dikirim ke: karena: 550 5. 1. 1. . . Pengguna tidak diketahui _ _ _ _ _ _ _ _ _ _ _ _ _ _ _ _ _ _ _ _ _ _ _ _ ke: CC: Dari: Tanggal: 12/07 / 2000 05: 52: 45 PM Subjek: Vince, How, How, How, How, Bagaimana apakah kamu ? Saya minta maaf karena tidak menghubungi Anda sebelumnya. Kami membeli rumah kecil dan menghabiskan seluruh waktu kami. Kami juga mengadopsi anak anjing kecil yang terbukti banyak pekerjaan. Percaya atau tidak, saya belum memiliki kesempatan untuk mengunjungi NY City (saya ada di sana sekali sebentar untuk berkendara ke bandara). Saya baru saja menerima cek untuk tiket pesawat. Terima kasih telah mengurus masalah ini dengan cepat. Shirley, sekali lagi, luar biasa. Hati-hati . Semoga liburan Anda menyenangkan. Jika Anda berada di area NY, beri tahu saya. Mungkin kita bisa makan siang atau minum bersama. - Samer"
ham,"Tulisan tesis MIT Student Hi Vince, Krishna & saya berbicara dengan siswa ini ketika berada di Sycamore Networks. Dia tampaknya sangat memenuhi syarat untuk kelompok analisis EBS kami. Sycamore memiliki tim layanan profesional yang menyediakan konsultasi tentang pemodelan optimasi jaringan, dll. Mereka melakukan ini untuk mendorong produk mereka, dll. . . . Salah satu profesional dalam kelompok itu sangat merekomendasikan siswa ini. Kami saat ini bekerja dengan profesional yang sama di Sycamore untuk melakukan analisis desain jaringan intial kami (karena tenggat waktu hari ini!). Saya telah mengatur kunjungan siswa MIT ke Houston bersama dengan dua siswa Standford bulan ini. Saya telah menyerahkan tugas mengatur kunjungan seperti itu ke Elisabeth Grant. Dia akan mengatur segalanya dan menagih RC kami sehingga kami dapat mengalokasikan untuk John Grierbling nanti. Stinson dan saya pikir itu adalah cara paling efektif untuk melakukan ini. Salam, Ravi. - - - - - Dikeret oleh Ravi Thuraisingham / Enron Communications pada 02/07 / 00 01: 16 PM - - - - - salal @ mit. EDU 02/04 / 00 08: 33 AM TO: pkrishan @ enron. Com CC: Ravi Thuraiingham / Enron Communications @ Enron Communications, Brett. Leida @ Sycamore. Subjek bersih: Tulisan Hi Krishan, Ravi, saya minta maaf atas keterlambatan dalam mengirimkan artikel - - beberapa komplikasi yang tidak terduga benar -benar memotret 1 - 1/2 hari terakhir. Saya melampirkan versi PDF: 1. Dua bab pertama tesis saya, yang seharusnya membantu mengetahui apa yang kami coba lakukan. 2. Dua artikel pemodelan teknis lagi untuk layanan yang saya coba modelkan. Tulisannya, seperti yang saya sebutkan sebelumnya, bekerja dalam proses, dan tidak lengkap, dan karena itu saya minta maaf sebelumnya atas kebingungan yang mungkin muncul. Saya juga meminta Anda tidak mengedarkan ini secara luas karena alasan yang jelas. Terima kasih banyak, Salal Salal Humair Massachvsetts Institvte of Technology Operations Research Center Rooms E 40 - 130, 5 - 332 A X 3 - 3014, x 5 - 9727 - Expexp. PDF - FedEx. PDF - Tesis. pdf"
ham,"Resume Phil Roan, meja cuaca Koch Shirley, Phil Roan, analis kuantitatif dari kelompok turunan cuaca Koch akan berada di sini pada sore hari Jumat 16 Juni, mulai katakan, pada 1: 30 atau 2: 00. Vince meminta saya untuk meminta Anda untuk menyatukan serangkaian wawancara (seperti yang saya mengerti, Vince sendiri tidak akan tersedia hari itu). Mark Tawney harus melihatnya; Seseorang dari pemasaran cuaca dan / atau penataan harus melihatnya, e. G . Gary Taylor dan / atau Michael Nguyen; Beberapa orang lagi dari penelitian harus memanggangnya tentang masalah teknis dan meteorologi, e. G . Vasant dan / atau Zimin serta Mike Roberts atau seseorang di timnya. Phil hanya menjadi ""kuant"" sejak kepergian kuante cuaca Koch sebelumnya pada bulan Februari; Sebelum itu dia adalah ""manajer risiko"" cuaca Koch. Saya masih tidak yakin apa arti perbedaan itu, tetapi kita perlu mencari tahu seberapa banyak yang dia ketahui tentang penetapan harga dan meteorologi. Meskipun keinginannya yang diungkapkan adalah untuk fokus pada turunan cuaca, kita juga harus menilai seberapa berguna dia dari perspektif kelompok penelitian, karena penelitian kemungkinan akan menjadi rumah resminya. Akhirnya, Jere Overdyke dan / atau orang lain dari kelompoknya (George Carrick, jika tersedia) juga harus mendapatkan kesempatan untuk bertemu dengannya. Saya sudah berbicara dengan Phil, tetapi saya ingin duduk dengan Vasant atau Zimin atau Mike ketika mereka mewawancarainya, karena saya tidak dapat mengajukan pertanyaan teknis. Jika saya menghitung dengan benar, itu harus berjumlah lima sesi wawancara, mungkin lebih sedikit jika kita wawancara dalam kelompok dua. Resume Phil terlampir di bawah ini. Joe p. S . Saya juga akan meneruskan ini ke Jason Sokolov. Dia akan memberi tahu Anda jika ada orang dari RAC juga ingin bertemu dengannya. - - - - - - - - - - - - - - - - - - - - - - ' - - - - - - - - - - - - - - - - ' hou / ect @ ect cc: subjek: resume Phil Roan, Koch Weather Desk - - - - - - - - - - - - - - - - - - - - - - - diteruskan oleh Jason Sokolov / Hou / ect pada 06 / 05 /2000 01: 54 PM - - - - - - - - - - - - - - - - - - - - - - - - - - - - - ""Roan, Philip"" pada 06/05 / 2000 08: 33: 00 AM TO: ""Jason Sokolov (E - Mail)"" CC: Subjek: Jason, inilah lampiran yang kita bahas. Aku akan meneleponmu sore ini. Phil Roan Roanp @ Kochind. com (713) 544 - 7469> - - - - - Pesan Asli - - - - -> Dari: Proan @ Mindspring. com [SMTP: Proan @ Mindspring. com]> terkirim: Minggu, 04 Juni 2000 8: 07 PM> ke: PR @ Work> Subjek: >>> - Philip F Roan. dokter"
ham,"Umpan Balik Kinerja Akhir Tahun 2000 Catatan: Anda akan menerima pesan ini setiap kali Anda dipilih sebagai pengulas. Anda telah dipilih untuk berpartisipasi dalam proses manajemen kinerja akhir tahun 2000 dengan memberikan umpan balik yang berarti pada karyawan tertentu. Umpan balik Anda memainkan peran penting dalam prosesnya, dan partisipasi Anda sangat penting untuk keberhasilan tujuan manajemen kinerja Enron. Untuk menyelesaikan permintaan umpan balik, akses PEP di http: / / pep. corp. Enron. com dan pilih Lakukan Ulasan di bawah Layanan Tinjauan Kinerja. Anda dapat mulai memberikan umpan balik segera dan diminta untuk memiliki semua formulir umpan balik yang diisi pada hari Jumat, 17 November 2000. Jika Anda memiliki pertanyaan tentang PEP atau tanggung jawab Anda dalam proses tersebut, silakan hubungi Pep Help Desk di: Houston: 1. 713. 853. 4777, Opsi 4 London: 44. 207. 783. 4040, Opsi 4 Email: perfmgmt @ enron. com Terima kasih atas partisipasi Anda dalam proses penting ini. Berikut ini adalah daftar kumulatif permintaan umpan balik karyawan dengan status ""terbuka."" Setelah Anda mengirimkan atau menolak permintaan karyawan untuk umpan balik, nama mereka tidak akan lagi muncul dalam daftar ini. Grup Tinjauan: Tanggal Jatuh Tempo Umpan Balik Enron: 17 Nov 2000 Nama Pengawas Nama Karyawan Tanggal yang dipilih - - - - - - - - - - - - - - - - - - - - - - - - - - - - - - - - - - - - - - - - - - - - Andrews, Naveen C Rudi C Zipter 31 Okt 2000 Baxter, Ashley David Davies 02 Nov 2000 Campos, Hector O Peyton S Gibner 06 Nov, 2000 Carson, Richard L Richard B Beli 30 Oktober, 2000 Crenshaw, Shirley J Wincenty J Kaminski 26 Okt 2000 Gandy, Kristin H Celeste C Roberts 01 Nov 2000 GORNY, Vladimir Theodore R Murphy II Nov 02, 2000 Kindall, Kevin Vasant Shanbhogue 30 Okt 2000 Lamas Vieira Vieira, Lamas Vieira Vasant Shanbhogue OCT 2000 LAMAS Vieira Vieira, Lamas Vieira Vieira, Lamas Vieira Vieira, Lamas Vieira Vieira, Lamas Vieira Vieira Vasant, 31 Okt 2000 Raymond, Maureen J Wincenty J Kaminski 02 Nov 2000 Supatgiat, Chonawee Peyton S Gibner 27 Okt 2000 Tamarchenko, Tanya v Vasant Shanbhogue 26 Okt 2000 Villarreal, Norma E Sheila H Walton 26 Oktober, 2000 Walton, Sheila, Norma E Sheila H Walton, 2000 Walton, Sheila, Norma E Sheila H Walton, 2000 Walton, Sheila, Norma E Sheila H Walton, 2000 Walton, 2000 Walton, Norma E Sheila H Walton, 2000, Norma E Sheil H Walton, 2000 David Oxley 27 Okt 2000 Yaman, Sevil Vasant Shanbhogue 27 Okt 2000 Yuan, Ding Richard L Carson 31 Okt 2000"
ham,"Re: Resume Carla di Castro Vince, kami memiliki banyak rekanan yang harus kami tempatkan di dalam unit bisnis. Setelah itu, jika ada kebutuhan perekrutan tambahan, kami akan mempertimbangkan resume -nya. Salam, Shannon Vince J Kaminski 03/16/2000 05: 32 PM untuk: Shannon Rodgers / Hou / ect @ ect CC: Vince J Kaminski / Hou / ect @ ECT Subjek: Re: Resume dari Carla di Castro Shannon, saya sadari itu, saya sadari Program ini penuh. Jika saya menemukan kelompok yang tertarik padanya, apakah Anda akan mempertimbangkan kembali - mengundangnya? Vince Shannon Rodgers 03/16 / 2000 01: 52 PM untuk: Vince J Kaminski / Hou / ect @ ECT CC: Subjek: Resume dari Carla di Castro Vince, terima kasih telah meneruskan resume Carla Di Castro. Saat ini, program magang associate musim panas kami penuh. Saya telah menanggapi Carla untuk menginformasikannya tentang status program. Salam, Shannon"
ham,"Penerimaan Penawaran Pak, saya telah memutuskan untuk menerima tawaran pekerjaan Anda di sini di Enron. Tolong beri tahu saya bagaimana saya dapat membantu dengan proses ""perekrutan - pada"". Bolehkah saya bertanya apa tanggal sewa yang efektif? Informasi itu akan membantu saya ketika saya beralih dari Prostaff. Terima kasih atas kesempatan yang luar biasa ini! Hormat kami, Sam Smith"
ham,"Re: Makan siang dengan itu dan kredit Tanya, ya, kami berbicara tentang hari Rabu. kesalahanku . Rabu, 19 April bekerja untuk saya. Mari kita lakukan itu. Vince Tanya Tamarchenko 04/10/2000 02: 13 PM untuk: Shirley Crenshaw / Hou / ect @ ect CC: Vince J Kaminski / Hou / ECT @ ECT Subjek: Re: Makan siang dengan itu dan kredit Shirley, inilah daftar orang -orang Siapa yang akan menghadiri makan siang ini: Kredit: Bill Bradford, Tanya Rohauer, Debbie Bracket (3); Penelitian: Vince Kaminski, Grant Masson, Vincent Tang, Tanya Tamarchenko (4); IT: Jonathan Le, Ganapathy Ramesh, Winston Jia, Virendra Patel, Andrew Champion (dan mungkin beberapa lagi, Jonathan berjanji untuk kembali dengan saya dengan headcount); Kontrol Risiko: Rudi Zipter, Ted Murphy (2). Saya mengerti bahwa kami akan pergi bukan pada tanggal 14, tetapi minggu depan. Vince: Apakah Anda ingin melakukannya pada hari Rabu, 19 April, atau Jumat, 21 April? Shirley, bisakah Anda, tolong, buat reservasi setelah balasan Vince? Terima kasih, Tanya. vince j kaminski  04 / 05 / 2000 02 : 51 pm  to : tanya tamarchenko / hou / ect @ ect  cc : shirley crenshaw / hou / ect @ ect , vince j kaminski / hou / ect @ ect  subject : lunch with it and credit  tanya , dapatkah Anda mengoordinasikan, tanpa kehadiran saya, makan siang dengan itu dan kredit. Kami membutuhkan jumlah tubuh dan reservasi di restoran untuk tanggal 14. Vince"
ham,"Generator Nol Kurva untuk UK Gilts Anjam, berikut adalah model untuk menyesuaikan istilah struktur gilt Inggris. Ide dasarnya adalah sebagai berikut: harga kotor _ {ith gilt} = sum _ {j} c _ {i} / 2 * Diskon faktor (t _ {j, i}) + 100 * Faktor diskon (t _ {ni, i} menggunakan bentuk analitik lima parameter untuk faktor diskon, dan meminimalkan jumlah kesalahan absolut, saya dapat memperoleh kurva nol yang halus. Model membutuhkan tebakan awal untuk parameter, ini mungkin memerlukan beberapa pengalaman. File log dapat membantu Anda untuk melihat seberapa baik optimalisasi bekerja. Beri tahu saya jika Anda memiliki pertanyaan. Zimin"
ham,"Re: Nick Bambos terdengar bagus. Beri tahu saya bagaimana saya bisa membantu. Tom Vince J Kaminski @ ECT 02/28 / 00 11: 42 AM ke: Thomas D Gros / Hou / ect @ ect CC: Ravi Thuraisingham / Enron Communications @ Enron Communications, Vince J Kaminski / Hou / ECT @ ect, Stinson Gibner / Subjek hou / ect @ ect: Nick Bambos Tom, saya sakit dan harus menjadwal ulang pertemuan dengan Nick Bambos. Saya akan bertemu dengannya pada hari Sabtu minggu ini. Saya akan berbicara dengannya tentang hal -hal berikut: 1. Membiayai proyek penelitian oleh mahasiswa pascasarjana ($ 100 K per tahun, tersebar di beberapa proyek) 2. Mengundang Nick untuk mengunjungi Enron 3. Saya dapat menyebutkan kemungkinan Nick Consulting untuk kami. Mengingat statusnya, keterlibatan dalam proyek Internet 2, dan pandangan yang secara erat paralel visi Enron, masuk akal jika dia bekerja untuk kita. Dia bisa menjadi suara yang sangat efektif mendukung inisiatif kami. tolong beritahu saya bagaimana menurut anda . Vince"
ham,"Stephen Bennett Vince, atas penggunaan Anda sesuai diskusi kami - - - Mike - - - - - - - - - - - - - - - - - - - - - - diteruskan oleh Mike A Roberts / Hou / ECT pada 12/09 / 2000 10: 32 AM - - - - - - - - - - - - - - - - - - - - - - - - - - - - - dari: Mike A Roberts 12 /09 /2000 10: 33 AM ke: Vince J Kaminski / Hou / ect @ ect CC: Subjek: Stephen Bennett Stephen Bennett, ahli meteorologi profesional, dipekerjakan ke dalam kelompok penelitian pada bulan September tahun ini sebagai spesialis berdasarkan kriteria penyelarasan gaji. Dalam retrospeksi, dan setelah ditinjau, ia seharusnya dipekerjakan sebagai spesialis senior. Setelah naik ke kapal. Dengan cepat menjadi jelas bahwa Stephen jelas merupakan ""di bawah perekrutan."" Dia baik - layak mendapatkan promosi langsung (benar -benar lebih dari koreksi) dan kenaikan gaji, untuk dibuat surut setidaknya untuk lst bulan ini. Memo ini menguraikan keadaan di sekitar kesalahan perekrutan ini dan memberikan justifikasi terperinci untuk ""promosi"" retroaktif ini. ""Pada saat proses wawancara, tidak ada posisi di Enron yang ditetapkan sebagai"" ahli meteorologi profesional. ""Faktanya, karyawan serupa yang paling baru sebelumnya Hingga tanggal itu adalah Jose Marquez, juga seorang ahli meteorologi profesional, yang dipekerjakan, berdasarkan kriteria penyelarasan gaji, sebagai manajer. Sementara secara fungsional, kedua pria ini adalah ahli meteorologi, Enron tidak memiliki klasifikasi pekerjaan seperti itu. Ditahan oleh urgensi dalam membawa keahlian profesional tambahan dalam urutan waktu singkat, sulit untuk mematok klasifikasi ENRON yang tepat yang sesuai untuk posisi baru ini. Ketidakpastian asli ini dan kesalahan penempatan Stephen ini ke dalam kategori spesialis, daripada kategori spesialis senior, perlu diperbaiki saat ini. Meskipun ""sewa"" baru ""untuk Enron, Stephen Bennett memiliki pengalaman kerja yang luas. Dia telah bekerja sebagai ahli meteorologi profesional di kedua Weather Services Corporation di Boston dan di Weather Channel di Atlanta. Dia datang ke Enron dengan baik - dirujuk oleh kedua organisasi tersebut, tidak membutuhkan pelatihan lebih lanjut dan hanya pengawasan minimal. Setelah naik ke sini di Houston, Stephen segera menunjukkan nilai -nilai inti Enron dengan rasa urgensi kami yang unik. Setelah hanya seminggu, ia memikul tanggung jawab yang biasanya disediakan untuk seseorang yang benar -benar bahkan di tingkat manajer - ia ditugaskan dan sepenuhnya mengambil alih briefing cuaca sore yang kritis kepada para pedagang gas. Ini termasuk analisis dan persiapan laporan serta presentasi. Juga di arena presentasi, ia sekarang secara teratur memberi pengarahan kepada berbagai meja di pagi dan sepanjang hari. Stephen adalah ahli komunikasi dan khususnya mahir dalam menyampaikan apa melalui utusan lain yang mungkin tampak membingungkan atau ambigu. Stephen juga telah menunjukkan tingkat inisiatif diri yang luar biasa tinggi. Dia merancang, mengimplementasikan, dan sekarang memelihara beberapa sub -situs di halaman web penelitian yang dia dirancang untuk berbagai pelanggan - khususnya: tim turunan cuaca, tim pertanian, dan baru -baru ini, tim mentah dan cairan. Saya baru -baru ini menugaskan Stephen untuk menjadi ujung tombak konversi kami dan peningkatan besar dari halaman web ini. Prestasi yang dijelaskan di atas ini berada di atas dan di luar Stephen, tugas reguler yang mencakup pekerjaan mulai pada pukul 5 pagi, andal dan tanpa gagal, untuk mengumpulkan dan menyiapkan Laporan Cuaca Pedagang, S kami. Baru -baru ini, dengan munculnya waktu yang lama untuk NyMex dan Enrononline, Stephen secara sukarela atas kemauannya sendiri, membantu dalam upaya dukungan cuaca Minggu baru kami. Sebagai atasannya, sepenuhnya sadar akan minggu kerja 50 + jam yang sudah standar, saya tidak meminta, tetapi dengan mudah menerima, ini di atas dan di luar bantuan ekspektasi. Dalam ulasan, keadaan yang mengakibatkan ini dalam kondisi sewa adalah Enron, kebutuhan langsung untuk profesional non -standar dan cukup unik - ahli meteorologi, ditambah dengan Stephen, keinginan untuk bekerja untuk perusahaan kami terlepas dari tidak adanya tentang adanya Hirarki yang termasuk gelar profesional berjudul yang tepat yang mencerminkan jalur karier yang dipilihnya. . Setelah dipekerjakan, Stephen telah menunjukkan dengan jelas melalui kontribusi dan kinerja bahwa ia baik - layak mendapatkan promosi langsung dan surut ini."
ham,"Re: Hal -hal lain Kate Wagner sedang menyiapkan SDM yang bahagia. untuknya pada hari Jumat. Saya akan memberi tahu Anda detailnya. Juga, saya pikir Andrea sedang makan siang pada hari Minggu. Tn. Vince J Kaminski 04/27/2200 07: 22 AM TO: Mark Ruane / Hou / ect @ ect CC: Vince J Kaminski / Hou / ect @ ECT Subjek: Re: Markus lain, saya menelepon Rick untuk memberi tahu dia. Ini belum menjadi wawancara. Aram akan datang untuk pernikahan tetapi saya pikir dia ingin mengeksplorasi kesempatan untuk kembali ke Enron. Percakapan dapat mengarah pada wawancara di beberapa titik. Dia akan berbicara dengan Andrea juga. Apakah Anda berencana untuk mengatur sesuatu untuk Aram? Saya akan senang bergabung. Vince dari: Mark Ruane 04/26 / 2000 05: 53 PM ke: Vince J Kaminski / Hou / ect @ ect CC: Subjek: Hal -hal lain yang saya dengar bahwa Anda akan mewawancarai Aram? Apa pekerjaannya? tanda"
ham,"Re: Tunda Persetujuan untuk Permintaan Ibuyit untuk Wincenty (Vince) Kaminski: Eva: Remedy 412144 Raul, Raul, Vince Kaminiski meminta akses ke pandangan teknis untuk katalog bersama dengan peran persetujuan Ibuyit. Ini menunggu persetujuan Anda. Silakan kirim tanggapan Anda ke SAP Security. terima kasih ! Shirley Crenshaw @ ECT 04/19/2001 03: 01 PM ke: Sapsecurity @ Enron. Com CC: Vince J Kaminski / Hou / ect @ ECT Subjek: Formulir Ibuyit terlampir silakan temukan formulir yang diisi untuk Vince Kaminski, Direktur Pelaksana, Grup Penelitian. Dia akan menyetujui semua pembelian untuk pusat biaya 107043. - - - - - - - - - - - - - - - - - - - - - - ' - - - - - - - - - - - - - - - - ' / ect @ ect cc: Subjek: Ibruyit Form Hi Shirley Ada dua shirley, jadi mengirim ke kedua ISC Help Desk"
ham,"Re: Wawancara Punit Rawal dengan Enron Kim: Wawancara yang dilakukan pada 2 Februari hanyalah wawancara eksplorasi untuk melihat di mana Punit mungkin cocok di dalam Enron. Vince mengira dia mungkin cocok dengan kelompok John. Judul dan jumlah $ $ tidak akan ditentukan sampai diputuskan di mana ia seharusnya (jika sama sekali). Jika John tertarik setelah wawancara, maka ia dan Vince dapat berkumpul untuk membahas $ $ dan judul. Jika Anda atau John memiliki pertanyaan lain, beri tahu saya. terima kasih ! Shirley 3 - 5290 Kepada: Shirley Crenshaw / Hou / ECT @ ECT CC: Subjek: Re: Wawancara Punit Rawal dengan Enron Shirley, saya mengerti bahwa Vince membawa Punit untuk hari wawancara. John telah setuju untuk bertemu dengannya pada 2 Februari. Harap beri tahu Vince dan minta Vince Get With John tentang apa gelarnya / $ $ $. Terima kasih K Kim Hillis Enron Americas Kantor Ketua Telepon: 713 - 853 - 0681 Faks: 713 - 646 - 3227 Shirley Crenshaw 12/22/22100 11: 03 AM TO: Kimberly Hillis / Hou / ECT @ ect CC: Subjek: Punit: Wawancara Rawal dengan Enron Kim: Punit adalah siswa Carnegie Mellon yang akan lulus dengan MS dalam keuangan komputasi pada Mei 2001. Beberapa orang kami mewawancarainya di Carnegie Mellon baru -baru ini dan sangat terkesan. Vince mengatakan bahwa dia pasti kandidat perdagangan. Apakah John akan tertarik untuk mewawancarainya? Saya melampirkan resume -nya untuk Anda lihat dan beri tahu saya jika John tertarik. terima kasih ! Selamat Natal ! Shirley - Punit + Rawal + NewResume. dokter"
ham,"Re: Opsi Nyata Terima kasih Vince. Paul Q dan Raymond Y juga akan menghadiri panggilan tersebut. Salam Paul Vince J Kaminski @ ECT 02/04/2001 11: 16 PM ke: Paul Smith / Enron _ Pengembangan @ Enron _ Pengembangan CC: Stinson Gibner / Hou / ECT @ ECT, Vince J Kaminski / Hou / ECT @ ect, Paul, Paul Quilkey / Enron _ Development @ Enron _ Pengembangan, Raymond Yeow / Enron _ Pengembangan @ Enron _ Subjek Pengembangan: Re: Opsi Nyata Paul, kami telah melakukan banyak pekerjaan di bidang ini. Saya akan menelepon Anda nanti hari ini (Senin waktu saya), Selasa pagi waktu Anda dengan beberapa rekomendasi. Vince p. S . Shirley, silakan kirim pengikat opsi nyata ke Paul. Vince dari: Paul Smith @ Enron _ Pengembangan pada 03/30/2001 08: 42 AM Zel 0 ke: Vince J Kaminski @ ECT CC: Paul Quilkey / Enron _ Pengembangan @ Enron _ Pengembangan, Raymond Yeow / Enron _ Pengembangan @ Enron _ Subjek pengembangan: Opsi nyata Vince, kantor Sydney saat ini sedang mengevaluasi proposal yang melibatkan opsi untuk berpartisipasi dalam membangun ladang angin. Jika ini dilanjutkan, kami ingin menandai opsi ini ""ke pasar"". Sudahkah kelompok riset menyelesaikan pekerjaan apa pun tentang metode untuk pemesanan dan berkomentar opsi nyata? Atau, apakah Anda memiliki saran tentang cara terbaik untuk menilai, dan memesan, opsi nyata secara adil? Salam Paul Smith"
ham,"Re: MIT / AA Lab - Pertemuan berikutnya Amy, saya pikir Rick Causey hanya ingin mendapatkan lebih banyak informasi untuk membuat keputusan yang masuk akal. Kita harus membatalkan pertemuan untuk saat ini dan membiarkan Rick mendapatkan klarifikasi beberapa masalah dari AA. Saya akan setuju bahwa AA datang dengan konsep yang agak samar tentang apa yang ingin mereka capai. Vince to: Vince J Kaminski / Hou / ect @ ect CC: Subjek: MIT / AA Lab - Pertemuan berikutnya Vince: Bisakah Anda menjelaskan hal ini? Saya bingung (benar -benar bingung). . . . Apakah Anda pikir ini berarti keputusan untuk melanjutkan / tidak akan dibuat hanya oleh Kean, Beli dan Koening? Dan apakah menurut Anda ini berarti bahwa kita tidak seharusnya bertemu pada hari Kam? Secara pribadi, saya pikir Enron benar -benar perlu bertemu pada Kamis untuk bekerja keras dan mulai mengembangkan beberapa gagasan tentang kebutuhan / keinginan sehubungan dengan hasil lab. Dari perspektif praktis, jika kita tidak bisa mendapatkan apa yang kita inginkan dari semua ini, edisi Rick tentang ""Where Aa pergi dengan ini"" benar -benar titik bisu, bukankah itu? Jadi pertemuan kerja mungkin benar -benar sepadan dengan usaha. Akan sangat menghargai wawasan dan saran Anda. terima kasih . Amy - - - - - - - - - - - - - - - - - - - - - - - - diteruskan oleh Amy Oberg / Hou / EES pada 08 /07 /2000 09: 15 pagi - - - - - - - - - - - - - - - - - - - - - - - - - - - ' Lab Penelitian Nilai Baru yang telah saya diskusikan dengan AA dan mereka menindaklanjuti. Jika saya adalah agenda, saya akan membatalkan rapat dan ketika saya mendengar dari AA, saya akan mengirim email kepada semua orang. Saya menyarankan agar kami tidak mengadakan pertemuan sampai Kean, Beli, Koenig dan saya semua bisa datang sehingga kami benar -benar dapat bergerak maju (atau memutuskan untuk tidak). Biarkan saya tahu apa keputusanmu . terima kasih . Rick To: Richard Causey / Corp / Enron @ Enron CC: Subjek: MIT / AA NEW Nilai Research Lab Rick: Hanya ingin menyoroti bahwa Anda adalah agenda untuk pertemuan ini (lihat pemberitahuan awal, agenda). Beri tahu saya jika ada yang bisa saya lakukan untuk Anda. AMY - - - - - - - - - - - - - - - - - - - - - - - - diteruskan oleh Amy Oberg / Hou / EES pada 08 /07 /2000 08: 19 pagi - - - - - - - - - - - - - - - - - - - - - - - - - - - - ' 613 B TO: Richard Causey / Corp / Enron @ Enron, Marie Hejka / Corp / Enron @ Enron, Steven J Kean / Hou / EES @ EES, Amy Oberg / Hou / EES @ EES, Mark Palmer / Corp / Enron @ Enron, Mark Ruane / Hou / ect @ ect, Vince J Kaminski / hou / ect @ ect, rick buy / hou / ect @ ect, Mark Koenig / corp / enron @ enron CC: Sharron Westbrook / Corp / Enron @ Enron, Christie Connell / Corp / Enron @ Enron, Maureen McVicker / Hou / ees @ ees, Laura gutierrez / hou / ect @ ect, Shirley crenshaw / hou / ect @ ect, karen k heathman / hou / ect @ ect, Joannie Williamson / corp / enron @ Subjek Enron: Rapat Dikonfirmasi: MIT / AA Lab Penelitian Nilai Baru Ini akan mengkonfirmasi pertemuan yang diminta di bawah ini. Harap dicatat, semua undangan tidak tersedia, tetapi waktu pertemuan yang dikonfirmasi adalah waktu terbaik untuk sebagian besar undangan. Tanggal: Kamis - 10 Agustus Waktu: 11: 00 A hingga siang: Ruang Konferensi 4741 Peserta yang Dikonfirmasi: Rick Causey Marie Hejka Steve Kean Amy Oberg Mark Palmer Mark Ruane Terima kasih atas bantuan Anda, semuanya. - - - - - - - - - - - - - - - - ' - - - - - - - - - - - - - - - ' B TO: Ginger Dernehl / Hou / ees @ ees, Shirley Crenshaw / Hou / ect @ ect, Karen K Heathman / Hou / ect @ ect, Sharron Westbrook / Corp / Enron @ Enron, Laura Gutierrez / Hou / ECT @ ECT, Laura Valencia / Corp / Enron @ Enron, Patty Pennington / Enron Communications @ Enron Communications CC: Steven J Kean / Hou / ees @ ees, Vince J Kaminski / Hou / ect @ ect, Rick Buy / Hou / ect @ ect, Richard Causey / Corp / Enron @ Enron, Mark Ruane / Hou / ect @ ect, Mark Koenig / Corp / Enron @ Enron, Mark Palmer / Corp / Enron @ Enron, Amy Oberg / Hou / EES @ EES, Marie Hejka / Corp / Enron @ Enron Subjek: Permintaan Rapat: MIT / AA NEW Nilai Research Lab Good Sore. Saya membantu Amy Oberg dengan menyiapkan pertemuan di antara orang -orang yang tercantum di bawah ini. Apakah Anda sangat baik untuk meninjau kalender mereka dan beri tahu saya jika tersedia selama salah satu waktu pertemuan yang disarankan. Topik Rapat: MIT / AA NEW NEW NET NEWAL PENELITIAN LAB TUJUAN: Menindaklanjuti diskusi dari 8/1/00; Rick Causey untuk memberi pengarahan kepada grup tentang percakapan dengan AA tentang ""di mana mereka berniat untuk pergi dengan upaya ini"". Peserta: Steve Kean Vince Kaminski Rick membeli Rick Causey Mark Ruane Mark Koenig Mark Palmer Amy Oberg Marie Hejka menyarankan tanggal pertemuan dan waktu: Kamis - 10 Agustus kapan saja antara 8: 00 A dan 10: 00 A Kamis - 10 Agustus 11: 00 hingga siang Jumat - 11 Agustus kapan saja antara 8: 00 A dan 9: 30 Jumat - 11 Agustus 1: 00 P hingga 2: 00 P Terima kasih."
ham,"Formulir Ibuyit terlampir silakan temukan formulir yang diisi untuk Vince Kaminski, Direktur Pelaksana, Grup Penelitian. Dia akan menyetujui semua pembelian untuk pusat biaya 107043. - - - - - - - - - - - - - - - - - - - - - - ' - - - - - - - - - - - - - - - - ' / ect @ ect cc: Subjek: Ibruyit Form Hi Shirley Ada dua shirley, jadi mengirim ke kedua ISC Help Desk"
ham,"Re: Konfirmasi partisipasi di konferensi Opsi Nyata di Cambridge U. - Vince yang mendesak bisakah Anda memeriksa dengan Steve Leppard dan memintanya untuk mengonfirmasi, dan mengirimkan kepada saya posisi dan judul ceramahnya (jika berbeda dari Anda)? Terima kasih banyak lagi Lenos di 05: 14 _ _ 04/19/00 - 0500, Anda menulis: >>> Lenos, >> Jadwal sibuk saya tidak memungkinkan saya untuk hadir. >> Namun, saya ingin merekomendasikan kolega saya yang bekerja> di London, Steve Leppard. > Dia dapat membuat presentasi yang sangat menarik dan asli tentang opsi nyata. > Tolong, beri tahu saya pendapat Anda. >> vince >>>>>>> Lenos trigeorgis pada 04/18 / 2000 09: 29: 18 sore >> ke: lenos. trigeorgis @ rogroup. com> CC: (BCC: Vince J Kaminski / Hou / ect)> Subjek: Konfirmasi Partisipasi di Konferensi Opsi Nyata di Cambridge> u. - Urgent >>>> File yang terlampir berisi program tentatif untuk dua konferensi opsi punggung - untuk - yang profesional (yang profesional untuk 5 - 6 Juli, dan Standar> Akademik Tahunan untuk 7 - 8 Juli) di Cambridge U di Cambridge U di Cambridge U di Cambridge . >> Nama Anda telah disertakan secara sementara dalam program ini. Silakan periksa semua> informasi yang berkaitan dengan Anda dan konfirmasi partisipasi Anda sebagaimana terdaftar> (atau saran kami tentang perubahan yang diinginkan segera). >> Terima kasih. >> lenos >>>> lampiran dikonversi: ""c: \ drive _ e \ eudora \ lampirkan \ 4 thonfessionsl 2. Doc"" >>> Lenos Trigeorgis> Profesor Keuangan> Universitas Cyprus> Dept Bisnis> 75 Kallipoleos, PO box 20537  > cy 1678 nicosia cyprus  >  > tel : + 357 2 892261  > fax : 339063  >  >  >  lenos trigeorgis  professor of finance  university of cyprus  dept of business  75 kallipoleos , po box 20537  cy 1678 nicosia cyprus  tel : + 357 2 892261  fax : 339063"
ham,"O: \ Research \ Exotica Access Catatan kami menunjukkan bahwa Anda adalah pemilik / persetujuan untuk folder O: \ Research \ Exotica. Jika ini benar, harap balas kembali dengan konfirmasi Anda ke manajemen risiko informasi. Dalam upaya memperbarui file kami serta melakukan pembersihan pada keanggotaan direktori, kami memasukkan daftar keanggotaan saat ini untuk grup NT berikut. Harap tinjau daftar keanggotaan dan beri tahu jika ada penghapusan diperlukan. Nama Grup Deskripsi Data _ Eksotika Ubah Akses ke O: \ ReSearch \ Exotica, Ohara, Data Scarlet _ Exotica _ Ro Read - Hanya akses ke O: \ RECEARCE \ Exotica, Ohara, Scarlet DataPwr _ Exoticarw Mengubah Akses ke M: \ Exotica data _ exotica  user id full name  adhar amitava dhar / hou / ees  btiner brent tiner / corp / enron  clandry chad landry / hou / ect  cuus charles uus / hou / ect  dmaxwel david maxwell / hou / ect  dvitrel david vitrella  gmasson grant masson / hou / ect jbuss jd buss / hou / ect khopper kevin hopper / hou / ect mlay mark lay / hou / ect mvasque miguel vasquez / hou / ect pkrishn pinnamaneni krishnarao / hou / ect pzadoro pavon zadorozhyi / hou / ect pzadoro pavel zadorozhy / hou / hou / ect pzadoro pavel Zadorozhy dll thall d todd aula / hou / ect ttamarc tanya tamarchenko / hou / ect vguggen victor guggenheim / hou / ect vkamins vince j Kaminbhoge / hou / ect van vs ngo luMin luUs LuUTIT LU / HOU / ECT NGO NGO NGO NGO NGO NGO NGO NGO NGO NGO NGO NGOT _ exotica _ ro  user id full name  adhar amitava dhar / hou / ees  aseveru allan severude / hou / ect  bchan betty chan / hou / ect  bdavis 6 brian davis / corp / enron  cconsta chris constantine / hou / ect  cgarci 2 christine garcia / enron _ development  clandry chad landry / hou / ect  cliverm carl livermore / hou / ect  cschwab clarence schwab / ny / ect  ctricol carl tricoli / corp / enron  cuus charles uus / hou / ect  danders derek anderson / hou / ect  dbillot david billot / hou / Dumbowe Denae umbower / hou / ect epao eva pao / hou / ect fkarbar frank karbarz / hou / ect icaplan ilan caplan / hou / ect echnene greene / hou / ect jkinnem jeff kinneman / hou / ect JKernem jeff Kinneman / hou / ect JKernem JKEf KINNEMAN / HOU / ECT JKERNAM jmrha jean mrha / hou / ect kmccoy Kelly McCoy / hou / ect ljegana lenine jeganathan / hou / ect mbradle michael w bradley / hou / ect mcisner michelle d cisneros / hou / ect madhur dayal / hou / deck / ect  osezge osman sezgen / hou / ees  pghosh partho ghosh  s _ prandle phillip c randle / hou / ect  sgoldma stephanie goldman / hou / ect  sharril steve harris / hou / ect  slewis susan r lewis / hou / ect  sreyes selena reyes / hou / ect  srivas sandy rivas / hou / ect  srosman stewart rosman / hou / ect  ssmith 7 sarah smith / corp / enron  ssreera sai sreerama / hou / ect  tbersan tracee bersani  tbrown tony brown / hou / ect  termserv terminal server test account  teslick tara eslick / hou / ect tlee twana lee / corp / enron tnguye 2 tovinh nguyen / hou / ect vmendan vernon mendanha / hou / ect wlewis William patrick lewis / hou / ect datapwr _ exoticarw nama pengguna bkaufma bennett kaufman / ect _ id exoticarw nama lengkap bkaufma bennett kaufman / hou / hou / ouxotarw id pengguna full name bkaufma bennett kaufman / hou / hou / ourk bk 'bkauf' bkauf 'bkauf ofman / ect / hou / ourk bkauf' bkaufma oufmom rourke / hou / ect bspecto brian spector / hou / ect dreck daniel reck / hou / ect ebaughm edward d baughman / hou / ect fhayden frank hayden gmasson hibah massa / hou / ect gmcclel george mcclellan / hou / dla karla karla karla karla karla / hou / dla karla karla karla karla karla karla / hou / dla karla karla / hou / ect ect  ketter kyle etter / hou / ect  khopper kevin hopper / hou / ect  mdalia minal dalia / hou / ect  mgimble mathew gimble / hou / ect  phickey patrick h hickey / hou / ect  pkrishn pinnamaneni krishnarao / hou / ect  rtomask richard tomaski / hou / ect sgibner stinson gibner / hou / ect vkamins vince j Kaminski / hou / ect vsabo valarie sabo / pdx / ect vshanbh vasant shanbhogue / hou / ect zlu zimin lu / hou / ect terima kasih! Informasi Manajemen Risiko / Audit Lupita"
ham,"Re: Permintaan mesin faks ~ 05 - 19 - 2000 kami menerima mesin faks baru pada kemarin. Kami juga akan mengirimkannya kembali hari ini - 26 Mei 2000 kami tidak akan menggunakan mesin faks seperti yang direncanakan. Terima kasih Kevin Moore - - - - - - - - - - - - - - - - - - - - - - - - diteruskan oleh Kevin G Moore / Hou / ect pada 05/26 / 2000 09: 46 AM - - - - - - - - - - - - - - - - - - - - - - - - - - - - ' Permintaan mesin faks ~ 05 - 19 - 2000 Goodmorning Vince, ini adalah mesin faks yang sangat dibutuhkan. Mike memberikan persetujuan untuk mesin faks baru, juga saya berbicara dengan Shirley tentang masalah ini. Kami memiliki beberapa klien baru yang membutuhkan faks dengan lokasi jarak jauh dan mesin faks baru akan memastikan bahwa ia mencapai mereka dalam waktu singkat. Terima kasih Kevin Moore FYI - - - - - - - - - - - - - - - - - - - - - diteruskan oleh Kevin G Moore / Hou / ECT pada 05/23/2200 05: 47 AM - - - - - - - - - - - - - - - - - - - - - - - - - - - - ' ect @ ect, Shirley crenshaw / hou / ect @ ect, lorie belsha / hou / ect @ ect subjek: re: permintaan mesin faks ~ 05 - 19 - 2000 kevin, Jan Lynn dari Pitney Bowes akan menghubungi sore ini untuk menyelesaikan dokumen + pemasangan mesin. Terima kasih, Iain. . . . . . . . . . . . . . . . . . . Kevin G Moore 05/22 / 2000 01: 46 PM ke: Iain Russell / EPSC / Hou / ect @ ect, Mike A Roberts / Hou / ect @ ect, Shirley Crenshaw / Hou / ECT @ ECT CC: Subjek: Re: Fax Permintaan Mesin ~ 05 - 19 - 2000 Saya ingin meminta Model Machince Faks - PB 9930. Lokasi untuk faks ini adalah EB 3240 Namun, jika waktu kedatangan 24 jam lokasi akan menjadi EB 3270 a. Terima kasih Kevin Moore r. C . # 100038 co. # 0011 - - - - - - - - - - - - - - - - - - - - - - - - diteruskan oleh Kevin G Moore / Hou / ECT pada 05/22 / 2000 01: 39 PM - - - - - - - - - - - - - - - - - - - - - - - - ' ECT CC: Shirley Crenshaw / Hou / ect @ ect, Mike A Roberts / Hou / ect @ ect, Vince J Kaminski / Hou / ECT @ ECT Subjek: Re: Permintaan Mesin Faks ~ 05 - 19 - 2000 Kevin, sesuai permintaan Anda, Silakan lihat di bawah: * * * * * * * * * * * * * * * * * * * * * * * * * * * * * * * * * * * * * * Informasi mesin faksimil baru, silakan ambil a Lihat @ berikut ini dan beri tahu saya, mesin faks mana yang Anda pilih atau jika Anda memerlukan informasi tentang sesuatu yang lebih kecil, maka saya akan meminta vendor menghubungi Anda langsung untuk menyelesaikan instalasi. Direktur Enron atau di atas {dengan otoritas tanda tangan untuk secara hukum mengikat Enron ke kontrak} harus menandatangani pada dokumen kontrak sebelum mesin faks dapat dipasang. Waktu pengiriman pada mesin baru biasanya 3 - 5 hari kerja tetapi salah satu vendor yang tercantum di bawah ini akan dapat memberikan ""peminjam"" jika Anda memiliki kebutuhan bisnis. Silakan diskusikan tanggal pemasangan mesin faks dengan perwakilan saat memesan peralatan. Jika tidak ada hadiah baris faks yang ada, Anda harus mengirim catatan - email ke tim pindah {Erica @ x 3 - 3185 atau Janelle @ x 5 - 7917} Meminta pemasangan baris faks baru. Tim pindah dapat ditemukan di catatan - surat ""buku alamat ect"". Jika Anda seorang karyawan EES, Anda harus terlebih dahulu mendapatkan persetujuan peralatan baru dari kontrol anggaran EES. Hubungi Susan McLeroy @ x 5 - 8066 atau melalui Catatan - Mail. Jika Anda seorang karyawan EBS, Anda harus terlebih dahulu mendapatkan persetujuan peralatan baru dari pembelian EBS & kontrol anggaran. Hubungi Paula Corey @ x 3 - 9948 atau Martha Reyna @ x 3 - 3491. Anda dapat menjangkau kedua orang ini melalui catatan - surat. Jika Anda seorang karyawan ENA, Anda harus terlebih dahulu mendapatkan persetujuan peralatan baru dari ENA Finance & Control Anggaran. Hubungi Lorie Belsha @ x 3 - 9617 atau melalui Catatan - Mail. Catatan pada mesin faks yang tercantum di bawah ini: Semua mesin yang tercantum di bawah ini hadir dengan baki kertas ke -2 dan memori yang ditingkatkan {maks dengan model ~ lihat di bawah} sebagai standar Enron dari masing -masing vendor. Semua mesin faks yang tercantum di bawah ini memiliki kecepatan modem yang dinilai @ 33. 6 kbps versus Canon LaserClass 7500 {Contoh saja} @ 14. 4 kbps = mesin faks baru harus terasa lebih cepat. Kapasitas pengumpan dokumen dari mesin yang tercantum di bawah ini sama dengan Canon LaserClass 7500 {Contoh saja} pemeliharaan = model yang tercantum di bawah ini memiliki cakupan pemeliharaan / perbaikan yang termasuk dalam total $ bulanan. Tidak ada kesepakatan terpisah! Toner / drum cartridges + Paper + Line Charge adalah tambahan {tidak dikutip} harga kontrak dapat berubah tanpa peringatan, jadi tolong beri tahu saya secepatnya jika vendor mengutip Anda harga yang berbeda dengan yang tercantum di bawah ini terhadap berbagai model. Jika mesin faks akan digunakan dalam lingkungan tipe perdagangan, berikut adalah beberapa pertimbangan: Tidak lebih dari 20 orang per mesin faks = lihat @ penempatan mesin faks pada EB 30 atau EB 31. Abaikan mesin faks apa pun yang tidak memiliki 33. 6 K Modem dan kompresi JBIG {atau setara}. Cari peningkatan memori & baki kertas ke -2 termasuk dalam biaya bulanan. {Model yang dikutip dimuat}. Pemeliharaan harus dimasukkan dalam biaya bulanan {model yang dikutip dibahas}. * * * * * * * * * * * * * * * * * * * * * dari Pitney Bowes PB 2050 Biaya: $ 95. 00 per bulan pada spesifikasi sewa enron: Model ini memiliki 10 meg memori + baki kertas ke -2 sebagai standar. Weblink Pitney Bowes, klik di sini - -> Ada beberapa mesin faks ini yang terletak di luar ENRON BUILDING dan 3 Allen Center, termasuk beberapa di lantai perdagangan. * * * * * * * * * * * * * * * * * * * * * PB 9930 Biaya: $ 76. 00 per bulan pada spesifikasi sewa enron: Model ini memiliki 10 meg memori + baki kertas ke -2 sebagai standar. Weblink Pitney Bowes, klik di sini - -> Ada beberapa mesin faks ini yang terletak di luar ENRON BUILDING dan 3 Allen Center, termasuk beberapa di lantai perdagangan. * * * * * * * * * * * * * * * * * * * * * PB 9830 Biaya: $ 55. 00 per bulan pada spesifikasi sewa enron: model ini memiliki 5 meg memori + baki kertas ke -2 sebagai standar. Pitney Bowes Weblink, klik di sini - - -> * * * * * * * * * * * * * * * * * * * * dari Panasonic Communications Direct UF - 885 Biaya: $ 75. 00 per bulan Klik di bawah untuk detail mesin {Mirip dengan UF - 880 dengan 8 meg memori + nampan ke -2 = tidak ada handset}: Ada beberapa mesin faks ini yang terletak di luar gedung Enron termasuk beberapa di lantai perdagangan. * * * * * * * * * * * * * * * * * * * * * Mesin di atas dirancang untuk penggunaan kelompok kerja. T) Berapa banyak orang yang akan menggunakan mesin faks ini? T) Berapa banyak penggunaan yang akan dimiliki mesin faks ini? { Saya . e. berat = 40 faks per hari @ 20 halaman / 60 faks per hari @ 2 - 3 halaman atau lebih sedikit? Jika ""berat"", PB 2050, PB 9930 atau UF 885 / UF 895 harus sesuai dengan kebutuhan Anda = jika 15 - 40, PB 9830 mungkin akan lebih cocok} * * * * * * * * * * * * * * * * * * * * * Rincian kontrak Program faks adalah perjanjian antara setiap pengguna akhir dari mesin faks dan vendor yang relevan, sebagai berikut: Pitney Bowes sewa 36 bulan. Pemberitahuan 30 hari untuk pemutusan kontrak. Tidak ada penalti untuk penghentian awal kontrak = hubungi PB Rep. Dan mesin diambil, pastikan tanda terima diberikan kepada Anda oleh perwakilan pengumpulan. Upgrade / Downgrade Tersedia = $ 0 penalti. Rep akan dengan senang hati mendiskusikan detail dengan Anda dan menjawab pertanyaan apa pun tentang poin -poin ini. Panasonic Communications 36 bulan sewa sewa. Pemberitahuan 30 hari untuk pemutusan kontrak sebelum masa kadaluwarsa. Tidak ada penalti untuk penghentian awal kontrak untuk penutupan kantor / departemen / lokasi. Upgrade / Downgrade Tersedia = $ 0 penalti. Rep akan dengan senang hati mendiskusikan detail dengan Anda dan menjawab pertanyaan apa pun tentang poin -poin ini. * * * * * * * * * * * * * * * * * * * * * Harap perhatikan Perjanjian Mesin Faksimili berikut adalah antara Unit Bisnis Enron / Departemen yang meminta mesin faksimili dan vendor. Pengguna atau pemohon mesin faks bertanggung jawab atas pembayaran faktur. Enron Property & Services Corporation tidak bertanggung jawab atas pengkodean, pemrosesan atau pembayaran faktur mesin faksimili {faks}. Untuk mengembalikan peralatan mesin faks lama, Anda harus menghubungi perusahaan leasing yang memasok peralatan dan mengirimkan surat bersertifikat yang mengakhiri perjanjian tersebut. Jika Anda mengakhiri kontrak dalam periode perjanjian asli, Anda mungkin bertanggung jawab atas tuduhan penalti karena banyak mesin faks berada pada perjanjian sewa yang tidak dapat dibatalkan. Vendor yang memasok peralatan faks akan dapat memberi tahu Anda tentang jumlah $ yang luar biasa untuk peralatan Anda yang ada. Jika Anda diminta untuk membayar jumlah $ yang luar biasa, ketahuilah bahwa beberapa vendor menyertakan biaya pembelian langsung dari peralatan faks = dari kontrak yang telah saya ulas sejauh ini, Anda tidak berkewajiban untuk membeli peralatan lama. IKON Nama Kontak Untuk Pengembalian: Beth Frank: Telepon = Baru # - -> 409 - 441 - 1262 {sebelumnya 281 - 355 - 6274} Beth Frank Fax # = Baru # - -> 409 - 441 - 1266 {sebelumnya 281 - 355 - 5496} Beth Frank E - Alamat surat ~ eAfrank @ aol. com marimon sistem bisnis nama kontak untuk pengembalian: don scott: telepon = 713 - 686 - 6601 don scott fax # = 713 - 686 - 6676 {no e - Alamat surat tersedia} * * tolong hubungi saya atau e - kirimkan saya jika itu adalah nama vendor yang berbeda di mesin dan saya akan merespons dengan nama kontak * * * Biaya untuk mesin faks tergantung pada produsen & model, dengan orang yang bertanggung jawab atas mesin faks, membayar faktur. Anda harus memberi tahu vendor tentang perubahan apa pun yang berkaitan dengan penugasan mesin faks {bahkan jika berada dalam grup yang sama} = siapa mesin telah dipindahkan ke {nama kontak}, telepon kontak baru # dan lokasi mesin. * * * * * * * * * * * * * * * * * * * * * Pemasangan mesin faks. Penghematan ini bisa signifikan, jadi tolong kirimkan saya jika Anda ingin lebih detail. * * * * * * * * * * * * * * * * * * * * Hubungi saya jika Anda memiliki pertanyaan. Terima kasih, Iain Russell @ 713 - 853 - 6861 Kontrak Administrasi Pengawas Administrasi Enron Properti & Services Corp. * * * * * * * * * * * * * * * * * * * * * * * * * * * * * * * * * * * * * * * * * * * * * * * * * * * * * * * * * * * * * * * * * * * * * * * * * * * * * * * * * * * * Kevin g Moore 05/9/2200 12: 42 PM ke: Iain Russell / EPSC / hou / ect @ ect, shirley crenshaw / hou / ect @ ect, mike a roberts / hou / ect @ ect, vince j kaminski / hou / ect @ ect cc: subjek: mesin faks iain, tolong, saya membutuhkan a mesin fax . Dibawa ke perhatian saya bahwa Anda mungkin memiliki satu yang tersedia. Tolong beri tahu saya tentang masalah ini, kami membutuhkan satu. S . A . P . . Terima kasih Kevin Moore x 34710"
ham,"Posisi Kuantitatif Vince Kami kebetulan pada orang ini melalui Strickland. Apa pendapat Anda tentang latar belakang? Kami masih berupaya merumuskan persyaratan kami di kantor tetapi menganggap orang ini layak untuk diajak bicara. Paul - - - - - - - - - - - - - - - - - - - - - - - - diteruskan oleh Paul Quilkey / Enron _ Pengembangan pada 07/26 / 2000 09: 39 PM - - - - - - - - - - - - - - - - - - - - - - - - - - - - - ' Paul,? Teman saya Chris Strickland telah memberi tahu saya bahwa Enron mencari analis kuantitatif. saya ? tertarik untuk berbicara dengan Anda tentang posisi ini. Saya telah melampirkan resume saya untuk teliti Anda. Saya saat ini sedang berlibur dan bisa? dihubungi dari? Senin 31 Juli. Detail kontak saya terkandung dalam resume terlampir saya. Saya berharap dapat berbicara dengan Anda. ? Hormat saya, Simon Hurst. ? ? - SRH Resume. dokter"
ham,"Mencari Peluang dalam Keuangan Komputasi Dear Vince: Dalam menindaklanjuti pesan voicemail saya hari ini, saya melampirkan resume saya di bawah ini untuk ulasan dan pertimbangan Anda. ironis bahwa Anda menelepon saat saya menyatukan pesan itu. Saya akan tetap singkat dan berharap dapat berbicara kepada Anda sesuka Anda. Salam, Paul e. Paul Rowady, jr. 2300 West Alabama, Suite 69 Houston, Texas 77098 713 - 807 - 8624 Beranda / Faks 713 - 539 - 4541 Mobile EPR @ Pipeline. com - Paul Rowady 2. dokter"
ham,"Re: Grant Masson Berita Besar. Mari kita lanjutkan. Sheila, bisakah kamu berolahraga surat penawaran? Vince, saya di London Senin / Selasa, kembali menikah. Saya akan meminta Sheila untuk memperbaikinya untuk Anda dan jika Anda perlu saya menelepon saya di ponsel saya. Vince J Kaminski 12/15/2000 09: 50 pagi untuk: David Oxley / Hou / ect @ ect CC: Vince J Kaminski / Hou / ect @ ECT Subjek: Grant Masson David, A Follow - Up On My Voice - Mail Pesan Mengenai Pesan Mengenakan menganugerahkan . Dave Delainey ikut serta tentang hibah. Kita dapat membawanya kembali pada level yang sama dan comp, dengan asumsi bahwa pengunduran diri ditangani secara profesional. DD meminta saya untuk mengerjakan detailnya dengan Anda. Bisakah kita bertemu untuk membicarakannya pada hari Senin? Vince"
ham,"Enron: Wefa Luncheon 1 Mei Martin: Vince dan Lance ingin Anda menghadiri presentasi ini jika memungkinkan. Tolong beri tahu saya jika Anda akan pergi makan siang juga. terima kasih ! Shirley - - - - - - - - - - - - - - - - - - - - - - - - diteruskan oleh Shirley Crenshaw / Hou / ect pada 04/13 / 2001 08: 36 AM - - - - - - - - - - - - - - - - - - - - - - - - - - ' Alex Huang / Corp / Enron @ Enron, Sevil Yaman / Corp / Enron @ Enron CC: Shirley Crenshaw / Hou / ect @ ect, Vince J Kaminski / Hou / ect @ ECT Subjek: Enron: WEFA Luncheon Mei 1 maukah Anda hadir Presentasi dan bergabung dengan saya untuk makan siang dengan Wefa. Saran lainnya hadir kembali. Tolong, beri tahu Shirley. vince - - - - - - - - - - - - - - - - - - - - - - - - Dikeret oleh Vince J Kaminski / Hou / ECT pada 04/11 / 2001 12: 36 PM - - - - - - - - - - - - - - - - - - - - - - - - - - - - - ' 1 Dear Vince Terima kasih atas voicemail Anda dan senang Anda mengkonfirmasi makan siang pada 1 Mei. Kemm Farney Kepala Layanan Tenaga Listrik Wefa akan bepergian dengan saya kali ini. Saya berharap mungkin ada kolega Enron lain yang mungkin ingin bergabung dengan kami untuk makan siang sehingga tidak ragu untuk mengundang sesuai keinginan Anda. Untuk tujuan pemesanan, mungkin Anda mengatur untuk memberi tahu saya angka. KEMM juga akan siap secara informal menyajikan pandangan daya kami saat ini kepada kelompok yang lebih besar pada pukul 11:00, jika ini menarik. Seperti yang Anda ketahui, jenis presentasi ini adalah bagian dari semua paket penahan energi WEFA Anda. Saya juga akan berencana untuk memperbarui Anda sehubungan dengan jadwal studi multi klien kami saat ini untuk sisa tahun ini. Salam, Peter Peter a. MCNABB Wakil Presiden Energy, Amerika Utara Wefa Inc. 2 Bloor st. w. Toronto, Kanada M 4 W 3 RL 416 - 513 - 0061 EX 227 - 2001 Brosur Energi. DOC - WefaEnergy _ Factsheet untuk Skenario Energi 2001. dokter"
ham,"jadwal dan banyak lagi. . dr. Kaminski, saya pikir saya akan dapat mulai bekerja dari minggu terakhir bulan Mei, tetapi tidak dari hari Senin, mungkin, saya akan dapat bekerja mulai 5/30 (Rabu). Apakah itu bagus? Saya tahu ini tidak jauh lebih awal dari yang saya sebutkan. . 6/4 Saya minta maaf. Dan sebenarnya, ada konferensi bisnis di Haas School of Business, yang diselenggarakan oleh penasihat saya, bisakah Anda mendistribusikan tautan dan surat undangan terlampir untuk kelompok -kelompok yang tertarik pada bisnis dan terutama pengadaan? tautannya sebagai berikut. Saya khawatir Anda mungkin lupa ini, saya katakan di email terakhir. . . Penasihat saya (Arie Segev di Haas School of Business; Segev @ Haas. Berkeley. Edu) ingin saya bertanya apakah Anda tahu tentang penelitian bersama dengannya selama musim panas, sementara saya tinggal di sana. Minatnya adalah dalam bisnis. . (Apa lagi.?) Dan memiliki keahlian dalam sistem pengadaan dan pasar. . . Standar berbasis XML seperti OBI, CXML, XCBL, Rosettanet, Biztalk. . Studi Interoperabilitas Sistem, Lelang dan Negosiasi, Sistem Alur Kerja, Manajemen Katalog E - Digital Signature, EDI, dll. . . Banyak aspek teknis dari bisnis E -. . . Dia ingin melakukan semacam studi kasus teknis yang bermanfaat bagi Enron dan dia. Dia dapat melakukan perjalanan satu atau dua kali ke Houston untuk mengadakan pertemuan selama musim panas. (Dan sejujurnya, ini akan baik untuk saya juga, karena saya dapat mengadakan pertemuan untuk disertasi saya saat dia berada di Houston ...) Bisakah Anda memikirkan kemungkinan penelitian bersama, dengan dia? Terima kasih . . Hormat kami, Jinbaek - FCP - Undang. pdf"
ham,"Re: Iris Mack Molly, ini adalah daftar orang yang dapat kami minta untuk mewawancarai Iris. Saya akan memasukkan satu (atau mungkin lebih) orang dari masing -masing kelompok di bawah ini, tergantung pada ketersediaan. 1. Debbie Brackett atau Bill Bradford 2. Ted Murphy, Bjorn Hagelman atau David Port 3. Mark Tawney atau Joe Hrgovcic 4. Greg Whalley atau Louise Kitchen Saya akan mengirim pesan kepada mereka menjelaskan bahwa kami mencoba mengidentifikasi yang paling cocok untuk kandidat yang baik. Vince Enron North America Corp. Dari: Molly Magee 12/18 / 2000 11: 57 AM ke: Vince J Kaminski / Hou / ect @ ECT CC: Shirley Crenshaw / Hou / ECT @ ECT Subjek: Iris mack iris ingin datang pada hari Kamis, 12/28 / 2000, untuk mengunjungi Anda dan grup Anda. Dia akan berada di New Orleans, dan hanya akan terbang untuk hari itu. Molly"
ham,"Seorang teman saya Shirley, tolong, atur wawancara telepon dengan Richard. Stinson, saya sendiri, Vasant. vince - - - - - - - - - - - - - - - - - - - - - - - - Dikeret oleh Vince J Kaminski / Hou / ect pada 05 /02 /2001 08: 15 pagi - - - - - - - - - - - - - - - - - - - - - - - - - ' Subjek: Seorang teman saya Vince, minggu lalu saya dihubungi oleh salah satu teman saya yang sangat tertarik menjadi karyawan Enron. Dia memiliki gelar PhD dan beberapa tahun penelitian dan laboratorium. Richard takut bahwa menjadi PhD adalah jenis yang sekarat dan mungkin perlu kembali ke sekolah untuk mendapatkan gelar MBA. Saya bertanya -tanya apakah Anda akan keberatan melihat resume terlampir untuk menilai apakah Anda memiliki minat pada Richard, atau jika Anda merasa saya harus mendorongnya untuk kembali ke sekolah. Saya tidak jelas tentang kualifikasi untuk grup Anda, jadi saya minta maaf jika permintaan ini jauh dari pangkalan. Terima kasih atas bantuan Anda, Kristin Gandy Associate Recruiter Enron Corporation 1400 Smith Street EB 1163 Houston, Texas 77002 713 - 345 - 3214 Kristin. Gandy @ Enron. com"
ham,"reaksi pengingat kata sandi = = = = = = = = = = = = = = = = = = reaksi pengingat kata sandi = = = = = = = = = = = = = = = = hai, kita sepertinya tidak dapat melakukannya Sampai jumpa di sistem kami, silakan mendaftar dan Anda akan secara otomatis menerima nama pengguna dan kata sandi. Jika Anda telah mendaftar di situs web ini, maka beri tahu kami dan kami akan menyelidiki lebih lanjut. salam . Dukungan Reaksi - Euromoney Publications plc. Tel: + (44) 0171 779 8927 Faks: + (44) 0171 779 8704"
ham,"LL Visa - Anshuman Shrivastava Anshuman: Saya telah diminta untuk menghubungi Anda mengenai kemungkinan kepindahan Anda ke Houston, Texas. Agar saya dapat memulai proses memberi Anda visa imigrasi LL, saya akan membutuhkan Anda untuk mengisi kuesioner visa terlampir dan mengembalikannya kepada saya dengan salinan dokumen berikut: salinan semua halaman paspor Anda, bahkan jika kosong Salinan dari semua visa AS sebelumnya mengeluarkan resume yang diperbarui, menunjukkan salinan berbulan -bulan dan bertahun -tahun dari semua diploma dan transkrip yang diterima jika Anda memiliki anggota keluarga yang bergantung pada negara bagian bersama Anda, salinan paspor mereka, silakan kirim ke perhatian saya, melalui FedEx ke: Enron corp. 3 Allen Center, 3 AC 2026 A 333 Clay Street Houston, TX 77002 Hubungi saya dengan pertanyaan yang mungkin Anda miliki di 713 - 345 - 5083."
ham,"Re: New PowerMod 97. XLS Marty: Benar -benar ya! Kami sekarang menggunakan fungsi opsi di perpustakaan opsi eksotis (dalam r: \ eksotika yang dapat diakses oleh semua orang dalam manajemen risiko) alih -alih kode dasar visual lama dalam file PowerMod. Ini meningkatkan kecepatan perhitungan untuk opsi sedikit. Kami juga memulai proyek baru untuk mengembangkan model penataan dan harga generasi berikutnya. Saya akan membahas tentang proyek ini secara lebih rinci dengan Anda segera dan mendapatkan masukan Anda, tetapi tujuan utama yang saya lihat sekarang adalah: 1. Kinerja unggul (kecepatan) untuk memungkinkan harga cepat terutama untuk kelompok penjaminan, 2. Dokumentasi yang tepat untuk pemeliharaan dan kemampuan yang mudah untuk dengan cepat beradaptasi untuk memenuhi kebutuhan masa depan, dan 3. Kontrol keamanan / akses ke file. Tahap pertama dalam proses ini adalah mengambil inventaris dari apa yang kami miliki: Saya mendokumentasikan model penataan saat ini. Langkah ini penting tidak hanya untuk mengembangkan model generasi kami berikutnya tetapi juga untuk audit AA dari semua model penetapan harga EES. Krishna. Kepada: Maureen Craig / Hou / ees @ ees, pinnamaneni krishnarao / hou / ect @ ect, Dennis Benevides / hou / ees @ ees CC: Subjek: PowerMod baru 97. XLS ada peningkatan kinerja yang diharapkan? - - - - - - - - - - - - - - - - ' - - - - - - - - - - - - - - - - ' , neil hong / hou / ees @ ees cc: marty sunde / hou / ees @ ees, Alexios Kollaros / hou / ees @ ees subjek: powermod baru 97. XLS Kami telah membuat peningkatan ke PowerMod 97. Model XLS untuk memungkinkan pemrosesan yang tepat dari model batch. Perubahan ini seharusnya tidak mempengaruhi fungsionalitas saat ini dari file ini. Kami akan menempatkan versi baru ke dalam produksi hari ini. Silakan hubungi saya atau Alex Kollaros (x 39806) dengan komentar atau masalah Anda. Terima kasih, Krishna X 35485."
ham,"Re: Pesanan Buku Terima kasih Vince! ? Akankah sampanye melakukannya? ? Jika tidak, beri nama harga Anda. ? Apakah Anda memiliki alamat email untuk Steve Leppard? ? Saya mencoba: Steve. Leppard @ Enron. com? yang bangkit kembali. ? Terima kasih, Julie? PS - Tebak aku akhirnya akan bertemu denganmu di akhir bulan? - - - - - Pesan Asli - - - - - - Dari: Vince. J . Kaminski @ Enron. com ke: Julie CC: Vince. J . Kaminski @ Enron. Com Sents: Rabu, 31 Januari 2001 1: 36 PM Subjek: Re: Book Order Julie, ada banyak karyawan di London? siapa yang akan tertarik. Anda bisa mengirim? Pertanyaan kepada Steve Leppard. Saya memiliki presentasi tadi malam untuk GARP di Houston dan melakukan iklan untuk buku itu. Anda harus menempatkan saya di komisi. Vince ""Julie"" pada 01/31 / 2001 06: 31: 39 AM Harap tanggapi ""Julie"" ke :? ? CC: Subjek :? Re: Book Order Vince, saya tidak yakin jika saya menanggapi email Anda, jadi minta maaf baik atas tanggapan saya yang tertunda atau mengulangi diri saya sendiri. Terima kasih atas pesanan ke -2! Saya yakin sudah? dikirim. Ya, saya yakin kami menerima pembayaran; Terima kasih banyak atas ? Menindaklanjuti dengan Paul. Senang buku itu menjadi hit! Pada subjek lain, apakah ada karyawan Enron di Eropa yang mungkin tertarik untuk menghadiri Energi atau Kursus Cuaca? Atau, apakah Quant dan Manajemen Risiko sebagian besar ditangani dari Houston? Sekali lagi terima kasih, dan saya akan meneruskan faktur ke Shirley. Julie - - - - - Pesan Asli - - - - - dari :? Vince. J . Kaminski @ Enron. com ke: Julie @ Lacima. co. UK CC: Vince. J . Kaminski @ Enron. Com Dikirim: Jumat, 26 Januari 2001 11: 29? Subjek PM: Pesanan buku Julie, kami menerima pengiriman 50 buku. ? terima kasih . Buku itu menjadi hit instan. kita membutuhkan 50 lebih? buku. Vince p. S . Saya mengerti Paul mengirimi Anda cek untuk? Sisa 50 %"
ham,"Informasi memo tentang biji -bijian dan gula dari minggu lalu dalam bentuk memo. Nelson - - - - - - - - - - - - - - - - - - - - - - - - diteruskan oleh Nelson Neale / Na / Enron pada 03 /05 /2001 10: 55 AM - - - - - - - - - - - - - - - - - - - - - - - - - - - ' Ringkasan sesi tentang biji -bijian dan gula. Memo tentang kebijakan AG dan prospek untuk sektor ternak akan mengikuti. Terima kasih, Masha"
ham,"Batas waktu proyek akhir adalah 30 April Siswa Derivatif Energi, Batas waktu untuk proyek akhir telah ditetapkan untuk 30 April 2001. Semua nilai akan diserahkan kepada administrasi beras pada tanggal 4 Mei (persyaratan universitas). Harap tandai kalender Anda! ! ! Jika Anda memiliki pertanyaan, silakan hubungi Vince atau saya. semoga beruntung ! Jason Sokolov"
ham,"Pertemuan tentang ""Gary Hickerson Trading"" Halo semua: Vince ingin menjadwalkan pertemuan pada hari Selasa, 23 Mei pukul 3:00 sore di ruang konferensi EBL 938. Ini akan membahas topik subjek. Tolong beri tahu saya jika Anda tersedia. Terima kasih Shirley 3 - 5290"
ham,"Wawancara dengan Enron Corp. Kelompok Penelitian Selamat Pagi Jacob: Enron Corp. Kelompok penelitian ingin membawa Anda untuk wawancara informal. Tolong beri saya beberapa kali dan tanggal dalam 2 - 3 minggu ke depan yang akan nyaman untuk Anda dan saya akan mengoordinasikan jadwal wawancara. Pewawancara akan menjadi: Direktur Pelaksana Vince Kaminski Stinson Gibner Wakil Presiden Krishna Krishnarao Wakil Presiden Zimin Lu Direktur Tanya Tamarchenko Manajer Bob Lee Manajer Tom Halliburton Manajer Chonawee Supatgiat Manajer Saya berharap dapat mendengar dari Anda segera. Salam, koordinator administrasi Shirley Crenshaw Enron Research Group 713 /853 - 5290 Email: Shirley. Crenshaw @ Enron. com - - - - - - - - - - - - - - - - - - - - - - - - diteruskan oleh Vince J Kaminski / Hou / ect pada 03/08 / 2001 09: 33 AM - - - - - - - - - - - - - - - - - - - - - - - - - - - - ' CC: Subjek: Kandidat untuk kami Jacob Kang, saat ini pengembang terkemuka untuk aplikasi energi pro, tertarik pada pekerjaan dalam penilaian turunan. Beri tahu saya jika kita ingin membawanya untuk wawancara. Zimin - - - - - - - - - - - - - - - - - - - - - - - - diteruskan oleh Zimin lu / hou / ect pada 03 /08 /2001 09: 07 AM - - - - - - - - - - - - - - - - - - - - - - - - - - - - - - ""Jacob y. Kang"" pada 03/07 / 2001 11: 10: 24 PM ke: zlu @ enron. Com CC: Subjek: Surat lamaran saya dan resume Dear Zhimin, file terlampir adalah surat lamaran dan resume saya. Terima kasih banyak dan saya sangat menghargai bantuan Anda tentang masalah ini. Ying kedua file ini tidak mengandung virus meskipun ada tanda -tanda kesalahan pada status pemeriksaan virus. apakah kamu yahoo! ? Dapatkan email di domain Anda sendiri dengan Yahoo! surat. http: / / pribadi. surat. Yahoo. com / - Surat Pengantar _ Enron. DOC - Lanjutkan _ Ying. dokter"
ham,"Re: FWD: Happy st. Patricks Day Jana, Lampiran yang bagus. terima kasih . Sabtu, 25 Maret bekerja untuk saya. Saya akan menelepon atau mengirim Anda dari California untuk berbicara tentang waktu. Sore hari akan sangat bagus. vince jlpnymex @ aol. com pada 03/17 / 2000 10: 58: 54 AM ke: vkamins @ enron. Com CC: Subjek: FWD: Happy ST. Patricks Day Vince, bagaimana dengan hari Sabtu, 25 Maret? Hubungi atau email saya minggu depan, untuk memberi tahu saya jam berapa yang baik untuk Anda. Lakukan perjalanan yang menyenangkan ke California dan ST yang bahagia. Hari Patrick hari ini! Jana Return - Path: Diterima: Dari Rly - Ydol. MX. AOL. com (rly - ydol. Mail. Aol. Com [172. 18. 150. 1]) dengan udara - ydol. surat. AOL. com (v 70. 19) dengan ESMTP; Jumat, 17 Mar 2000 10: 06: 51 - 0500 Diterima: Dari MTA 3. rcsntx. swbell. net (mta 3. rcsntx. swbell. net [151. 164. 30. 27]) oleh rly - ydol. MX. AOL. com (v 70. 19) dengan ESMTP; Fri, 17 Mar 2000 10: 06: 26 - 0500 Diterima: Dari Pos. swbell. net ([207. 193. 12. 192]) oleh MTA 3. rcsntx. swbell. NET (Sun Internet Mail Server Sims. 3. 5. 2000. 01. 05. 12. 18. P 9) dengan ID ESMTP untuk JLPNYMEX @ AOL. com; Jum, 17 Mar 2000 09: 04: 52 - 0600 (CST) Tanggal: Jumat, 17 Mar 2000 08: 57: 53 + 0000 Dari: ckcrews @ swbell. Subjek bersih: Happy st. Patricks Day to: Jana Reply - to: ckcrews @ swbell. Pesan NET - ID: MIME - Versi: 1. 0 X - Mailer: Mozilla 4. 05 [en] C - SBIS - NC 404 (winnt; u) konten - ketik: multipart / campuran; Boundary = "" - - - - - - - - - - - - - EED 862 DF 35 CD 73 FLFO 74403 A"" - STPAT. exe"
ham,"Re: Wawancara Elizabeth, ya, manajer. terima kasih . Vince dari: Elizabeth Grant 01/10/2000 03: 27 PM ke: Vince J Kaminski / Hou / ect @ ect CC: Subjek: Re: Wawancara Kami akan mendapatkannya dengan benar. Apakah Anda menatapnya untuk tingkat tertentu (manajer?) - Elizabeth Vince J Kaminski 01/10/2210 12: 56 PM untuk: Elizabeth Grant / Hou / ect @ ect CC: Vince J Kaminski / Hou / ect @ ect, Stinson Subjek Gibner / Hou / ECT @ ECT: Wawancara Elizabeth, kami ingin mengundang Bob Lee untuk wawancara, 24 Januari, Senin. Dia akan diwawancarai oleh saya, Stinson Gibner, Zimin Lu, Paulo Issler, Vasant Shanbhogue, Krishnarao Pinnamaneni, Grant Masson. Terima kasih Vince"
ham,"Re: Presentasi ALP Vince, terima kasih atas undangannya. Saya akan menghadiri presentasi, tetapi memiliki komitmen lain untuk makan malam. Harap tunjukkan ruang spesifik untuk presentasi saat diketahui. Terima kasih, Wil at 08: 13 pagi 4/10/01 - 0500, Anda menulis:> Atas nama Enron Corp. Saya ingin mengundang Anda ke proyek ALP> presentasi oleh sekelompok siswa> Jesse h. Jones Graduate School of Management, Rice University. >> Para siswa akan mempresentasikan hasil proyek penelitian mengenai> Platform Perdagangan Elektronik> di Industri Energi. >> Presentasi akan diadakan pada 7 Mei, pada 4: 00 hal. M . di Enron, 1400 Smith. >> Kami juga ingin mengundang Anda untuk makan malam, mengikuti presentasi. >>> Vince Kaminski >> Vincent Kaminski> Direktur Pelaksana - Penelitian> Enron Corp. > 1400 Smith Street> Room EBL 962> Houston, TX 77002 - 7361 >> Telepon: (713) 853 3848> (713) 410 5396 (sel)> Faks: (713) 646 2503> E - Mail: vkamins @ enron. com"
ham,"Re: Tabel Pivot Akhir untuk MG Logam Global Posisi Data sayang Semua, silakan lihat spreadsheet terlampir - kita harus memikirkan cara untuk mengotomatisasi pembaruan posisi - sekarang ini adalah proses manual untuk mengonversi file teks yang dikirim oleh Andreas kepada kita ke Format spreadsheet yang tepat dan kemudian pivot tabel hasilnya - hanya membutuhkan waktu sekitar 20 menit untuk melakukan ini. Perhatikan bahwa tautan model LA var versi melalui vlookup ke spreadsheet terlampir (seperti yang Anda tahu, kami harus menggunakan VLOOKUP karena MG tidak selalu memiliki posisi di semua bulan ke depan, sementara tabel pivot hanya menghasilkan angka untuk bulan ke depan dengan posisi) . Salam, anjam x 35383 posisi pada 19 Juli - - - - - - - - - - - - - - - - - - - - - - diteruskan oleh Anjam Ahmad / Lon / ECT pada 25/07 / 2000 20: 41 - - - - - - - - - - - - - - - - - - - - - - - - - ' ECT CC: Tanya Tamarchenko / Hou / ect @ ect, Kirstee Hewitt / Lon / ect @ ect, Grant Masson / Hou / ect @ ect, Andreas. Barschkis @ mgusa. Subjek com @ enron: Re: Posisi data tabel pivot kami; Kami memperhatikan bahwa posisi tembaga untuk 19 Juli memiliki opsi termasuk tetapi ini tidak dilaporkan dalam Mercur - saya kira kami harus memasukkan 5, 248 ton untuk opsi tembaga untuk tahun 2000. 09, tapi kami tidak akan menunjukkan gamma. - - - - - - - - - - - - - - - - - - - - - - - - diteruskan oleh anjam ahmad / lon / ect pada 25/07 / 2000 19: 18 - - - - - - - - - - - - - - - - - - - - - - - - - - - ' , Andreas. Barschkis @ mgusa. Subjek com @ enron: Re: Posisi data hi tanya, kami menggunakan data untuk 19 Juli dari Andreas - lihat file terlampir. Kami menggunakan ini karena kami dapat mendamaikan dengan mercur mencetak yang kami dapatkan dari Andreas Rabu lalu. Jika Anda tidak keberatan, mungkin Cantekin dapat mencoba lagi dengan lembar baru ini terpasang. Kami sudah melihatnya, tetapi ingin melihat apa yang bisa dilakukan Cantekin secara mandiri. Saya pikir posisi banyak berubah dari 3 Juli (data Anda) hingga 19 Juli. Terima kasih, Anjam & Kirstee"
ham,"Jadwal wawancara untuk Jinbaek Kim Saya tidak melihat ini sebelum keluar, tetapi saya akan senang bertemu dengan Jinbaek di slot waktu 11:00 pagi, jika Anda tidak memiliki orang lain yang dijadwalkan saat itu. Jika tidak, saya dapat dengan mudah bertemu dengan hiim setelah makan siang. Molly - - - - - - - - - - - - - - - - - - - - - - - - diteruskan oleh Molly Magee / Hou / ect pada 01/17 / 2001 08: 11 PM - - - - - - - - - - - - - - - - - - - - - - - - - - - ' ect , tanya  tamarchenko / hou / ect @ ect , bob lee / na / enron @ enron , vasant shanbhogue / hou / ect @ ect  cc : shirley crenshaw / hou / ect @ ect , anita dupont / na / enron @ enron , molly  magee / hou / ect @ ect Subjek: Jadwal wawancara untuk Jinbaek Kim Harap temukan paket wawancara untuk kandidat yang dirujuk di atas. Wawancara akan terjadi pada hari Jumat 19 Januari 2001. Harap cetak semua dokumen untuk referensi Anda. Jika Anda memiliki pertanyaan, atau konflik jadwal, jangan ragu untuk menghubungi saya. Shawn Grady 58701"
ham,"Bob Lee mulai 5 Juni 2000 tanggal mulai resmi Bob Lee adalah 5 Juni 2000. Shirley, Bob akan melapor ke Zimin Lu dan terutama mendukung ENA. Kita perlu menemukan meja untuknya serta mengatur telepon dan PC -nya (dapatkah kita menggunakan Ravi?). Elizabeth Grant (x 57583) telah menanganinya di sisi perekrutan SDM dan memiliki informasi kontaknya. Terima kasih, Stinson"
ham,"LJM PUT VALURASI WES: Terlampir adalah spreadsheet untuk penilaian posisi put rthm. Saya harus masuk pada hari Selasa, jadi jangan ragu untuk menelepon saya di X 34748. - - Stinson"
ham,"Re: EOL Fase 2 Michael, tolong, hubungi Zimin Lu. Vince Kaminski Michael Danielson 06/30 / 2000 01: 10 malam untuk: Vince J Kaminski / Hou / ect @ ect, Mike A Roberts / Hou / ect @ ect CC: Angela Connelly / Lon / ect @ ect, savita puthigai / na / Subjek Enron @ Enron: EOL Fase 2 Terima kasih atas bantuan Anda pada konten untuk EOL Fase 2. Sepotong konten tambahan yang kami coba sertakan dalam ruang lingkup kami adalah kalkulator opsi. Ini akan menjadi alat interaktif untuk mengajarkan rekanan yang kurang canggih tentang opsi. Kami ingin berkolaborasi dengan seseorang dalam penelitian untuk memperbaiki pendekatan kami (dan memastikan kami menggunakan rumus yang tepat). Siapa yang harus kita hubungi dalam penelitian untuk ini? Terlampir adalah tiruan - dari apa yang ada dalam pikiran kita. . . - Prototipe kalkulator. ppt"
ham,"Re: Implementasi Istilah - Struktur korelasi untuk Power Tanya, sementara ada korelasi musiman dalam kekuasaan, terutama untuk NP - 15 dan SP - 15 (wilayah yang sama), istilah struktur korelasi dapat menjadi input. Namun, struktur korelasi yang sama dengan periodisitas yang sama mungkin tidak berlaku antara NP - 15 dan, katakanlah, RLB (neepool), meskipun orang akan membayangkan bahwa hubungan itu masih musiman (musim panas / musim dingin), dengan kebisingan yang lebih besar. Bahkan jika struktur istilah korelasional harus dilakukan untuk kekuasaan, aturan yang berbeda harus dimasukkan untuk daerah yang berbeda. naveen tanya tamarchenko @ ect 10/05 / 2000 10: 42 pagi untuk: vladimir gorny / hou / ect @ ect, naveen andrews / corp / enron @ enron cc: Kirstee hewitt / lon / ect @ ect, debbie r brackett / hou / ect @ ect, wenyao jia / hou / ect @ ect, vince j Kaminski / hou / ect @ ect subjek: re: Implementasi istilah - struktur korelasi untuk power vlady 2) korelasi periodik dengan periode 1 tahun (berarti periode Dapat menggunakan 12 matriks korelasi yang dihitung dari 12 kontrak maju pertama dan menerapkan matriks ini ke bulan -bulan depan lainnya); 3) Menggunakan faktor peluruhan membuat kurva sedikit lebih halus. Implementasi beberapa matriks korelasi tidak akan mempengaruhi kecepatan perhitungan dalam model VAR secara signifikan. Tolong, beri saya tanggapan Anda, terima kasih, Tanya."
ham,"Pilihan Terbaik Hei, pilihan terbaik adalah Zigo dan SMTX Steve"
ham,"Re: Magang musim panas di Enron Vince: Terima kasih. Ya, sangat disayangkan bahwa kami tidak dapat dengan cepat mengidentifikasi siapa siswa tim Tiger yang tertarik. Kami akan melanjutkan dan memproses surat penawaran untuk Kim dan segera membawanya. Juga, terima kasih telah setuju untuk membantu Stanford. Semoga kita mendapatkan beberapa yang bagus! Salam, Celeste Vince J Kaminski 03/01 / 2001 09: 32 pagi untuk: Celeste Roberts / Hou / ect @ ect CC: Vince J Kaminski / Hou / ect @ ECT Subjek: Magang Musim Panas di Enron Celeste, saya baru saja berbicara dengan Kim . Saya mengatakan kepadanya bahwa dia akan menerimanya. vince - - - - - - - - - - - - - - - - - - - - - - - - Dikeret oleh Vince J Kaminski / Hou / ECT pada 03/01 / 2001 09: 31 AM - - - - - - - - - - - - - - - - - - - - - - - - - ' Enron, Christie Patrick / Hou / ect @ ect, Vince J Kaminski / Hou / ect @ ect, piazze @ wharton. upenn. Subjek Edu: Magang musim panas di Enron Celeste, tampaknya prosesnya terlalu lama untuk beberapa siswa dan hanya Kim Whitsel yang tertarik pada magang pada saat ini. Resumenya telah diteruskan kepada Anda. Saya melampirkannya untuk berjaga -jaga. terima kasih atas bantuan Anda . Vince - - - - - - - - - - - - - - - - - - - - - - - - diteruskan oleh Vince J Kaminski / Hou / ect pada 03/01 / 2001 09: 20 pagi - - - - - - - - - - - - - - - - - - - - - - - - - ' . Upenn. Edu '""Subjek: Magang Musim Panas di Enron Vince: Terima kasih kepada Anda, Ken dan Christie karena datang ke kampus untuk tim Enron Tiger Mid - Project Review. Para siswa bekerja keras dan menghargai wawasan dan saran Anda untuk proyek tersebut. Terima kasih atas dukungan Anda di Wharton School. Kim Whitsel (Whitselk @ Wharton. Upenn. Edu) dari Tiger Team 1 telah memberi tahu saya bahwa dia sangat tertarik pada magang musim panas di Enron tahun ini. Saya tidak percaya beberapa siswa memahami proses yang telah Anda siapkan untuk mereka di Enron sebagai bagian dari tim Tiger. Menjadi prihatin dengan memiliki pekerjaan musim panas, mereka mewawancarai perusahaan lain dan akhirnya menerima posisi. Para siswa meminta agar saya menyatakan kepada Anda bahwa ini tidak berarti mereka tidak tertarik pada pekerjaan penuh waktu di Enron tahun depan. Saya minta maaf dan bertanggung jawab atas kurangnya komunikasi dalam hal ini. Saya pikir ini adalah pelajaran yang dipetik dan mungkin, di masa depan, kita dapat membuat perjanjian kepada siswa yang dipahami sebelum ""minggu wawancara khusus"" dan menghilangkan kebutuhan mereka untuk wawancara sama sekali. Ini juga bisa menjadi keuntungan tambahan dari melamar menjadi anggota tim Tiger. Beri tahu saya jika Anda memiliki pertanyaan dan persis bagaimana Kim Whitsel harus dilanjutkan. Terima kasih, Direktur Program Direktur Direktur Lapangan Donna Piazze The Wharton School Univ. dari Pennsylvania 215. 573. 8394 Faks 215. 573. 5727 fap @ manajemen. Wharton. upenn. edu piazze @ wharton. upenn. edu"
ham,"Re: Terima kasih Vince. . . Jeff Vince J Kaminski 09 /01 /2000 10: 23 pagi untuk: Jeffrey A Shankman / Hou / ect @ ect CC: Vince J Kaminski / Hou / ECT @ ECT Subjek: Re: Jeff, Christ, Mark dan saya berencana untuk berkunjung Tom Piazze pada bulan Oktober. Saya berbicara dengan Christy tentang Wharton dan dia akan memanggil Tom untuk mengaturnya. Vince dari: Jeffrey A Shankman 09/01 / 2000 09: 25 AM ke: Vince J Kaminski / Hou / ect @ ect, Mark Palmer / Corp / Enron @ Enron CC: Celeste Roberts / Hou / ECT @ ect, Charlene Jackson / Corp: / Enron @ Enron Subjek: Hai Vince, saya baru saja keluar telepon dengan Donna Piazze di Wharton, (saya tidak tahu apakah ada hubungan dengan Tom di Wharton), dan kami sedang mendiskusikan tim Tiger di sana. Ini adalah program penelitian yang diperlukan, semester ke -2 untuk MBA, dan Wharton akan senang memiliki Enron berpartisipasi. Saya mengatakan kepadanya bahwa mungkin ada beberapa proyek penelitian kehidupan nyata yang bisa kami lakukan. Dia juga menyebutkan bahwa itu adalah salah satu alat perekrutan terbaik yang sedang dikembangkan di Wharton. . Saya memberinya nomor Anda. Nomornya adalah 215 573 8394. Silakan hubungi dia saat Anda mendapat kesempatan dalam seminggu. Mark, bisakah kita melibatkan Christy? terimakasih semuanya . Jeff"
ham,"Jadwal Profesor Bambos Halo semua: terlampir silakan temukan rencana perjalanan untuk Profesor Bambos. Jika ada koreksi yang perlu dilakukan, beri tahu saya. Terima kasih dan semoga harimu menyenangkan! Shirley 3 - 5290"
ham,"kertas hi mr. Kaminski, Terima kasih telah meluangkan waktu Anda untuk mewawancarai saya atas kesempatan di Enron. Saya senang berbicara dengan Anda dan belajar lebih banyak tentang Enron dan lingkungan bisnisnya yang dinamis. Saya menghargai pertimbangan Anda untuk posisi yang menantang dan bermanfaat di industri ini. Silakan temukan salinan disertasi saya terlampir. Jika Anda memiliki masalah dalam menyusun file ini, beri tahu saya. Saya menghormati wawasan dan perspektif Anda tentang masalah yang dibahas dalam pH saya. D . disertasi; Termasuk masalah pembangunan model kreatif, faktor -faktor yang mempengaruhi gas alam dan permintaan dan penawaran elctricity, dan implementasi model ini untuk mensimulasikan masa depan dan membantu pedagang dalam pengambilan keputusan bisnis sehari -hari mereka. Saya menghargai berbicara dengan Anda. Terima kasih telah mempertimbangkan saya. Saya antusias tentang peluang di Enron dan berharap dapat mendengar dari Anda. Dipak Agarwalla dengan tulus _ _ _ _ _ _ _ Dapatkan lebih banyak dari web. Unduh MSN Explorer GRATIS: http: / / explorer. msn. Com - Disertasi - Dipak Agarwalla. dokter"
ham,"Re: DR. Michelle Foss - Institut Energi Aisha, orang yang akan dihubungi adalah Christie Patrick yang bertanggung jawab atas kantor hubungan universitas kami. Alamat E - suratnya adalah: Christie _ Patrick @ Enron. com. Saya akan meneruskan pesan Anda ke MS. Patrick. Vince Aisha Jamal pada 04/23 / 2001 03: 15: 29 PM Harap tanggapi Aisha @ uh. edu ke: vkamins @ ect. Enron. Com CC: mmfoss @ uh. Subjek Edu: Dr. Michelle Foss - Institut Energi Dear Mr. Kaminski, saya menulis untuk meminta bantuan Dr. Michelle Foss. Seperti yang Anda ketahui, kami akan menjalankan program ""Era Baru"" kami mulai 14 Mei - 25 Mei. dr. Foss bertanya -tanya apakah pada 22 Mei (antara pukul 1: 30 malam dan 4:00 sore), kami akan dapat membawa peserta kami untuk tur lantai perdagangan Anda. Pada saat ini kami akan memiliki 30 - 40 orang, dan karena hanya 10 orang yang maksimal harus benar -benar berada di lantai perdagangan, kami perlu memiliki 4 perusahaan di antaranya untuk membagi peserta kami. Pada saat ini, kami memiliki lantai dari Coral Energy, dan bekerja dengan Duke, dan saya akan menghubungi MR. Paul Roberts untuk mengatur lantai perdagangan energi Reliant. Saya sangat berharap Anda dapat mengarahkan saya ke orang yang tepat untuk menghubungi untuk mengatur tur ini. Apakah ini akan menjadi kemungkinan? Saya sangat menghargai bantuan Anda. Terima kasih ! Salam Hormat, Aisha Jamal Energy Institute 713 - 743 - 4634"
ham,"Wharton Tiger Team Vince dan Kristin, saya meneruskan melalui email terpisah daftar tim harimau 1 dan 3. terima kasih ! - - Christie. - - - - - diteruskan oleh Christie Patrick / Hou / ECT pada 02/15/01 11: 28 PM - - - - - Kristin Gandy @ Enron 02/15/01 01: 07 PM ke: Vince J Kaminski / Hou / dll @ ect, Christie Patrick / Hou / ect @ ect CC: Subjek: Wharton Tiger Team Vince dan Christie, Salam. Saya menulis karena saya perlu keluar dari nama untuk Tiger Team Group 1 dan 3. Saya mengerti Tiger Team Group 2 telah memutuskan untuk tidak menjadi bagian dari Enron dan saya juga perlu tahu siapa siswa itu. Saya memiliki daftar semua anggota tim harimau tetapi mereka terdaftar secara abjad sehingga tidak membantu saya dengan pencarian saya. Kami mencoba untuk meningkatkan detail dan mendapatkan penawaran kepada orang -orang yang benar untuk posisi rekanan musim panas di departemen Vince. Salam, Kristin"
ham,"Re: Magang Musim Panas Jinbaek, Anda dapat mengoordinasikan detailnya dengan saya. Beri tahu saya apa kerangka waktu untuk Anda dan kami akan mengirimkan penawaran yang tepat. Vince Jinbaek Kim pada 03/02 / 2001 04: 43: 06 PM ke: Vince. J . Kaminski @ Enron. Com CC: Subjek: Re: Magang Musim Panas Dr. Kaminski, terima kasih banyak. Tentu saja, saya akan senang memiliki kesempatan untuk bekerja di perusahaan yang luar biasa. Saya menghubungi Surech Raghavan di tim Bench Deal, dan akan menyampaikan penghargaan saya kepada Anda lagi setelah menyelesaikan proses dengan mereka. Untuk periode kerja, saya masih perlu berkoordinasi dengan penasihat saya dan mungkin perlu menyesuaikan sesuai dengan itu. Tapi bagaimanapun, saya akan mencoba berkoordinasi dengan lancar. Beri tahu saya apakah saya harus terus menghubungi tim Bench Deal, untuk periode kerja dan untuk Misc. Dukungan hidup seperti menemukan tempat, menyewa mobil, dll. Saya sangat menghargai Anda lagi, karena mengatur pertemuan seperti itu dan memberi saya kesempatan. Semua kesempatan ini tidak akan tersedia bagi saya, tanpa bantuan baik Anda. Salam Hangat, Jinbaek Jinbaek Kim PH. D Calon Dept. riset teknik industri dan operasi u. C . Berkeley http: / / www. yaitu. Berkeley. Edu / ~ Jinbaek Go Bears! : ""'. _. - - -. _.'""; `. . '. '`. : A A : _ _ . . . . . _: _. - 0 -. _: - - - '""""' "" -.. - - - '""'. :. ': `. : `,`. `. : ' - -' - - ':. '; ; : `. _ ` - '_. '; . '`. '""';`. '; `.`: `;`.;;:;.' ` -. ';:;`. _ _.'. '.':; `. '_ _.' . '` - -. _ _ _. _.' ;;` .... '.'. '`'"" ""'. . - '`... ...' pada Jumat, 2 Mar 2001 Vince. J. Banyak yang menawarkan magang musim panas kepada Anda. >> Tolong, beri tahu saya jika Anda tertarik. >> Vince Kaminski >>"
ham,"Re: Sewa R / C Pembaruan - Lantai ke -19 & Lantai 29 HI Carol: Terima kasih telah membantu meluruskan ini. Di bawah ini adalah nomor kamar dan orang (ditambah ext.). Ruang Tim 3 - 3135 1939 Maureen Raymone 3 - 0396 1940 Tanya Tamarchenko 3 - 3997 1941 VACANT 1942 VACAN 1943 CLAYTON VERNON 3 - 9719 1944 AMITAVA DHAR 3 - 4215 1945 Alex Huang 3 - 164.163 Kind 3 - 4215 1945 ALEX HUANG 3 - 164.163 KEHAR.163 KEHAR.163.163.163 1949 Farouk Llaji 3 - 1790 1951 Kosong 1951 Sebuah printer / faks 1952 kosong 1953 Stasiun berhenti / Suplai Mail 1954 Wm. Sam Smith 5 - 8322 1955 Martin Lin 3 - 9387 1955 A Xerox Machine 1956 Printer / Printer Berwarna 1957 Kosong 1958 Paulo Issler 5 - 6274 1959 Vincent Tang 3 - 4790 1960 Ravi Thuraising 3 - 3057 1961 Shirley Crenshaw 3 - Ravi Thura92 KAMIN 3 - 3057 1961 Shirley Crenshaw 3 - 5 - - 3848 1963 Stinson Gibner 3 - 4748 1964 hal. v. Krishnarao 3 - 5485 1966 Grant Masson 3 - 4768 1967 Zimin Lu 3 - 6388 1968 Kosong 1969 Kevin Moore 3 - 4710 1969 A Kosong 1969 b Kosong 1970 Mike Roberts 3 - 5701 1972 Joe Hrgovcic 3 - 3914 1972 Vake 1972 BE ROMHNA 3 IM ROMERHHN 3 ZADOGNA 3 - 3914 ACABNA 1972 ROMEGHN 19 - 9737 1972 C Michael Sergeev 3 - 4305 1972 D TRICIA TLAPEK 3 - 6615 1972 E Jason Sokolov 3 - 6286 1973 Vasant Shanbhogue 3 - 7570 19 C 2 Konferensi Carol Brittain 01/10 / 2000 11: 33 AM TO: SHIRLEY CRENSHAW 01 /10 /2000 Hou / ect @ ect CC: Joann Holloway / EPSC / HOU / ECT @ ect, Janelle Duree / Hou / ECT @ ECT Subjek: Re: Ren R / C Pembaruan - Lantai 19 & Lantai 29 Shirley: Jika Anda bisa meneruskan semua Nama, lokasi, dan ekstensi kepada saya sehingga saya dapat memperbarui FM dan daftar karyawan, saya akan mengurus ini untuk Anda. Carol Enron Properti & Services Corp. Dari: Joann Holloway 01/10 / 2000 09: 48 AM ke: Carol Brittain / EPSC / HOU / ECT @ ECT CC: Subjek: Re: Sewa R / C Pembaruan - Lantai 19 & Lantai 29 - - - - - - - - - - - - - - - - - - - - - - ' - - - - - - - - - - - ' Lantai & Lantai 29 oh sayang! Saya pikir itu semua lurus. EBL 931 adalah kamar saya di denah lantai asli, tetapi entah bagaimana mereka mengubah angkanya. Kami semua penuh sesak, semuanya siap untuk pindah dan saya kebetulan datang ke lantai ke -19 pada hari gerakan dan memperhatikan bahwa mereka telah memberi nomor baru semua kamar! Tim pindah dengan kasar meletakkan stiker (dengan angka lama) di pintu setiap kamar. Saya sekarang di EB 1961. Vince Kaminski pada tahun 1962. Jika Anda membutuhkan nama untuk semua kamar lain, beri tahu saya. Maaf ! Enron Properti & Services Corp. Dari: Joann Holloway 01/07 / 2000 03: 09 PM ke: Shirley Crenshaw / Hou / ect @ ect CC: Subjek: Re: Rent R / C Pembaruan - Lantai 19 & 29 TH Shirley, saya kira denah lantai saya salah dihukum. Di nomor kamar apa yang kamu duduk? Permintaan relokasi memiliki EB 1931. Jo Ann Shirley Crenshaw 01 / 07/2200 02: 16 PM ke: Joann Holloway / EPSC / HOU / ECT @ ECT CC: Subjek: Re: Ren R / C Pembaruan - Lantai 19 & Lantai 29 JoAnn: Maaf, JoAnn, Saya tidak membaca semua e - Mail pertama Anda. Di bawah ini adalah ruang pada 19 yang harus dibebankan ke 0011 - 100038. 1938 1939 1940 1941 1942 1943 1944 1945 1946 1947 1948 1949 1951 1951 A 1952 1953 1954 1955 1956 1957 1958 1959 1960 1961 1962 1964 1965 1966 1967 1968 1968 1970 1970 1970 1970 1972 1972 1962 LAYANAN 1964 1966 1967 1967 1968 1970 1970 1970 1970 1970 1970 1972 1972 1962. Dari: Joann Holloway 01/07 / 2000 02: 04 PM ke: Shirley Crenshaw / Hou / ect @ ect CC: Subjek: Re: Rent R / C Pembaruan - Lantai 19 & 29 TH Shirley, meskipun sewa untuk lokasi Anda Di lantai 19 telah diperbarui, saya baru saja menerima pembaruan relokasi untuk beberapa orang yang bergerak dari lantai 45 ke lantai 19 malam ini. Yang aneh adalah bahwa di antara banyak lokasi lain, lokasi berikut dimasukkan (yang sudah Anda minta ditugaskan ke 0011 /100038): EB 1930 EB 1931 EB 1932 EB 1933 EB 1934 EB 1935 EB 1936 Tolong beri tahu apakah mereka harus tetap ditugaskan ke grup Anda atau harus ditugaskan ke r / c grup lain ini. Terima kasih . Jo Ann X 35957 Enron Properti & Services Corp. Dari: Joann Holloway 01/05 / 2000 08: 47 AM ke: Shirley Crenshaw / Hou / ect @ ect CC: (BCC: Joann Holloway / EPSC / HOU / ECT) Subjek: Sewa R / C Pembaruan - Lantai 19 & 29 Lantai Shirley, lokasi berikut di lantai 29 masih ditugaskan ke 0011 /100038. Mereka tidak terdaftar pada permintaan relokasi churn 17 Desember. Jadi, apakah personel di lokasi -lokasi ini masih melaporkan ke 0011 /100038 atau mereka bergerak nanti. Harap saran: EB 2963 A EB 2963 B EB 2964 A EB 2965 A EB 2965 B EB 2966 A EB 2966 B EB 2966 C EB 2966 D EB 2970 C EB 2971 A EB 2975 A EB 2975 B Lokasi berikut di lantai 19 Lantai 19 sekarang ditugaskan ke 0011 /100038: EB 1928 EB 1929 EB 1929 A EB 1930 EB 1930 D EB 1931 EB 1932 EB 1933 EB 1934 EB 1935 EB 1936 EB 1938 EB 1941 EB 1942 EB 1943 EB 1944 EB 1945 EB 1947 EB 1949 . Jo Ann Holloway x 35957"
ham,"Re: Perjanjian Lisensi MarketPoint John, FYI Vince - - - - - - - - - - - - - - - - - - - - - - - diteruskan oleh Vince J Kaminski / Hou / ECT pada 11/27 / 2000 03: 31 PM - - - - - - - - - - - - - - - - - - - - - - - - - - - - - - ""Dale m. Nesbitt"" pada 11/27 / 2000 02: 51: 54 PM Harap tanggapi ke: CC: Subjek: Re: Perjanjian Lisensi MarketPoint Vince: Saya akan mengirimkan kontrak kami untuk pertunangan selama seminggu. Cara kita melakukannya adalah mengirimkan kontrak waktu dan material kita, yang memiliki ruang untuk pernyataan tugas individual. Saya kemudian memasukkan pernyataan tugas untuk proyek selama seminggu di tingkat $ 12 K sehingga biaya dan risiko dibatasi untuk Anda. Cari di satu atau dua hari berikutnya. Berkenaan dengan model gas jangka panjang dan jangka pendek, keduanya diimplementasikan dalam sistem perangkat lunak yang sama. Tidak ada prasyarat untuk menjalankan yang lain, tetapi keduanya beroperasi dengan cara yang sama dan jumlah keduanya mengkonsumsi sumber daya yang sama adalah baik secara individual. Saya berencana untuk memiliki kunjungan panjang di Houston mulai satu minggu dari hari ini dan berlangsung hingga Rabu berikutnya. ; Dengan dia di Houston, saya menghabiskan sedikit waktu di sana. Cari barang -barang di satu atau dua hari berikutnya. Saya berharap dapat bekerja sama dengan Anda dan kolega Anda. Terima kasih Dale - - - - - Pesan Asli - - - - - dari: Vince. J . Kaminski @ Enron. com [Mailto: Vince. J . Kaminski @ Enron. com] Dikirim: Senin, 27 November 2000 10: 44 AM ke: Dale. nesbitt @ worldnet. att. Net CC: Vince. J . Kaminski @ Enron. Com Subjek: Re: Perjanjian Lisensi MarketPoint Dale, terima kasih atas pesan Anda. Dalam percakapan telepon kami sebelum pertemuan, Anda menyebutkan pengaturan kontrak lain di mana kami dapat bekerja dengan karyawan perusahaan Anda dalam studi - studi. Biaya proyek mingguan adalah $ 12.000 yang akan diterapkan pada harga pembelian jika kita melanjutkan dan memutuskan untuk memperoleh perangkat lunak. Proyek ini akan memungkinkan kami untuk mengevaluasi model dan menghasilkan perkiraan tenaga kerja yang diperlukan untuk mendukung model secara internal. Tolong, beri tahu saya lebih banyak tentang opsi ini. Kami terutama tertarik pada model gas alam jangka panjang dan database untuk Amerika Utara. Kecuali jika keakraban dengan model jangka pendek adalah prasyarat, kami tidak memiliki sumber daya untuk menghabiskan terlalu banyak waktu untuk itu. Tentu saja, meja perdagangan mungkin tertarik pada versi jangka pendek dari model. Saya akan berbicara dengan mereka tentang hal itu. Vince ""Dale m. Nesbitt"" pada 11/13 / 2000 06: 00: 05 PM untuk :, ""Vince. J. dan bagian melintang yang luas dari orang -orang Anda. Terima kasih banyak telah mengaturnya, dan terima kasih telah memberi saya kesempatan untuk berbicara dengan orang -orang Anda. Seperti yang saya sebutkan kepada John, saya mengirimi Anda dokumen lisensi untuk Marketpoint. Saya telah melampirkan perjanjian lisensi standar kami untuk pertimbangan Anda. Seperti yang saya sebutkan, perjanjian lisensi mencakup seluruh produk yang dibundel, yang termasuk? Gas Amerika Utara, jangka pendek dan panjang? Listrik Amerika Utara, jangka pendek dan panjang? Gas Dunia? Gas Eropa Barat? Minyak Dunia Kami baru saja menyelesaikan porting minyak dunia, gas dunia, dan model gas Eropa Barat dari sistem perangkat lunak lama kami (sekarang usang) ke Marketpoint, sehingga mereka tidak akan sepenuhnya diuji dan lengkap selama beberapa bulan. Namun, model gas dan listrik untuk Amerika Utara saat ini lengkap dan diuji. Itu seharusnya memungkinkan kami untuk memberi Anda harga yang menarik sebelum toolkit penuh di seluruh dunia tersedia di seluruh bisnis Anda di seluruh dunia. Seperti yang saya pahami, Anda akan menginginkan kemampuan pemodelan gas terlebih dahulu dan ingin menunda keputusan tentang listrik atau kemampuan lainnya. Seperti yang saya sebutkan di pertemuan tersebut, kami siap untuk menawarkannya dengan harga yang sepenuhnya dibundel sepenuhnya. Saat Anda membaca perjanjian lisensi, Anda akan melihat bahwa lisensi perangkat lunak seharga $ 100.000 per tahun, data gas seharga $ 5.000, dan data listrik seharga $ 10.000. MarketPoint akan setuju untuk melisensikan Anda model gas ditambah data untuk lisensi perangkat lunak ditambah lisensi data dengan total $ 55.000 per tahun. Ini hanya di bawah harga yang sepenuhnya dibundel. Saya pikir itu konsisten dengan diskusi di pertemuan kami, dan dari perspektif Marketpoint akan memberikan dasar yang bagus untuk bergerak maju bersama Enron. Jika atau ketika Enron ingin ""meningkatkan"" model atau model lain dari portofolio Marketpoint, kami hanya akan meningkatkan Anda hingga seluruh perjanjian lisensi. Ini akan memungkinkan Anda untuk memisahkan keputusan gas dari keputusan lain yang mungkin Anda buat. (Saya akan dengan senang hati memasukkan ketentuan harga tambahan ini ke dalam perjanjian jika Anda memutuskan untuk maju.) Saya merasa saya dapat mengomunikasikan filosofi, ruang lingkup, dan pengoperasian pendekatan kami selama pertemuan dan untuk memberikan Anda banyak informasi Anda mungkin perlu mengevaluasi apakah MarketPoint memenuhi kebutuhan Anda. Saya pikir Anda dapat melihat kedalaman dan kecanggihan produk namun pada saat yang sama kesederhanaan dan efektivitasnya. Saya pikir Anda dapat melihat manfaat dari dimensi Marketpoint dari keseimbangan ekonomi sebagai pelengkap dan suplemen untuk pendekatan lain yang pasti akan Anda gunakan. Saya akan tertarik dengan kesan Anda dan orang -orang dari kolega Anda. Saya menantikan tanggapan Anda dan bergerak maju bersama. Kami memandang Anda sebagai calon pelanggan dan klien yang sangat penting dan akan bekerja dengan Anda untuk mendapatkan dan mengamankan bisnis Anda. Jika Anda memutuskan untuk melisensikan MarketPoint, kami dapat mengatur untuk mentransfer dan memasang MarketPoint dan model Narg jangka pendek (yang merupakan model yang kami sarankan untuk Anda mulai) dan melakukan perjalanan ke Houston untuk mengirimkan seminar pelatihan 1 hari kami. Klien kami biasanya sangat fasih setelah seminar pelatihan 1 hari itu. Setelah itu, kami ingin Anda bekerja dengan model NARG jangka pendek selama beberapa minggu saat Anda bangun dengan cepat, sangat fasih, dan sangat nyaman sebelum Anda menerima pengiriman Narg versi jangka panjang beberapa minggu kemudian. Terima kasih sekali lagi, dan semua yang terbaik. Jika ada beberapa item dari pertemuan yang mungkin saya lupa kirim, tolong ingatkan saya. Catatan saya tidak menunjukkan apa pun, tetapi saya banyak berbicara daripada menulis catatan selama pertemuan dan mungkin telah mengabaikan sesuatu yang diinginkan seseorang. Dale Nesbitt Presiden Marketpoint Inc. 27121 Adonna Ct. Los Altos Hills, CA 94022 (650) 218 ​​- 3069 Dale. nesbitt @ marketpointinc. com (lihat file terlampir: lisensi. Dok)"
ham,"California Update 3/15/01 Ringkasan Eksekutif? Davis mungkin mengakui menilai kenaikan untuk konsumsi daya di masa depan tetapi tidak untuk hutang utilitas masa lalu? negosiasi Davis dan PG&E saat macet, titik lengketnya pendek untuk PG&E musim panas ini? Seiring berjalannya waktu tanpa kabar dari kesepakatan yang diamankan, peluang kebangkrutan yang tidak disengaja meningkat secara signifikan di antara generator kecil dan QFS? FERC mungkin akan menyetujui kesepakatan transmisi tetapi dengan beberapa kondisi untuk kenaikan tarif Komisi Utilitas Publik California California hari ini mungkin menjadi titik balik karena CA PUC meninjau ukuran kenaikan tarif Departemen Sumber Daya Air (DWR) yang akan diteruskan kepada konsumen pada mereka tagihan listrik . Sampai sekarang, Davis telah menganggap kenaikan suku bunga sebagai bunuh diri politik, tetapi mungkin ada beberapa kelegaan baginya dari kelompok konsumen. Sumber menunjukkan bahwa salah satu pemimpin advokat konsumen utama California dapat mentolerir kenaikan tarif untuk konsumsi daya di masa depan, tetapi tetap bersikeras tidak menaikkan tarif untuk mencakup utang utilitas masa lalu. DWR, yang saat ini merupakan daya beli atas nama negara, membutuhkan lebih banyak pendapatan untuk mengamankan masalah obligasi $ 10 B yang direncanakan yang merupakan bagian penting dari rencana Davis untuk menandatangani kontrak daya jangka panjang. Karena DWR terus menghabiskan $ 40 hingga $ 60 m setiap hari untuk pembelian daya, sumber yang ditempatkan dengan baik memberi tahu kami bahwa DWR pada dasarnya bangkrut. Saat ini tidak memiliki uang untuk kegiatan normal seperti memesan persediaan, membeli peralatan baru, dll. Departemen Keuangan meneruskan uang DWR dari mana pun dapat (taman, program lain) untuk membeli daya, tetapi tangan DWR terikat sampai obligasi pendapatan dikeluarkan. Bendaharawan Negara Bagian California Phil Angelides akan mengajukan rekomendasi kenaikan tarif untuk mendapatkan pendapatan dan mencakup obligasi negara senilai $ 10 miliar. Davis & PG&E Sumber Obsdds melaporkan bahwa negosiasi Davis dan PG&E menghadapi dua tantangan yang sulit: 1) PG&E Wants 2. Buku 9 kali, yang jauh lebih dari sekedar kelompok konsumen yang direkomendasikan untuk penjualan jalur transmisinya (SCE diterima 2. 3), dan 2) PG&E membutuhkan bantuan dari Davis untuk tanggung jawab hukum PG&E Negara bagian, dan pada titik ini Davis ingin membatasi pembelian daya energi negara bagian lebih lanjut (terutama untuk musim panas). Utilitas menolak untuk menandatangani kesepakatan yang akan membuat mereka miliaran dolar lebih jauh di merah ($ 3 hingga $ 4 B) dan PG ukuran yang jika dicapai akan memberi Davis daya negosiasi yang lebih sedikit. Dengan semua kegiatan ini, Davis mulai kehilangan dukungan di legislatif negara bagian. Sumber melaporkan meningkatnya ketegangan antara Gubernur dan Presiden Senat Negara Bagian Pro - Tem John Burton. Burton baru saja mengumumkan komite Senat khusus akan menyelidiki generator untuk bukti manipulasi harga, dan auditor negara juga merencanakan penyelidikan. Davis semakin menyadari bahwa dia harus melindungi kesepakatan apa pun yang ditandatangani agar tidak terpisah oleh legislatif dan kelompok konsumen kemudian. Sumber orang dalam kebangkrutan Sacramento yang paling tidak disengaja oleh QF khawatir bahwa sekelompok generator kecil akan kehilangan kesabaran dan memaksa kebangkrutan terhadap utilitas. SB 47 X mungkin adalah fasilitas yang memenuhi syarat California yang terakhir berharap untuk menghindari pengajuan kebangkrutan yang tidak disengaja terhadap PG&E, Socal ED, dan SDG & E. RUU yang dirancang untuk memotong biaya QF dan memberi mereka struktur tarif yang lebih baik ditahan di Senat negara bagian. Sumber menunjukkan bahwa pengajuan dapat datang kapan saja dan penyelidikan lebih lanjut sedang dilakukan untuk mencari kandidat yang paling mungkin. Keluar dengan Hebert, dengan Wood, administrasi Bush mendukung menggantikan Hebert, jr. dengan Texas Puc Head Pat Wood. Ada pertempuran yang intens di balik layar antara pemimpin Senat Republik Trent Lott, yang mendukung Hebert, dan Presiden Bush, yang menginginkan Wood. Administrasi lebih suka Wood karena mereka tidak ingin FERC berkelahi dengan Davis yang berarti Bush pada akhirnya mungkin kehilangan beberapa negara bagian Barat pada tahun 2004. Dalam upaya untuk mengurangi laporan pers baru -baru ini, Hebert telah membuat beberapa konsesi token ke California, termasuk pengembalian uang listrik senilai $ 69 juta dan merampingkan proses perizinan federal untuk pemasangan pipa dan pembangkit listrik. Diharapkan bahwa FERC kemungkinan besar akan menyetujui kesepakatan transmisi apa pun yang dapat diselesaikan Davis tetapi dengan daftar kondisi. Beberapa kondisi mungkin termasuk membawa garis secara formal ke sistem grid regional serta elemen -elemen lain untuk membuka jalan bagi tindakan administrasi yang lebih dramatis di Barat tahun depan. Pemerintahan Bush menentang batas harga dan percaya pada solusi pasar bebas. Administrasi juga mempertimbangkan apakah mungkin ide yang baik untuk memprivatisasi aset yang dimiliki secara federal seperti BPA."
ham,"Harga Opsi Kekuatan Spanyol Hai Paul / Cassim, lebih jauh ke pertemuan kami kemarin mengenai opsi daya, yang dapat kami gunakan untuk menangkap volatilitas jangka pendek dari topi peraturan yang dipatuhi atau rusak, saya telah melampirkan spreadsheet yang harus membantu memakukan nilai nilai tersebut . Distribusi sewenang -wenang Masalah pertama yang ditangani adalah mengubah skenario harga untuk rata -rata q 2 - q 3 swap menjadi setara volatilitas. Ini dicapai dengan menyesuaikan distribusi normal yang cocok dengan yang ditentukan untuk rata -rata dan standar deviasi. Grafik di bawah ini menggambarkan metode untuk angka yang dibahas kemarin. Dalam contoh ini, volatilitas tahunan muncul sekitar 23 %. Harga & Volatilitas Tersirat Harga adalah untuk opsi Asia biasa. Imbalannya tergantung pada rata -rata harga harian untuk kekuatan Spanyol untuk Q 2 dan Q 3. Penilaian menggunakan volatilitas 23 % menunjukkan sekitar 15. 3 PTA per kWh. Saya akan menjadwalkan pertemuan untuk memungkinkan kami meneruskan ini. Salam, Anjam X 35383 Spreadsheet:"
ham,"Sakelar lampu untuk EB 1939 Selamat pagi All: Maureen Raymond Castaneda disajikan di EBL 939. Dia mengalami sakit kepala migrain yang mengerikan yang diperburuk oleh cahaya. Kami ingin mendapatkan harga untuk memasang / mematikan sakelar di kamarnya. Sampai sekarang, mereka telah menghapus bola lampu, tetapi mengatakan bahwa mungkin tidak sepenuhnya menjawab masalah karena seseorang mungkin melihat bahwa mereka keluar dan meminta mereka diganti. Saya pikir jawabannya (jika tidak terlalu mahal) akan memasang sakelar. tolong beritahu saya . rekan kami. # IS 0011 dan RC # kami adalah 100038. terima kasih ! Shirley 3 - 5290"
ham,"Project Richard, saya ingin memberi tahu Anda bahwa kami memutuskan untuk tidak berpartisipasi dalam proyek Anda. Terima kasih atas minat Anda untuk terlibat dalam penelitian ini. Vince Kaminski"
ham,"Nominasi promosi akhir tahun ENA sebagai tindak lanjut untuk diskusi pada pertemuan staf hari Senin; Terlampir adalah ringkasan dari manajer dan nominasi promosi di atas yang dibuat dan dibahas selama pertemuan Business Review / Pre -Ranking Desember di ENA, yang ditangkap dalam sistem. Promosi hingga profesional senior di sisi dukungan seharusnya sudah dikomunikasikan kepada karyawan. Promosi ke Manajer dan Direktur di mana disepakati pada pertemuan tinjauan kinerja ENA akhir pada 14 Desember dan harus dilampirkan. Ini dapat dikomunikasikan kepada individu, jika Anda belum melakukannya. Tidak ada memo promosi luas ENA yang direncanakan, oleh karena itu jangan ragu untuk mengkomunikasikan promosi departemen Anda dengan memo terpisah jika Anda yakin sesuai."
ham,"Data seismik melalui satelit Saya telah melampirkan bagian latar belakang untuk memberi tahu para pedagang minyak tentang hal ini sebelum kemungkinan pertemuan dengan mereka. Tolong beri saya komentar tentang 1) Akurasi 2) Kelengkapan dan 3) Cakupan Area yang ingin kami jelajahi. Sebagai catatan tambahan, saya menemukan beberapa info di web yang menyatakan cadangan minyak saat ini terbukti adalah 1.000 miliar bbl. Penemuan bidang bbl 1 miliar hanya akan menambah 0. 1 %. Meskipun kami akan mengejar opsi keunggulan perdagangan, tidak terlihat menjanjikan bahwa ia memiliki nilai jangka pendek yang besar, mengingat kerangka waktu yang lama dan biaya tinggi untuk membawa cadangan air yang dalam ke pasar. Bob Lee"
ham,"Pres. Untuk Delainy Sorry Vince, silakan gunakan file ini alih -alih yang sebelumnya. Krishna."
ham,"Re: yo! Vince, inilah sedikit info lebih lanjut tentang buku yang ditulis Bob Darden yang mungkin berguna dalam menjelaskan dengan siapa dia berbicara saat ini. John> Tanggal: Jumat, 30 Mar 2001 12: 29: 11 - 0600> Dari: Robert Darden> Subjek: Re: Yo! > x - pengirim: ""Robert Darden"" (tidak diverifikasi)> ke: ""John d. Martin""> Organisasi: The Door> X - Mailer: Mozilla 4. 04 [en] c - flashnet (win 95; i) >> Anda, tuan, adalah seorang pria dan seorang sarjana. > Jika direktur penelitian membutuhkan info lebih lanjut tentang buku ini, saya dapat mengirimnya> apa pun yang mereka butuhkan:> Penerbit: Fleming h. Revell (Divisi Buku Baker)> Batas waktu: 30 Mei> Orang -orang yang telah kami wawancarai atau yang kami miliki> perjanjian untuk wawancara:> Jerry Conangelo, Norm Miller, Dr. Kenneth Cooper, Philip Clements,> George Gallup, Ted Benna, Bob Lawless, Jack Eckerd, Truett Cathey, Ed> Bonneau, Jay Pifer, Bill Bailey dll. . . > Terima kasih lagi> Bob >> John d. Martin menulis: >>>> Pada pukul 11: 35 pagi 3/30/01 - 0600, Anda menulis: >>> Hai John - - Saya menikmati pertemuan kami kemarin. Ini terlihat sangat menjanjikan. >>> Sementara itu, seperti yang saya sebutkan di meja, saya menjadi sedikit gugup >> tentang buku yang akan jatuh tempo 1 Juni. >>> Salah satu nama dalam daftar ""keinginan"" kami yang diwawancarai untuk ""Bisnis >> Surga"" adalah Ken Lay at Enron. (Ya, saya akan mencoba mendapatkan ini untuk Anda hari ini) >> Apakah mungkin bagi Anda untuk memberi saya alamat dan nomor telepon yang bagus >>> untuk MR. Kantor Lay? >>> Dan bolehkah saya menyebutkan nama Anda di surat lamaran? ; Saya bahkan mungkin membeli makan siang berikutnya. >>> Bob >>> p. S . Terima kasih telah berbagi kekhawatiran Anda tentang gereja kemarin juga. Saya >>> Segera, hal -hal yang benar -benar tidak bekerja lebih baik dan merasa lebih dari >> sedikit malu bahwa saya tidak bekerja lebih keras untuk membuat kalian merasa lebih >>> disambut dan terhubung. Di sisi lain, ketahuilah bahwa Mary dan I >>> akan selalu mencintai Anda dan menganggap Anda berdua teman. Aku tahu kamu akan >>> Bahagia di Lake Shore - - bahkan saat kami merindukanmu di 7! >>>> John d. Martin >> Carr p. Kursi Collins di bidang Keuangan >> Departemen Keuangan >> Universitas Baylor >> PO Box 98004 >> Waco, TX 76798 >> 254 - 710 - 4473 (kantor) >> 254 - 710 - 1092 (faks) >> J _ Martin @ Baylor . edu >> web: http: / / hsb. Baylor. edu / html / martinj / home. html> John d. Martin Carr p. Departemen Keuangan Collins di Departemen Keuangan Baylor University PO Box 98004 Waco, TX 76798 254 - 710 - 4473 (kantor) 254 - 710 - 1092 (faks) J _ Martin @ Baylor. EDU Web: http: / / hsb. Baylor. edu / html / martinj / home. html"
ham,"Re: Halo David, perjalanan lain di kartu. Anda dapat menangkap saya di kantor pada Wed atau minggu depan di rumah. Vince ""Walkup, David C (Houstonas As 582)"" pada 04/03/2000 03: 43: 31 PM untuk: ""'Vince. J. Saat berada di Woodlands Rabu. Haruskah saya mampir ke rumah malam itu atau apakah kita perlu berkumpul besok atau Rabu pagi? David c. Konsultan Keuangan Walkup 713 - 658 - 1685 800 - 456 - 9712> - - - - - - - - - - - -> Dari: Vince. J . Kaminski @ Enron. com [SMTP: Vince. J . Kaminski @ Enron. com]> Dikirim: Senin, 03 April 2000 4: 35 sore> ke: dwalkup @ pclient. ml. com> Subjek: Re: Halo >>> David, >> Bisakah Anda mampir pada hari Rabu? >> Saya akan pergi selama beberapa hari setelah hari ini. >> vince >>>>> ""walkup, David C (Houstonas sebagai 582)"" pada> 04/03/2000> 01: 21: 45 PM >> ke: ""'Vincent Kaminski'""> CC:> Subjek: halo >>> halo, vince. >> Saya kira Anda masih banyak bepergian. Saya hanya ingin menyapa dan melihat> ketika kita bisa berkumpul dan melihat mendapatkan lebih banyak uang yang disetor> ke> CMA untuk investasi di masa depan. >> Kembalikan dengan saya saat Anda bisa. > David c. Walkup> Konsultan Keuangan> 713 - 658 - 1685> 800 - 456 - 9712> _ _ _ _ _ _ _ _ _ _ _ _ _ _ _ _ _ _ _ _ _ _ _ _ _ _ _ _ _ _ _ _ _ _ _ _ _ _ _ _ _ _ _ _ _ _ _ _ _ _ _ _ _ _ _ _ _ _ _ _ _> >>> >> Perhatian: surat elektronik yang dikirim melalui internet tidak aman dan dapat dicegat oleh a pihak ketiga . Untuk perlindungan Anda, hindari mengirim> informasi mengidentifikasi, seperti akun, jaminan sosial atau nomor kartu> ke> kami atau orang lain. Selanjutnya, jangan kirim waktu - sensitif, tindakan - berorientasi> pesan, seperti pesanan transaksi, instruksi transfer dana, atau periksa> berhenti pembayaran, karena itu adalah kebijakan kami untuk tidak menerima item tersebut electronicall >>>>> Perhatian: elektronik Surat yang dikirim melalui internet tidak aman dan dapat dicegat oleh pihak ketiga. Untuk perlindungan Anda, hindari mengirim informasi pengidentifikasian, seperti akun, jaminan sosial atau nomor kartu kepada kami atau orang lain. Selanjutnya, jangan mengirim pesan waktu - sensitif, tindakan - tindakan, seperti pesanan transaksi, instruksi transfer dana, atau memeriksa pembayaran berhenti, karena itu adalah kebijakan kami untuk tidak menerima barang -barang tersebut secara elektronik"
ham,"Jadwal dan Kalender Modul Musim Gugur Terbaru (Rev. C) - Ditempatkan di kotak surat Anda 4 - 5 - 01 Siswa, Fakultas, dan Staf, Hard Copy dari Jadwal dan Kalender Modul Musim Gugur 2001 Terbaru (Rev. C) ditempatkan di Anda Kotak surat pada hari Kamis. Harap tinjau dengan cermat kalender untuk perubahan yang dibuat. Saya juga telah memposting jadwal modul musim gugur 2001 terbaru dan kalender (rev. C) ke Embanet. Pengingat: Sekolah Pascasarjana Jones tidak selalu mengikuti kalender universitas pada istirahat yang dijadwalkan, ujian, dll. . . . Selalu merujuk ke informasi sekolah pascasarjana Jones mengenai istirahat, jadwal ujian, dll. . . . Terima kasih, Kathy Kathy m. Koordinator program MBA spradling Jesse h. Jones Graduate School of Management Rice University 6100 Main Street, MS 531 Houston, Texas 77005 - 1892 Telepon: (713) 348 - 3313 Faks: (713) 348 - 5251 Email: Spradlin @ Rice. edu http: / / www. beras . Edu / JGS E - Mail: Spradlin @ Rice. edu http: / / www. ruf. beras . edu / ~ jgs /"
ham,"Re: Houston Research Opportunity Tara: Terima kasih atas pembaruannya. Tampaknya Anjam sedikit bermain bola keras. Reaksi awal saya adalah tidak fleksibel karena ini merupakan penawaran yang baik, tetapi pada pemikiran kedua, bisakah Anda memberi saya gambaran tentang apa yang dimaksud dengan tugas 12 - bulan ketika Anda memiliki waktu sejenak? Kompensasi, manfaat, tanggung jawab, implikasi jalur karier, dll. terimakasih banyak ! Salam, hibah."
ham,"Re: [tidak ada subjek] Hai Vince, resume ini terlihat cukup bagus. Kami mungkin ingin berbicara dengannya di telepon. Namun, sekarang David Hoog telah menyewa orang -orang aktuaria sendiri (Alex Tartakowski dan Larry Markus) dari ACE, saya tidak yakin apakah mereka memerlukan dukungan di pihak aktuaria. Dengan Don Black (pasar risiko global) meninggalkan Enron, saya pikir upaya untuk mengembangkan produk listrik untuk pasar asuransi hampir tidak ada, kecuali untuk produk David Hoog. Resume masih terlihat menarik. Vasant - - - - - Pesan Asli - - - - - - Dari: Kaminski, Vince dikirim: Jumat, 13 April 2001 3: 56 PM ke: Shanbhogue, Subjek Vasant: [Tidak ada subjek] Vasant, tolong, lihat ini ERESUME. vince - - - - - - - - - - - - - - - - - - - - - - - - Dikeret oleh Vince J Kaminski / Hou / ECT pada 04/13 / 2001 09: 55 PM - - - - - - - - - - - - - - - - - - - - - - - - - - - - - - - Cathy Lira @ Enron 03/26 / 2001 11: 12 PM ke: vkamins @ enron. com cc: subjek: [tidak ada subjek] - - - - - - - - - - - - - - - - - - - - - - - - diteruskan oleh Cathy Lira / Na / Enron pada 03/26 / 2001 04: 12 PM - - - - - - - - - - - - - - - - - ' _ Program @ Enron. Com CC: Subjek: [Tidak ada subjek] Sir / Nyonya yang terhormat, saya seorang siswa dalam program master di bidang keuangan matematika karena lulus pada bulan Agustus. Niat saya setelah lulus adalah untuk bekerja dalam kapasitas kuantitatif di pasar listrik dan untuk tujuan ini, saya memasukkan resume saya dengan harapan bahwa saya mungkin dipertimbangkan untuk posisi yang tersedia dalam manajemen risiko Anda atau kelompok produk terstruktur yang membutuhkan keterampilan matematika tersebut. Saya telah membahas email ini ke alamat program pascasarjana Anda tetapi saya tidak yakin apakah pencalonan saya akan berada di bawah payung yang dicakup oleh program rekanan Anda. Jika ini bukan masalahnya, ada bantuan dalam melihat bahwa resume saya menemukan tujuan yang benar akan sangat dihargai. Hormat saya, Ian McCracken * Dapatkan email online gratis dan aman di http: / / www. Ziplip. com / * - iancv. Doc>"
ham,"Re: Tindak lanjut dari Iris Mack Hi, terima kasih telah meluangkan waktu dari jadwal sibuk Anda untuk bersamaku pada tanggal 28 Desember - terutama selama musim liburan. Saya senang bertemu dengan beberapa klien internal kelompok penelitian. Berharap untuk dapat bekerja dengan Anda di masa depan. Salam, iris mack mendapatkan unduhan gratis Anda dari MSN Explorer di http: / / explorer. msn. com"
ham,"Re: LL Visa - Anshuman Shrivastava Vince: Rupanya Neil McGregor menjadi kesal ketika ia menerima email Margaret Daffin. Dia mengatakan, bagaimanapun, bahwa Anshuman hanya akan berada di Houston selama satu bulan, dan Anda telah menyebutkan enam bulan ketika kami berbicara sebelumnya. Itu benar -benar tidak membuat perbedaan karena dia perlu mendapatkan visa LL dalam keadaan mana pun, tetapi saya pikir Anda mungkin ingin melihat emailnya. Molly - - - - - - - - - - - - - - - - - - - - - - - - diteruskan oleh Molly Magee / Hou / ect pada 01 /24 /2001 10: 09 AM - - - - - - - - - - - - - - - - - - - - - - - - - - - ' Molly: Per percakapan kita hari ini. Tolong beri tahu saya statusnya sehingga saya dapat melanjutkan proses visa. Terima kasih Margaret - - - - - - - - - - - - - - - - - - - - - - - - diteruskan oleh Margaret Daffin / Hou / ect pada 01 /24 /2001 09: 56 AM - - - - - - - - - - - - - - - - - - - - - - - - - - - ' _ pengembangan @ enron _ Subjek pengembangan: Re: ll visa - Anshuman shrivastava Anshuman tidak bergerak atau berimigrasi ke AS. Kami mengizinkannya bekerja untuk tugas lonth di AS dengan Enron. Harap lakukan persetujuan dan visa yang diperlukan atas dasar ini. CEO Neil McGregor Dabhol Power Margaret Daffin @ ECT 01 /23 /2001 10: 31 PM ke: Anshuman. Srivastav @ Enron. com cc: molly magee / hou / ect @ ect, vince j kaminski / hou / ect @ ect, Jane allen / hou / ect @ ect, timothy callahan / na / enron @ enron, ranendra sengupta / enron _ pengembangan @ enron _ pengembangan _ , Wade Cline / Enron _ Development @ Enron _ Development, Neil McGregor / Enron _ Development @ Enron _ Development @ ect, Harsimran Subjek: ll Visa - Anshuman Shrivastava Anshuman: Saya telah diminta untuk menghubungi Anda mengenai kemungkinan pindah ke Houston, Texas . Agar saya dapat memulai proses memberi Anda visa imigrasi LL, saya akan membutuhkan Anda untuk mengisi kuesioner visa terlampir dan mengembalikannya kepada saya dengan salinan dokumen berikut: salinan semua halaman paspor Anda, bahkan jika kosong Salinan dari semua visa AS sebelumnya mengeluarkan resume yang diperbarui, menunjukkan salinan berbulan -bulan dan bertahun -tahun dari semua diploma dan transkrip yang diterima jika Anda memiliki anggota keluarga yang bergantung pada negara bagian bersama Anda, salinan paspor mereka, silakan kirim ke perhatian saya, melalui FedEx ke: Enron corp. 3 Allen Center, 3 AC 2026 A 333 Clay Street Houston, TX 77002 Hubungi saya dengan pertanyaan yang mungkin Anda miliki di 713 - 345 - 5083."
ham,"Re: Berbagai biaya data pasar untuk kelompok penelitian untuk Februari 2001 Julie: Saya berbicara dengan Maureen dan Tanya dan tidak ada yang menginginkan layanan ini dan belum menggunakannya. Maureen mengatakan kepada saya bahwa dia memberi tahu Anda setahun yang lalu bahwa dia tidak ingin telerate (ketika dia mendukung kelompok Gary Hickerson pada 30). Jika itu masalahnya, kita mungkin perlu pengembalian uang. Beri tahu saya jika ada sesuatu yang bisa dilakukan tentang ini. Satu -satunya orang dalam kelompok kami yang ingin Telerate adalah Jason Sokolov dan saya mengajukan permintaan untuk itu kemarin. Harap batal yang lainnya. terima kasih ! Shirley dari: Julie Pechersky / Enron @ Enronxgate pada 04/09/2001 12: 33 PM ke: Shirley Crenshaw / Hou / ect @ ect CC: Subjek: Re: Berbagai biaya data pasar ke grup penelitian untuk Februari 2001 HI Shirley, mengenai Shirley, tentang: Perihal kembali Telerate: Saya dapat membatalkan layanan untuk Maurenn dan Tanya, tetapi nama lain yang biasa digunakan untuk aplikasi Telerate adalah Bridge atau Bridgestation sehingga Anda mungkin ingin hanya meminta mereka berdua sekali lagi untuk memastikan bahwa mereka tidak menggunakannya. Beri tahu saya dan saya akan membatalkan penagihan Jason bisa mendapatkan akses ke sana dengan mengirimkan permintaan E - untuknya untuk Telerate. Saat Anda masuk ke E - permintaan dan itu mendorong Anda untuk aplikasi apa yang harus dipilih, ketik dalam data pasar Words dan tekan pencarian. Telerate akan muncul sebagai opsi dan di dalamnya memilih peran energi dasar. Kami akan mengurusnya dari sana. Saya juga akan menghapus Hector Campos dari Reuters. Apakah ada orang lain yang ditagih untuk layanan Reuters yang tidak diperlukan? Saya juga akan menghapus Clayton Vernon. Saya tidak melihat apa pun dengan nama Brad Amoine, apakah ini ejaan namanya yang benar? Saya juga akan mencari tahu di mana biaya Shalesh harus dipindahkan. Terima kasih telah memperbarui kami dan beri tahu saya jika ada hal lain. Julie - - - - - Pesan Asli - - - - - dari: Jackson, Clifford Sents: Rabu, 04 April 2001 1: 44 PM ke: Crenshaw, Shirley CC: Pechersky, Julie Subjek: Re: Berbagai biaya data pasar ke Kelompok Penelitian untuk Februari 2001 Hai Shirley. Saya telah menyalin ini ke Julie Pechersky, yang memelihara database data pasar, dan akan dapat membuat perubahan pengguna yang Anda minta. Dia juga bisa memberi tahu Anda bagaimana / kapan telerate dapat diaktifkan untuk MR. Sokolov. Kami mendapatkan data penagihan darinya, jadi begitu benar di sana, itu akan ditagih dengan benar. Cliff Jackson - - - - - Pesan Asli - - - - - - Dari: Crenshaw, Shirley Dikirim: Rabu, 04 April 2001 1: 31 PM ke: Jackson, Clifford CC: Kaminski, Vince Subjek: Berbagai Data Pasar Biaya untuk Penelitian Grup untuk Februari 2001 Clifford: Dalam meninjau ringkasan penagihan EIS Februari kami untuk CO # 0413, CC # 107043, saya punya beberapa pertanyaan. Telerate: (Februari Biaya: $ 3, 032, 35) Saya mensurvei kelompok itu dan hanya satu orang yang meminta telerate dan dia tidak ditunjukkan dikenakan biaya untuk itu. Itu adalah Jason Sokolov. Dia ingin memiliki akses untuk telerate. Jika Anda bisa memberi tahu saya cara mendapatkannya untuknya. Persentase terbesar dari tuduhan telerate tampaknya untuk Maureen Raymond, yang mengatakan bahwa dia tidak menggunakan telerate. Mungkinkah dia mengakses beberapa data yang tidak dia ketahui adalah Telerate? tolong beritahu saya . Jika ada akun individu untuk Telerate, satu -satunya yang kita butuhkan adalah untuk Jason Sokolov, kecuali jika tuduhan Maureen adalah untuk sesuatu yang dia tidak tahu adalah telerate. Tanya Tamarchenko tidak perlu telerate dan dia memiliki persentase tuduhan terbesar kedua. Ngomong -ngomong, satu -satunya langganan telerate yang kita butuhkan adalah untuk Jason Sokolov. Reuters: (Biaya Februari: $ 405. 96) Tidak seorang pun dalam penelitian menggunakan Reuters. Saya percaya sebagian besar dakwaan adalah untuk Hector Campos yang menggunakannya ketika dia berada di meja perdagangan. Ketika dia berputar ke dalam kelompok penelitian, dia tidak membutuhkannya lagi, tetapi masih ditagih untuk itu. Harap hapus dari pusat biaya penelitian. Orang -orang berikut tidak lagi dengan Enron atau tidak lagi dengan penelitian dan akun mereka harus dihapus dari pusat biaya penelitian. Clayton Vernon tidak lagi dengan kelompok penelitian menghapus muatan lim / lim / excel dan limnya dari pusat biaya penelitian Brad Amoine tidak lagi dengan Enron menghapus muatan lim / lim / excel dan lim dari pusat biaya penelitian Shalesh Ganjoo tidak lagi Dengan kelompok penelitian menghapus biaya lim dan limnya dari pusat biaya penelitian, saya harap ini tidak terlalu membingungkan! mohon saran . terima kasih ! Shirley Crenshaw"
ham,"Harga gas Vince - 1. Kita dapat mendeteksi ""penimbunan"" kapasitas pipa sebagai basis tinggi terhadap aliran masuk yang sebenarnya. 2. Kita dapat mendeteksi ""kekuatan pasar"" dengan memisahkan penjual dari pembeli, membedakan antara ""biaya"" fisik dalam gas untuk menjalankan generator dan biaya transmisi dalam dolar, i. e. dasarnya. 3. (Seperti yang Anda catat) Kami dapat mendeteksi ""penyimpanan"" sebagai perbedaan antara aliran masuk dan konsumsi. Tampaknya bagi saya ada dua rangkaian waktu yang diperlukan untuk model harga gas langsung: laju aliran pada interkoneksi (dari telemetri) dan harga spot -market. Ada peningkatan dasar yang mencerminkan perusahaan pipa yang memonopoli kapasitas, serta penimbunan kapasitas berdasarkan kontrak. Dinamika harga gas mencerminkan perubahan permintaan konsumsi karena perubahan harapan untuk cuaca, serta dampaknya pada dua perilaku yang sangat strategis: menimbun kapasitas pipa dan penyimpanan gas. Kita dapat ""mengkalibrasi"" elastisitas harga permintaan untuk konsumsi dan penyimpanan, dan elastisitas harga permintaan untuk transmisi, serta tingkat penimbunan, dari dua set angka yang disebutkan: aliran dan harga. Yang perlu dipahami oleh pedagang adalah insentif, dan disinsentif, untuk penyimpanan dan kapasitas - penimbunan, dalam hal harga yang dikalibrasi - elastisitas, dan masing -masing adalah - jika opsi panggilan eksotis di hub konsumsi. Akhirnya, aliran ""dijelaskan"" oleh model, dan dapat diperhitungkan dari harga jika perlu, menghasilkan model stokastik murni dari basis dalam hal cuaca. Saya percaya masalahnya cukup dapat ditelusuri, dan saya ingin melanjutkan dengan model. Clayton"
ham,"Entouch Newsletter Business Sorot perdagangan cuaca Meja cuaca menutup kerah presipitasi 3 tahun dengan pembayaran terkait dengan harga gas alam. Lindung nilai transaksi termasuk opsi Asia dari pasar gas, lantai curah hujan dari pasar cuaca, dan asuransi curah hujan dari pasar asuransi. Delapan perusahaan terlibat dalam transaksi termasuk perusahaan Enron berikut: EGM, ENA, Enron RE, dan RMT. Seiring dengan lindung nilai, hasil akhir dari transaksi adalah opsi panggilan curah hujan 3 - tahun yang murah dan opsi panggilan gas alam yang bergantung pada curah hujan untuk meja cuaca. Houston Pipe Line Company pada hari Kamis, 11 Januari, American Electric Power (NYSE: AEP) mengumumkan bahwa mereka telah melaksanakan perjanjian definitif di mana AEP Energy Services Gas Holding Co. , anak perusahaan yang sepenuhnya dimiliki AEP, akan memperoleh stok Houston Pipe Line Co. dari Enron Corp. Termasuk dalam perjanjian ini adalah semua aset pipa HPL, serta sewa operasi 30 tahun untuk fasilitas penyimpanan bammel, Houston Loop dan Texas City Loop. Dalam berita ""Enron, dengan kata lain, adalah perusahaan perdagangan terbesar, paling buruk, dan pengalamannya di planet ini, dan pengalamannya memungkiri gagasan bahwa inovasi tidak mungkin dalam organisasi besar."" - - Ecompany Now, Januari / Februari 2001. Brown Bag Tandai Kalender Makan Siang Anda Sekarang untuk Brown Bag mendatang yang menampilkan Gary Taylor, Manajer dalam Perdagangan Cuaca. Dia akan menyajikan tinjauan umum tentang pasar manajemen risiko cuaca. Ini, Kamis berikutnya, 18 Januari, 11: 30 - 12: 30 malam, dalam 5 C 2. RSVP hari ini ke ext. 5 - 7352. Nuggets & Notes ""Apa yang saya lewatkan ?!"" - Mike Bradley, Wakil Presiden / Perdagangan Ekuitas - EGM ""Lakukan Sesuatu!"" - David Vitrella, Manajer / Perdagangan Ekuitas - EGM ""Kami mungkin tidak melakukan perdagangan paling enrononline, tetapi kami melakukannya ""Larry Gagliardi, Direktur / Produk Minyak terbesar - EGM & kami telah menyelesaikan transisi yang efisien dan sukses dari outsourcing energi ke baja. Tentu saja, seperti yang biasa dikatakan ayah saya, + Bicara Murah, membutuhkan uang untuk membeli wiski. , pada tahun 2001, kami akan membiarkan kinerja P&L kami melakukan sebagian besar pembicaraan. 8 - Tim Battaglia, Wakil Presiden / Originasi Baja - EIM Selamat kepada William Stuart, manajer dalam perdagangan mata uang dan Charla Stuart, manajer hubungan masyarakat. Mereka adalah orang tua yang bangga dari Aaron Myles Stuart, yang lahir 9 Januari dan beratnya 7. 11 lbs. Sean Keenan, rekan di EIM, dan istri, Katherine, adalah orang tua yang bangga dari William Patrick, yang lahir 1 Januari dan beratnya 6. 4 lbs. Carlos Ruiz, rekan di EIM, dan istri, Maria, bersemangat untuk mengumumkan kedatangan bayi laki -laki baru mereka. Cristobal Ruiz lahir pada 8 Januari dan beratnya 7 lbs. welcome  new hires  ena - thomas barkley , rakesh bharati , delmar davis , andrew edison , brendan  fitzsimmons , patricia goode , michelle huber , ken lewchuk , wykena lipscomb ,  albert meyers , stacie mouton , victor munoz , wichai narongwanich , christopher  ordway , brent johnston , Michael Law, Michelle Wells, Peter Piorecki, EIM) Jill Lafave Hal -Hal Hukum Informasi yang terkandung dalam buletin ini bersifat rahasia dan berpemilik untuk Enron Corp. dan anak perusahaannya. Ini dimaksudkan untuk penggunaan internal saja dan tidak boleh diungkapkan."
ham,"1 kandidat dan 2 magang hi vince dan molly. Di sini terlampir adalah salah satu kandidat yang sangat tertarik untuk mengirim profilnya ke Vince. . . Dia akan bepergian ke NY dari Inggris segera selama 2 minggu. Dia secara khusus meminta mitra saya di Robertwalters di Inggris untuk menyelidiki Enron melalui hubungan baru saya dengan kalian. Dia akan menjadi Howard Haughton, terpasang di bawah (CV). 2 resume lainnya adalah murid saya di University of Michigan. Howard Lin menerima 4. 0 /4. 0 untuk masa jabatan terakhirnya dan akan bersedia melakukan apa pun untuk magang di Enron untuk Juni - Agustus. Saya memiliki fotonya juga. Yang kedua dinyanyikan, mereka adalah teman. Howy akan dilakukan pada Mei 2001 dan dinyanyikan pada Mei 2002. Mereka adalah pekerja magang favorit saya dan saya berharap mereka dapat dibudidayakan ke budaya Enron tanpa biaya nyata bagi Anda (""tes dorongan sebelum komitmen. Saya telah setuju untuk mewakili mereka dan akan mengambil kepemilikan, karena mereka menjadi kandidat lulusan setelah menyelesaikan gelar mereka Saya berharap lampiran ini dapat mewakili nilai dan komitmen saya terhadap kualitas bakat untuk Enron. Terima kasih atas penerimaan Anda. Salam hangat untuk akhir pekan. Jeff * Dapatkan email online yang aman di http: / / www. Ziplip. Com / * - 00343938 Alec. Doc - Sungvince. Doc - Howardagent 9498132241. Doc - Howardlin. GIF"
ham,"Re: ECI ID untuk Stinson Steve - Bisakah Anda meningkatkan per percakapan kami, terima kasih Paula - - - - - - - - - - - - - - - - - - - - - - diteruskan oleh Paula Corey / Enron Communications pada 01 / 21 /2000 08: 35 AM - - - - - - - - - - - - - - - - - - - - - - - - - - - - - Stinson Gibner @ ect 01/21 / 2000 08: 09 AM ke: Timothy Morita - McVey / Enron Communications @ Enron Communications @ Enron CC: Paula Corey / Enron Communications @ Enron Communications, Jean Mrha / Enron Communications @ Enron Communications Subjek: Re: ECI ID untuk Stinson Timothy: Saya masih punya masalah. Ketika saya berada di jaringan ECI saya tidak dapat menerima email, dan, lebih buruk lagi, saya bahkan tidak dapat mengirim email. Ini bukan situasi yang bisa diterima. Saya perlu memiliki akun email yang berfungsi penuh di sisi ECI serta sisi ENA. Jangan memberi tahu saya bahwa itu bertentangan dengan kebijakan karena saya tahu bahwa Ravi Thuraisingham telah didirikan dengan cara ini selama berbulan -bulan. Saya tidak peduli jika surat dari satu jaringan diteruskan ke yang lain karena saya akan memiliki akses di Houston ke keduanya, tetapi saya sudah dapat melihat bahwa saya perlu memiliki akun fungsional di kedua sisi, atau itu akan menjadi duri terus -menerus di saya sisi saat bepergian ke Portland, dll. . . Sekali lagi terima kasih atas bantuan Anda untuk mengatur ini dengan benar, - - Stinson Gibner x 34748 dari: Timothy Morita - McVey @ Enron Communications pada 01/19/2000 10: 20 pagi PST ke: Stinson Gibner / Hou / ect @ ect @ enron CC: Subjek: Re: ECI ID Terima kasih Stinson, itu seharusnya memberi saya apa yang saya butuhkan. Saya mengerti bahwa Anda akan memiliki dua catatan ID dengan surat ECI yang diteruskan ke alamat ""Stinson Gibner / Hou / ect @ ect @ enron"" Anda. Saya harus dapat menyelesaikan ini hari ini (hari ini) terima kasih, Timothy Morita - Administrator Catatan Lotus McVey Enron Communications, Inc. 503. 886. 0390 Timothy _ Morita - McVey @ Enron. Net Stinson Gibner @ ECT 01/19 / 00 09: 07 AM ke: Timothy Morita - McVey / Enron Communications @ Enron Communications CC: Subjek: ECI ID Saya harus menuliskan nomor telepon Anda secara tidak benar, itu tidak berfungsi. Mengenai ID pengguna saya di jaringan ECI, saya akan diatur dengan cara yang sama seperti Ravi Thuraisingham dengan ID di ENA dan ECI Networks. Saya di Corp. Kelompok Penelitian Tetapi saya menghabiskan sekitar 80 % dari waktu saya untuk mendukung ECI di bidang perdagangan dan asal. Jangan ragu untuk menghubungi saya jika Anda memerlukan info lebih lanjut. - - Stinson Houston x 34748"
ham,"Re: Wawancara telepon dengan kelompok riset FYI: Praveen akan tersedia pada hari Kamis, 4 Mei pukul 10: 00 waktu Houston. Hubungi dia di 301 /422 - 0889. terima kasih ! - - - - - - - - - - - - - - - - ' - - - - - - - - - - - - - - - - ' Crenshaw @ Enron. Com CC: Subjek: Re: Wawancara telepon dengan kelompok penelitian Dear MS. Crenshaw, pewawancara dapat menghubungi saya di (301) 422 0889. Harap beri tahu mereka sesuai. Terima kasih telah menyiapkan wawancara. Salam, Praveen Mellacheruvu. Pada Thu, 27 Apr 2000 Shirley. Crenshaw @ Enron. com menulis: >> praveen: >> Saya telah menjadwalkan panggilan konferensi untuk Kamis, 4 Mei pukul 11: 00 (EST)> 10: 00 (Tengah). Akan lebih baik jika mereka bisa menelepon Anda. Tolong le saya> tahu> nomor berapa Anda dapat dihubungi. >> Jika ini tidak semuanya, tolong beri tahu saya. >> Terima kasih dan semoga harimu menyenangkan! >> Shirley Crenshaw >>"
ham,"Dikoreksi: Pembaruan baru pada model PPI untuk buku inflasi sayang semua, saya menindaklanjuti saran pada panggilan konferensi sebagai berikut: - 1) Sayangnya Gunakan lebih sedikit, menendang hanya tahun 1990 membuat persamaan keseluruhan jauh lebih tidak kuat, pada kenyataannya secara dramatis Jadi, dan dengan demikian menghilangkan kemungkinan menggunakan lebih sedikit data. Model yang diuji adalah RPI (Bulan + 15) PPI Pre -empts gerakan dalam RPI sekitar 8 bulan. Besarnya osilasi juga berkurang. Ini menunjukkan bahwa jika kami memiliki lebih banyak detail dalam kurva maju RPI kami, maka model PPI akan mencerminkan puncak dan punuk itu secara memadai. Karena itu, kesimpulan saya mengusulkan agar kami menggunakan model yang menggabungkan RPI, RPI [T + 15] dan penyimpangan minyak mentah Brent dari rata -rata jangka panjang. Model baru diplot di bawah dalam Burgundy dan dapat dibandingkan dengan PPI lama yang digambarkan dengan warna biru. Model baru mencapai dua tujuan utama dari kurva PPI: ini secara signifikan lebih kuat dan stabil daripada yang ada, dan itu jauh lebih sensitif terhadap koefisien input, yang mengakibatkan kita memiliki kepercayaan yang lebih besar pada p bulanan kita, itu ditemukan, itu ditemukan, itu ditemukan, itu ditemukan, itu ditemukan, itu ditemukan, itu ditemukan. Penyimpangan minyak mentah Brent yang bertanggal dari rata -rata jangka panjang $ 18. 80 adalah bentuk terbaik dari variabel untuk digunakan (untuk prediksi kurva maju Brent yang diproduksi oleh kelompok produk global digunakan). Tiga persamaan baru yang dikembangkan adalah: - PLLU (t) = a. RPI (T) + b. RPI (t + n) + c. (DatedBrentCrude - 18. 8) + konstan, di mana n adalah 14, 15 atau 16 [kurva kemerahan] r - kuadrat sekitar 0. 49 F - Stat kira -kira 32 Bagan di bawah ini menunjukkan apa yang akan diberikan kurva PLLU yang diproyeksikan kami, dan juga tiga hubungan terbaik dari sebelumnya yang didasarkan pada RPI saat ini dan di masa depan: PLLU (t) = a. RPI (T) + b. RPI (T + N) + konstanta, di mana n adalah 14, 15 atau 16 [kurva kehijauan] r - kuadrat sekitar 0. 47 F - Stat kira -kira 45 Perbandingan model seperti yang Anda lihat, kedua persamaannya berbeda dalam jangka waktu yang sangat pendek dan sangat panjang; Dimasukkannya penyimpangan minyak mentah Brent menyebabkan prediksi jangka pendek 3. 0 % hingga 3. 2 % selama enam bulan ke depan. Kurva kehijauan memprediksi PLLU dalam kisaran 2. 5 % hingga 2. 8 % selama enam bulan ke depan. Kurva kemudian sangat mirip sampai 2009, ketika model termasuk pecah mentah - pergi ke sisi atas, relatif terhadap kurva RPI yang jatuh. Model ini didasarkan murni pada pelukan RPI kurva RPI jauh lebih dekat dalam jangka panjang. Ini hanya penting sejauh kita memiliki posisi besar di luar tahun 2009 (yang kita tidak). Saran apa yang bisa bermanfaat sekarang adalah model yang berbeda - yang dirancang untuk meramalkan hanya 3 bulan ke depan, menggunakan istilah kesalahan regresif atau regresif atau regresif. Model ini akan jauh lebih akurat dalam waktu dekat, dan kami dapat memasukkan informasi ini ke bagian depan model jangka panjang ini. Ini mungkin berguna, terlepas dari kenyataan bahwa sebagian besar paparan kami adalah di masa depan ember. Kembali - Menguji semua model memberikan kinerja visual dan statistik yang serupa di atas sampel data yang digunakan (terutama berdasarkan ekonomi ""Paradigma Baru"" tahun 1990). Semoga kita bisa membahas hal -hal ini dan poin -poin lainnya nanti dalam konferensi tele; Ide -ide Anda tentang ini akan dihargai. Salam, Anjam X 35383"
ham,"Re: Program Eksekutif tentang Pemodelan Risiko Kredit Tanya, tolong, minta dia membuat pengaturan. Vince Tanya Tamarchenko 05/25/2210 11: 19 pagi untuk: Vince J Kaminski / Hou / ect @ ect CC: Subjek: Re: Program Eksekutif tentang Pemodelan Risiko Kredit Ya, saya pikir ini berguna bagi Vincent untuk menghadiri program. Tanya. Vince J Kaminski 05/22 / 2000 09: 50 pagi untuk: Tanya Tamarchenko / Hou / ect @ ect CC: Subjek: Program Eksekutif tentang Pemodelan Risiko Kredit Tanya, pemikiran lain. Haruskah Vincent juga pergi? Vince - - - - - - - - - - - - - - - - - - - - - - - - diteruskan oleh Vince J Kaminski / Hou / ect pada 05/22 / 2000 09: 52 AM - - - - - - - - - - - - - - - - - - - - - - - - - ' Modeling FYI Vince - - - - - - - - - - - - - - - - - - - - - - - - diteruskan oleh Vince J Kaminski / Hou / ect pada 05/22 / 2000 08: 12 pagi - - - - - - - - - - - - - - - - - - - - - - - - - - - ' ""CC: (BCC: Vince J Kaminski / Hou / ECT) Subjek: Program Eksekutif tentang Pemodelan Risiko Kredit Subjek: Pengumuman: Program Eksekutif Pemodelan Risiko Kredit Model risiko kredit untuk lembaga keuangan 15 - 20 Oktober 2000 di Stanford University Business School Risiko Sekolah Bisnis Stanford University Business School Stanford University Business School di Stanford Business School di Stanford Business School di Stanford Business Schools Risiko Stanford Business School di Stanford Business School Risiko Sekolah Bisnis Stanford University Business School 200 Spesialis Manajemen, Profesor Sekolah Bisnis Stanford Keuangan Darrell Duffie dan Kenneth Singleton akan mengulangi program eksekutif mereka yang sukses tentang harga risiko kredit dan manajemen risiko untuk lembaga keuangan. Kursus ini dibuat untuk manajer risiko, staf peneliti, dan pedagang dengan tanggung jawab untuk risiko kredit atau produk terkait kredit, termasuk portofolio obligasi dan pinjaman, portofolio derivatif OTC, dan derivatif kredit. Program ini meliputi: * Model penilaian untuk obligasi yang dapat dibiati, derivatif OTC, dan derivatif kredit, dengan aplikasi empiris untuk pasar perusahaan dan berdaulat * penilaian empiris dan teoritis model saat ini untuk mengukur risiko kredit, dengan korelasi, untuk portofolio * Kekuatan dan batasan saat ini Praktek dalam Pengukuran Risiko Kredit * Masalah Praktis dalam Menerapkan Pemodelan Kredit dan Sistem Risiko * Estimasi probabilitas default dan transisi, dan korelasi antara risiko default perusahaan publik, dari Formulir Aplikasi Data Historis: Pemodelan Risiko Kredit untuk Lembaga Keuangan Stanford, Oktober 15 - 20, 2000 Formulir ini dapat diisi dan dikembalikan melalui email, atau dapat dicetak dan dikirim melalui faks ke: Stanford GSB Program Pendidikan Eksekutif Nomor Faks: 650 723 3950 Anda juga dapat mengajukan dan melihat informasi yang lebih rinci dengan mengunjungi situs web kami di: www. GSB. Stanford. Aplikasi EDU / EXED / CRM akan diakui setelah diterimanya. Jika Anda belum menerima pengakuan dalam waktu dua minggu, silakan hubungi kami. Harap selesaikan semua bagian. Semua informasi dirahasiakan secara ketat. Nama: Letakkan X di sampingnya, tolong: Pria: Wanita: Kewarganegaraan: Judul Pekerjaan: Perusahaan: Aktivitas Utama Perusahaan Anda: Alamat Surat Bisnis: Telepon Bisnis (Semua Kode Mohon): Bisnis Faks: Email Alamat: Rumah Alamat: Beranda Telepon: Nama Panggilan untuk Lencana Identifikasi: Nama Kontak Darurat: Darurat Kontak Telepon: Judul Orang yang Anda Laporkan: Tanggung Jawab dan Pengalaman Pekerjaan Anda Terkait dengan Kursus Ini: (Berikan ringkasan pekerjaan singkat di sini, atau lampirkan dan kirim ringkasan biografi yang berisi yang berisi biografi informasi yang relevan dengan tujuan dan kualifikasi Anda untuk kursus.) Pendidikan perguruan tinggi atau universitas: Harap daftar, berdasarkan gelar: Gelar Tanggal Perguruan Tinggi atau Universitas Diberikan _ _ _ _ _ _ _ _ _ _ _ _ _ _ _ _ _ _ _ _ _ _ _ _ _ _ _ _ _ _ _ _ _ _ _ _  _ _ _ _ _ _ _ _ _ _ _ _ _ _ _ _ _ _ _ _ _ _ _ _ _ _ _ _ _ _ _ _ _ _ _  Tolong Catatan: Semua kelas dan diskusi dilakukan dalam bahasa Inggris. Untuk memesan tempat dalam kursus, biaya program US $ 7, 500 dijadwalkan setelah pemberitahuan penerimaan. Biaya ini mencakup biaya kuliah, kamar tunggal, makanan, dan semua bahan kursus (termasuk naskah eksklusif tentang harga dan pengukuran risiko kredit). Kebijakan pengembalian dana kami tersedia berdasarkan permintaan. Harap sebutkan sumber dari mana Anda mendengar tentang kursus ini: Nama dan Tanggal: Jika Anda ingin brosur dan formulir aplikasi hard copy, silakan hubungi: (Pastikan untuk menyertakan alamat surat Anda) Shelby m. Kashiwamura Program Manager Eksekutif Pendidikan Stanford Sekolah Pascasarjana Bisnis (650) 723 - 9356 Telepon (650) 723 - 3950 Faks Kashiwamura _ Shelby @ GSB. Stanford. edu"
ham,"Re: Lanjutkan Vince, Paulo dan saya berbicara dengan MR. Zhang di telepon. Dia saat ini dengan Kock Equity Trading dan formal perdagangan daya pendukung kuant. Pengalaman pasar kekuasaannya bisa sangat berharga bagi kami. Saya akan merekomendasikan untuk membawanya untuk wawancara di situs. Karena kami mendapatkan proyek listrik yang lebih menuntut, Alex membutuhkan bantuan. Zimin Vince J Kaminski 03/14 / 2001 10: 06 AM ke: Zimin lu / hou / ect @ ect CC: Subjek: Resume - - - - - - - - - - - - - - - - - - - - - - - - diteruskan oleh Vince J Kaminski / Hou / ECT pada 03/14 / 2001 10: 07 AM - - - - - - - - - - - - - - - - - - - - - - - - - - - Marshall Brown pada 03 / 09 /2001 07: 46: 22 pagi untuk: Vince Kaminski CC: Subjek: Lanjutkan Vince, apa kabar. Kandidat ini akan tertarik pada posisi apa pun di grup Anda. Salam, Wakil Presiden Marshall Brown Robert Walters Associates Telp: (212) 704 - 0596 Faks: (212) 704 - 4312 Mailto: Marshall. Brown @ Robertwalters. com http: / / www. Robertwalters. COM> PERHATIAN: Surat elektronik yang dikirim melalui internet tidak aman dan dapat dicegat oleh pihak ketiga. Email ini dan file apa pun yang ditransmisikannya bersifat rahasia dan dimaksudkan semata -mata untuk penggunaan individu atau entitas kepada siapa mereka ditangani. Jika Anda telah menerima email ini dalam kesalahan, harap beri tahu System Manager. Catatan kaki ini juga mengkonfirmasi bahwa pesan email ini telah disapu oleh Mimesweeper untuk keberadaan virus komputer. - zhan _ ren. dokter"
ham,"Re: Pemasangan program baru Saya memberi Anda hak admin lokal di laptop Anda kemarin. Yang harus Anda lakukan adalah masuk ke laptop menggunakan akun mesin lokal. ID dan kata sandi sama dengan Login Corp Anda sekarang. Kata sandi pada akun lokal tidak akan pernah berubah. Jika Anda punya waktu satu menit hari ini, saya akan menunjukkan caranya. Beri tahu saya waktu. Spesialis Dukungan Desktop Phillip Randle X 39665 - - - - - Pesan Asli - - - - - Dari: Kaminski, Vince Dikirim: Selasa, 01 Mei 2001 5: 17 PM ke: Randle, Phillip c. CC: Kaminski, Vince Subjek: Pemasangan Program Baru Phillip, Bagaimana Saya Bisa Menginstal Program Baru di Laptop Saya, Tanpa Hak Hak Hak Hak Hak Hak Administrator? Salah satu contoh: Ketika saya bepergian, saya menggunakan AOL untuk mendapatkan akses ke surat saya dan berkomunikasi dengan kantor. Windows 2000 tidak memungkinkan saya untuk menginstalnya. Juga, saya memiliki perangkat lunak statistik pribadi yang sering saya gunakan ketika saya bekerja di malam hari selama perjalanan bisnis. Saya ingin memuatnya juga. Vince"
ham,"Re: Wawancara telepon dengan Enron Corp. Kelompok Penelitian Karena beberapa dari Anda akan keluar pada tanggal 6, kami telah memindahkan wawancara telepon untuk Marshall Yan ke Selasa, tanggal 5 pada pukul 1:00 siang. terima kasih ! Shirley - - - - - - - - - - - - - - - - - - - - - - - - diteruskan oleh Shirley Crenshaw / Hou / ECT pada 11/29/290 03: 22 PM - - - - - - - - - - - - - - - - - - - - - - - - - - - - - - ""Jingming 'Marshall' Yan"" pada 11/29 / 2000 03: 16: 16 PM ke: Shirley. Crenshaw @ Enron. Com CC: Subjek: Re: Wawancara telepon dengan Enron Corp. Kelompok Penelitian MS. Crenshaw, Selasa ke -5 baik -baik saja dengan saya. Aku akan berbicara denganmu kalau begitu. Marshall on Wed, 29 Nov 2000 Shirley. Crenshaw @ Enron. com menulis: >> Hai Marshall: >> Saya punya berita yang tidak menguntungkan. Beberapa pewawancara akan> bepergian> minggu depan dan mereka harus menjadwalkan pengembalian mereka pada hari Rabu> ke -6. Apakah Anda dapat melakukan wawancara telepon pada hari Selasa, sebagai gantinya> ke -5? waktu yang sama 1: 00 pm waktu Houston. >> Tolong beri tahu saya sesegera mungkin. >> Maaf atas perubahannya! >> Salam, >> Shirley Crenshaw >>>>>>>> ""Jingming 'Marshall' Yan"" pada 11/28/2000 11: 30: 20 PM >> ke: Shirley. Crenshaw @ Enron. com> cc:> Subjek: Re: Wawancara telepon dengan Enron Corp. Grup Penelitian >> ms. Crenshaw, >> Terima kasih atas pengaturannya. Aku akan berbicara denganmu kalau begitu. >> Marshall >> di Sel, 28 Nov 2000 Shirley. Crenshaw @ Enron. com menulis: >>>> marshall: >>>> Terima kasih telah merespons dengan cepat. Saya telah menjadwalkan yang berikut >> Wawancara: >>>> Rabu, 6 Desember - 1: 00 PM Waktu Houston. Ini akan berlangsung sekitar >> 1 jam. Kami akan menghubungi Anda di (605) 497 - 4045 kecuali diinstruksikan sebaliknya. >>> Jika Anda memiliki pertanyaan, jangan ragu untuk menghubungi saya di> 713 /853 - 5290. >>>> Salam, >>>> Shirley Crenshaw >>>>>>>>>>>>>>>>>> "" >>>> Untuk: Shirley. Crenshaw @ Enron. com >> CC: Vince. J . Kaminski @ Enron. com >> Subjek: Re: Wawancara telepon dengan Enron Corp. Grup Penelitian >>>>> MS. Crenshaw, >>>> Terima kasih banyak atas pesannya. Saya sangat tertarik dengan peluang >> untuk berbicara dengan personel dari kelompok penelitian di Enron. > Antara >> Dua hari yang Anda sarankan, saya lebih suka Rabu 12/6. Mempertimbangkan >> dua - waktu perbedaan waktu antara California dan Texas, 11: 00 Pacific >> Waktu (1: 00 PM waktu Anda) tampaknya menjadi slot yang bagus. Namun, saya paling terbuka >> hari ini pada 12/6 jadi jika beberapa slot waktu lain lebih disukai di ujung Anda, >> Tolong beri tahu saya. >>>> Terima kasih lagi. Saya berharap dapat berbicara dengan Anda dan >> rekan kerja Anda. >>>> Jingming >>>> di Sel, 28 Nov 2000 Shirley. Crenshaw @ Enron. com menulis: >>>> mood sore jingming: >>>>>> Profesor Wolak meneruskan resume Anda ke grup riset, dan >> mereka ingin melakukan wawancara telepon dengan Anda, kadang -kadang> berikutnya >>> minggu , sesuai keinginan Anda. Hari -hari terbaik adalah Selasa, 12/5 atau >>> Rabu, 12/6. >>>>> Mohon beri tahu saya hari apa dan jam berapa yang terbaik untuk Anda dan >> mereka akan menelepon Anda. Beri tahu saya nomor telepon yang Anda inginkan> >> Dihubungi di. >>>>> Pewawancara adalah: >>>>>> Direktur Pelaksana Vince Kaminski dan Kepala Penelitian >>> Wakil Presiden Vasant Shanbhogue, Penelitian >> Manajer Lance Cunningham, Penelitian >> Manajer Alex Huang, Penelitian >>>>>> Berharap untuk mendengar dari Anda. >>>>> Salam, >>>>>> Shirley Crenshaw >>> Koordinator Administratif >>> Grup Penelitian Enron. > > > 713 - 853 - 5290  > > >  > > >  > > >  > >  > > - - - - - - - - - - - - - - - - - - - - - - - - - - - - - - - - - - - - - - - - - - - - - - - - - - - - - - - - - - - - >> Jingming ""Marshall"" Yan Jmyan @ Leland. Stanford. edu >> Departemen Ekonomi (650) 497 - 4045 (h) >> Universitas Stanford (650) 725 - 8914 (o) >> Stanford, CA 94305 358 C, Ekonomi Bldg >> - - - - - - - - - - - - - - - - - - - - - - - - - - - - - - - - - - - - - - - - - - - - - - - - - - - - - - - - - - - - - - - - - -> > Jika seseorang berusaha untuk bertindak secara saleh dan mencapainya, lalu apa >> di sana untuk dikembalikan? - - Konfusius >>> _? oo? ? OOO? ? t xo -? ? - -? ? > >>>>>>>>>>>>>>> - - - - - - - - - - - - - - - - - - - - - - - - - - - - - - - - - - - - - - - - - - - - - - - - - - - - - - - - - - - - - - - - - - - - - - - - - - - - - - - - - - - - - - - - - - - - - - - - - - - - - - - - - - - - - - - - - - - - - - - - - - - - - - - - - - - - - - - - - - - - - - - - - - - - - - - - - - - - - - - - - - -> Jingming ""Marshall"" Yan Jmyan @ Leland. Stanford. Edu> Departemen Ekonomi (650) 497 - 4045 (h)> Universitas Stanford (650) 725 - 8914 (o)> Stanford, CA 94305 358 C, Ekonomi Bldg> - - - - - - - - - - - - - - - - - - - - - - - - - - - - - - - - - - - - - - - - - - - - - - - - - - - - - - - - - - - - - - - -> Jika seseorang mencari untuk Bertindak secara saleh dan mencapainya, lalu apa> di sana untuk mengulangi? - - Konfusius >> _? oo? ? OOO? ? t xo -? ? - -? ? >>>>>> Jingming ""Marshall"" yan jmyan @ leland. Stanford. EDU Departemen Ekonomi (650) 497 - 4045 (h) Universitas Stanford (650) 725 - 8914 (o) Stanford, CA 94305 358 C, Ekonomi Bldg Jika seseorang berusaha untuk bertindak secara waras dan mencapainya, lalu apa yang ada untuk dikunjungi kembali ? - - Konfusius _? oo? ? OOO? ? t xo -? ? - -? ?"
ham,"Re: Carnegie mewawancarai Super Friday Vince, terima kasih banyak tetapi saya akhirnya menemukan pewawancara untuk semua slot waktu. Paulo telah mengajukan diri untuk wawancara selama 1 jam, terima kasih telah menyarankan namanya. Kristin Vince J Kaminski @ ECT 01/17 / 2001 02: 00 PM ke: Kristin Gandy / Na / Enron @ Enron CC: Kevin Kindall / Corp / Enron @ Enron, Alex Huang / Corp / Enron @ Enron, Paulo Issler / Hou / ect @ ect, Bob Lee / Na / Enron @ Enron, Vince J Kaminski / Hou / ect @ ECT Subjek: Re: Carnegie Wawancara Super Friday Kristin, saya akan terikat dengan Wharton Group sepanjang hari Jumat. Saya meneruskan pesan ke beberapa anggota kelompok penelitian. Saya berharap beberapa dari mereka akan tersedia. Vince p. S . ke kelompok penelitian. Bisakah Anda, tolong bantu Kristin? Enron North America Corp. Dari: Kristin Gandy @ Enron 01/16 / 2001 02: 03 PM ke: Alyse Herasimchuk / Na / Enron @ Enron CC: Vince J Kaminski / Hou / ECT @ ECT, Ann Korioth / Enron Communications @ Enron Communications, Terry Yamada / Corp / enron @ enron, traci warner / enron communications @ enron communications, erik simpson / hou / ect @ ect, laura howenstine / enron communications @ enron communications, sarah wesner / enron @ enronxgate subjek: re: Carnegie mewawancarai super Friday oke Selasa dan kami telah mendengar dari No Relawan. Kami hanya perlu 30 menit dari waktu Anda. Apakah ada yang tersedia pada hari Jumat ini untuk wawancara? tolong bantu ! Kristin dari: Alyse Herasimchuk 01/12 / 2001 03: 55 PM ke: Vince J Kaminski / Hou / ect @ ect, Ann Korioth / Enron Communications @ Enron Communications, Terry Yamada / Corp / Enron @ Enron, Traci Warner / Enron Communications @ Enron Communications, Erik Simpson / Hou / ect @ ect, Laura Howenstine / Enron Communications @ Enron Communications, Sarah Wesner / Corp / Enron CC: Kristin Gandy / Na / Enron @ Enron Subjek: Carnegie Wawancara Super Jumat Kami memiliki satu kelompok kandidat terakhir terakhir Datang untuk wawancara babak final pada hari Jumat, 19 Januari. Kami membutuhkan pewawancara selama setengah hari (9: 00 hingga 11: 15 pagi). Harap beri tahu saya jika Anda dapat tersedia sepanjang pagi atau jam berapa Anda bisa tersedia: 9: 00 - 9: 30 9: 35 pagi - 10: 05 10: 10 pagi - 10: 40 10: 45 pagi - 11: 15 Saya menghargai bantuan apa pun yang dapat Anda tawarkan dalam mengirimkan nama untuk mereka yang mungkin dapat mewawancarai jika Anda tidak bisa. terima kasih ! Alyse Herasimchuk Program Associate / Analis Koordinator Perekrutan 57339"
ham,"Resume - Jeff Andrews Vince, terlampir adalah formulir evaluasi dan resume untuk wawancara Anda dengan Jeff Andrews sore ini jam 5 sore. Saya akan membawanya ke kantor Anda saat itu. Jeff sedang mewawancarai posisi penelitian dalam kelompok batubara. Silakan hubungi jika ada pertanyaan. Terima kasih Chris Williams Ena Staffing x 39866"
ham,"Re: Wawancara Telepon Hai Darlene: Vince Kaminski dan kelompok penelitian ingin membawa Todd Perry untuk wawancara. Mereka sudah memiliki ""wawancara telepon"" dan merasa seperti dia cocok di suatu tempat di kelompok penelitian. Salinan resume -nya terlampir. Dia akan bisa datang pada hari Jumat, 2 Juni. Silakan hubungi dia dan atur perjalanannya. Ketika ini selesai, hubungi saya dan kami akan mengatur jadwal wawancara. Pewawancara adalah: Vince Kaminski Stinson Gibner Krishna Krishnarao Grant Masson Zimin Lu Vasant Shanbhogue Jika Anda memiliki pertanyaan, silakan hubungi saya. terima kasih ! Shirley Todd a. Perry - Lanjutkan 2. Doc Todd a. Perry Departemen Keuangan 541. 346. 1341 (Voice) Lundquist College of Business 541. 346. 3341 (Faks) 1208 University of Oregon Eugene, atau 97403 - 1208 http: / / darkwing. uoregon. edu / ~ lancip"
ham,"Re: Kata Pengantar untuk buku Julie, tidak masalah. Ini panggilan Anda tetapi Chris juga harus disebut sebagai nomor satu. Vince ""Julie"" pada 08/03/2000 03: 06: 28 PM untuk: ""Vince J Kaminski"" CC: Subjek: Re: Kata Pengantar untuk Buku Vince, terima kasih untuk ini. ? ? ? Apakah Anda baik -baik saja dengan kami menggunakan nama Anda untuk ini? ? ? Julie - - - - - Pesan Asli - - - - - Dari: Vince J Kaminski ke: Julie @ Lacima. co. UK Kirim: Rabu, 02 Agustus 2000 2: 11 malam Subjek: Re: Kata Pengantar untuk Buku - - - - - - - - - - - - - - - - - - - - - diteruskan oleh Vince J Kaminski / Hou / dll di 08 /02 /2000 08: 16 pagi - - - - - - - - - - - - - - - - - - - - - - - - - - - - Vince J Kaminski 08 /02 /2000 08: 09 AM ke : ? ? ""Julie"" @ Enron CC :? ? Vince J Kaminski / hou / ect @ ect, hibah Masson / hou / ect @ ect subjek :? Re: Kata Pengantar untuk Buku? (Tautan Dokumen: Vince J Kaminski) Julie, Pendahuluannya terlihat bagus. Saya telah membuat beberapa perubahan kosmetik (kesalahan ketik dan infinitif split yang lewat). Anda dapat dengan aman mengabaikan sebagian besar dari mereka. Bahasa Inggris bahkan bukan bahasa kedua saya. Koreksi berwarna merah muda. Vince (lihat file terlampir: introo 802. Doc) ""Julie"" pada 08/01 / 2000 07: 43: 10 pagi untuk :? ? ""Vincejkaminski"" CC: Subjek :? Pendahuluan untuk buku Vince, semoga Anda baik -baik saja. Kami berbicara beberapa waktu lalu tentang siapa yang harus menulis pengantar untuk buku, dan? Anda dengan ramah menawarkan bahwa Anda akan menyediakan ini. apakah ini masih? mungkin ? Kami menyadari bahwa Anda sangat sibuk, jadi Chris dan Les pergi? di depan dan menulis sesuatu, yang di bawah ini, dan jika Anda ingin meninjau, mengubah atau? RE - tulis kata pengantar, itu akan sangat dihargai. biarkan aku tahu ? apa pendapatmu. Terima kasih, Julie (kami semakin dekat) Pendahuluan Salah satu tujuan utama kami? Menulis Derivatif Energi: Harga dan Manajemen Risiko telah dibawa? Bersama -sama karena banyak dari berbagai pendekatan untuk penetapan harga dan manajemen risiko? Derivatif Energi sebanyak mungkin, untuk membahas dalam - mendalam model, dan untuk menunjukkan caranya? Mereka saling berhubungan. di dalam ? Cara kami berharap dapat membantu pembaca untuk menganalisis berbagai model, harga lebar? Rentang turunan energi, atau untuk membangun sistem manajemen risiko yang menggunakan A? Kerangka Pemodelan yang Konsisten. Kami ? Percaya bahwa bagi para praktisi poin terakhir ini sangat penting dan kami melanjutkan? Untuk menekankan pada artikel dan presentasi kami, bahaya memiliki risiko yang cacat? Manajemen dan memberikan peluang arbitrase kepada pesaing Anda dengan menggunakan? AD - model hoc dan tidak konsisten untuk instrumen dan pasar yang berbeda (lihat juga orang lain yang mengusulkan model yang konsisten?). Namun, tidak? keinginan kami untuk berkonsentrasi pada satu model atau model tertentu, dengan pengecualian? yang lain karena kami percaya bahwa pilihan harus diistirahatkan dengan pengguna? (Meskipun mungkin akan jelas dari diskusi kami model yang kami sukai). Karena itu kami mencoba dan memberi? Sebagai akun yang jelas mungkin dari keuntungan dan kerugian dari semua? Model sehingga pembaca dapat membuat pilihan berdasarkan informasi tentang model yang? Yang paling sesuai dengan kebutuhan mereka. Untuk memenuhi tujuan kami? Buku dibagi menjadi 11 bab. ? Dalam Bab 1 kita memberikan gambaran tentang prinsip -prinsip dasar yang dibutuhkan? Model dan Derivatif Energi Harga yang akan mendukung sisa? buku . Selain memperkenalkan? Teknik -teknik yang mendasari kerangka pemodelan Black - Scholes yang kami uraikan? Teknik numerik dari pohon trinomial dan simulasi Monte Carlo? Harga turunan, yang digunakan di seluruh buku ini. Dalam Bab 2 kita membahas? Analisis harga energi spot. sebagai ? serta menganalisis pergerakan harga empiris, kami mengusulkan sejumlah proses? Itu dapat digunakan untuk memodelkan harga. ? Kami melihat proses sumur - geometris Brownian Gerakan dan juga? Berarti reversion, volatilitas stokastik dan proses lompat, mendiskusikan masing -masing dan? menunjukkan bagaimana mereka dapat disimulasikan dan parameternya diperkirakan. Bab 3, ditulis oleh Vince? Kaminski, Grant Masson dan Ronnie Chahal dari Enron Corp. , membahas volatilitas? Estimasi di pasar komoditas energi. ? Bab ini dibangun di atas yang sebelumnya. Ini memeriksa secara rinci metode ,? Kelebihan dan jebakan dari proses estimasi volatilitas dengan asumsi berbeda? Model penetapan harga yang diperkenalkan di Bab 2. ? Contoh dari pasar mentah, gas, dan listrik digunakan untuk menggambarkan? Aspek teknis dan interpretatif dari penghitungan volatilitas. Bab 4 memeriksa kurva maju? di pasar energi. meskipun ? Kurva seperti itu dipahami dengan baik dan lurus - ke depan dalam hal yang paling finansial? Pasar, kesulitan penyimpanan di banyak pasar energi menyebabkan kurang baik? kurva yang ditentukan. Di bab ini kami? Jelaskan batas harga ke depan untuk harga energi dan pembangunan ke depan? kurva dari instrumen pasar. Kami ? Garis besar tiga pendekatan utama yang telah diterapkan untuk membangun ke depan? kurva di pasar energi; Pendekatan arbitrase, pendekatan ekonometrik, dan? Menurunkan nilai analitik dengan memodelkan faktor stokastik yang mendasari. Bab 5 menyajikan gambaran umum? Struktur yang ditemukan di pasar turunan energi dan membahas penggunaannya. Contoh produk yang dianalisis dalam bab ini meliputi berbagai swap, topi, lantai dan kerah, serta swapsi energi, opsi majemuk, opsi Asia, opsi penghalang, opsi lookback, dan opsi tangga. Bab 6 menyelidiki lajang dan? Model multi -faktor harga spot energi dan harga beberapa standar? Derivatif Energi. Formulir Tertutup? Solusi untuk harga maju, volatilitas maju, dan harga opsi Eropa? Baik di tempat dan ke depan diturunkan dan disajikan untuk semua model? Bab ini termasuk tiga faktor, hasil kenyamanan stokastik dan model suku bunga. Bab 7 menunjukkan bagaimana harga? Opsi yang bergantung pada jalur dan gaya Amerika dapat dievaluasi untuk model? Bab 6 . Skema simulasi? Dikembangkan untuk evaluasi opsi gaya Eropa dan diterapkan pada varietas? opsi tergantung jalur. dalam urutan ? Untuk opsi harga yang menggabungkan peluang latihan awal, trinomial? Skema pohon dikembangkan. pohon ini? dibangun agar konsisten dengan kurva maju yang diamati dan dapat digunakan? Harga eksotis serta opsi gaya Eropa dan Amerika standar. Bab 8 menjelaskan metodologi? Untuk menilai opsi energi berdasarkan pemodelan seluruh pasar yang diamati? Kurva maju. Hasil Pendekatan? Dalam model multi -faktor yang mampu secara realistis menangkap evolusi berbagai kurva ke depan energi. ? Struktur volatilitas yang ditentukan pengguna bisa sangat umum? membentuk . Solusi Tertutup - Bentuk? dikembangkan untuk penetapan harga opsi standar Eropa, dan Monte Carlo yang efisien? Skema disajikan untuk penetapan harga pilihan eksotis. Bab ini ditutup dengan diskusi tentang penilaian opsi gaya Amerika. Bab 9 berfokus pada risiko? Manajemen posisi turunan energi. ? Dalam bab ini kita membahas manajemen risiko harga untuk institusi? Opsi perdagangan itu atau turunan lainnya dan siapa yang kemudian dihadapkan dengan masalah? mengelola risiko melalui waktu. ? Kita mulai dengan Delta Hedging portofolio yang berisi turunan dan tampilan? Di ekstensi ke lindung nilai gamma? mengilustrasikan teknik menggunakan kedua spot dan? Model Kurva Maju. umum ? Model yang disajikan dalam Bab 8 sangat cocok untuk lindung nilai multi -faktor A? Portofolio Derivatif Energi dan ini juga dibahas. Bab 10 memeriksa risiko utama? Konsep manajemen nilai di Risiko (VAR) diterapkan pada portofolio yang mengandung? Produk Derivatif Energi. setelah ? Membahas konsep ukuran, kita melihat bagaimana input kunci? (Volatilitas, kovarian, korelasi, dll) dapat diperkirakan. Kami kemudian membandingkan Mayor Fours? metodologi untuk menghitung var; Delta, Delta - Gamma, Simulasi Sejarah dan? Monte - Simulasi Carlo, menerapkan masing -masing ke portofolio energi yang sama? pilihan . Dalam bab ini kita juga? Lihatlah pengujian estimasi VAR untuk berbagai pasar energi yang mendasarinya? variabel. Akhirnya, di Bab 11 kita meninjau? Pendekatan pemodelan terhadap risiko kredit. ? Kami melihat secara rinci pada dua pendekatan yang sangat berbeda, Creditmetrics (J. P. Morgan (1997)) dan? CreditRisk + (Credit Suisse Financial? Products (1997)) untuk informasi terperinci mana yang tersedia untuk umum. Bersama -sama ini memberikan satu set yang luas? alat untuk mengukur risiko kredit. Kami menyajikan contoh numerik dari menerapkan teknik ini pada turunan energi. sebelum ? Kami mulai kami menekankan bahwa model dan metode yang kami sajikan dalam buku ini adalah alat? Mana yang harus digunakan dengan manfaat dari pemahaman tentang bagaimana kedua? alat ? ? dan pasar bekerja. ? Teknik yang kami gambarkan tentu tidak? Tongkat ajaib? Mana yang bisa dilambai? Data dan masalah manajemen risiko untuk memberikan solusi instan dan sempurna. Mengutip dari dokumen teknis Riskmetrics? ? Tidak ada jumlah analitik canggih yang akan menggantikan pengalaman dan penilaian profesional dalam mengelola risiko. ? . ? Namun, alat yang tepat, digunakan dengan benar membuat pekerjaan itu banyak? lebih mudah !"
ham,"Kunjungan saya Vince sayang, terima kasih atas panggilan telepon Anda pagi ini. Saya akan menelepon Mike malam ini, saya. e. Houston besok pagi. . . . . Melihat suhu dan anomali di atas CA, terlihat hangat untuk tahun ini (Desember), telah terjadi peningkatan dalam waktu malam t _ mnt, dan t _ max tetap pada level di atas rata -rata. Saya akan mulai menyiapkan model saya melalui CONUS minggu ini. Salam, Kristen"
ham,"Re: Bantuan pribadi terima kasih banyak. Saya melampirkan resume untuk ulasan Anda. - - - - - Pesan Asli - - - - - - Dari: Vince. J . Kaminski @ Enron. com [Mailto: Vince. J . Kaminski @ Enron. com] Dikirim: Senin, 07 Mei 2001 12: 08 PM ke: Anurag. saksena @ gmacrfc. Com CC: Vince. J . Kaminski @ Enron. Com Subjek: Re: Anurag bantuan pribadi, saya akan berbicara tentang Vikas kepada orang -orang IT kita. Bisakah Anda mengirimkan resume -nya? vince ""saksena, anurag"" pada 05/07 / 2001 10: 06: 54 pagi untuk: ""'vkamins @ ect. Enron. com'"" cc: subjek: bantuan pribadi vince, saya telah meninggalkan pesan suara kepada Anda dan akan Tunggu untuk berbicara dengan Anda secara pribadi. Saudaraku Vikas, yang sekarang berada di London, sedang mencoba beralih dari dunia konsultasi untuk bekerja untuk perusahaan tertentu. Selama beberapa bulan terakhir, saya telah mendengar tentang keberhasilan bisnis Enron On Line yang sangat cocok di bidang keahliannya. Saya bertanya -tanya apakah Anda tahu seseorang di London yang dapat ia ajak bicara mengenai peluang karier. Sejak saya berbicara dengan Anda terakhir, sejumlah hal telah berubah. Baru -baru ini, manadate saya diperluas untuk memasukkan memimpin biaya untuk mengembangkan fungsi manajemen risiko untuk bisnis domestik dan internasional untuk GMAC. Tak perlu dikatakan, ini menarik meskipun membuat hidup sedikit lebih sibuk dari biasanya. bicara denganmu nanti . Anurag 952 - 857 - 6133 - Resl. dokter"
ham,"Mark, silakan, periksa situs web berikut. Kami dapat memberi tahu studi dari orang ini. Vince"
ham,"Dari Enron India Newsdesk - Klip berita 4 Mei Vince / Stinson, beberapa artikel berita tentang India. Tampaknya DPC akan menghadiri pertemuan 11 Mei, tetapi tidak akan menghadirkan proposal apa pun. Mereka akan mengambil perwakilan dari sisi pemberi pinjaman, GE dan Bechtel, serta dari sisi pemasok LNG. Juga, nama telah dilemparkan sebagai orang yang mungkin mewakili pusat. Salam, Sandeep. - - - - - - - - - - - - - - - - ' - - - - - - - - - - - - - - - - ' Pembangunan) Subjek: Dari Enron India Newsdesk - klip berita 4 Mei The Economic Times Jumat, 04 Mei 2001, http: / / www. Ekonomi. com / hari ini / 04 Infrol. Saran panel HTM Godbole tidak dapat diterima: Enron, Girish Kuber - - - - - - - - - - - - - - - - - - - - - - - - - - - - - - - - - - artikel di atas juga muncul di Surat Kabar berikut: Standar Bisnis Jumat, 04 Mei 2001, Godbole PERSYECT OF REFERENSI TIDAK DITERIMA: DPC Hindustan Times Power Purchase Talks antara Pemerintah, Enron Falls Through - - - - - - - - - - - - - - - - - - - - - - - - - - - - - - - - - - - - - - - - - - - - - - - - - - - - - - - The Times of India Friday, 04 Mei 2001, http: / / www. waktu India . com / hari ini / 04 BUSI 2. HTM Enron Siap untuk ambil bagian dalam pembicaraan PPA, Nitin Yeshwantrao The Financial Express Jumat, 04 Mei 2001, http: / / www. FinancialExpress. com / fe 20010504 / ecol 0. Tim DPC HTML untuk muncul di hadapan Panel Godbole pada 11 Mei Artikel di atas juga muncul di surat kabar berikut: Mid Day Enron, Pemerintah Negara Bagian untuk bertemu minggu depan Businessline Hindu Jumat, 04 Mei 2001, http: / / www. Hindubusinessline. com / Stories / 140456 Uy. HTM Enron ingin penetapan ulang renegosiasi dijadwalkan ulang - - - - - - - - - - - - - - - - - - - - - - - - - - - - - - - - - - - Jumat sore, 4 Mei 2001, http: / / www. sore hari. com / tim Houston untuk bertemu Godbole - - - - - - - - - - - - - - - - - - - - - - - - - - - - - - - - - - - - Standar Bisnis Jumat, 04 Mei 2001, Salve May mewakili Panel Pusat Pembicaraan Enron - - - - - - - - - - - - - - - - - - - - - - - - - - - - - - - - - - - - Times of India Friday, Mei 04 Mei 04 , 2001, http: / / www. waktu India . com / hari ini / 04 BUSI 2. HTM Salve dapat mewakili Pusat Panel Bicara Enron - - - - - - - - - - - - - - - - - - - - - - - - - - - - - - - - - - - - Jumat perintis, 04 Mei 2001 , Enron Talks: Salve mungkin Govt Man - - - - - - - - - - - - - - - - - - - - - - - - - - - - - - - - - - - - Mid Day Jumat 4 Mei 2001, Tingkat Enron TERLALU TINGGI: MSEB - - - - - - - - - - - - - - - - - - - - - - - - - - - - - - - - - - - - The Economic Times, Jumat, Mei 04 Mei , 2001 Saran Panel Godbole tidak dapat diterima: Enron, Girish Kuber berharap bahwa Komite Godbole akan dapat menegosiasikan kembali proyek Dabhol Power yang dipromosikan oleh Mayor Energi AS Enron dapat berubah menjadi salah tempat. Jurusan Energi AS mengatakan bahwa Komite Godbole, saran tidak dapat diterima. Menanggapi kueri dari ET, perusahaan mengatakan dalam sebuah pernyataan bahwa ketentuan & yang diterbitkan dari laporan Godbole tidak mewakili dasar yang dapat diterima untuk diskusi lebih lanjut. 8 Pernyataan itu mengatakan bahwa mereka akan memenuhi komite minggu depan sebagai & masalah kesopanan 8. & Karena tujuan pertemuan kami adalah untuk mendengar komite dan memahami pemikiran mereka, kami tidak akan mengajukan proposal, 8 pernyataan itu mengatakan. Menurut sumber yang ditempatkan di dalam pemerintahan, perusahaan telah memberi tahu Panel Madhav Godbole bahwa itu akan bertemu pada 11 Mei. Laporan sebelumnya telah mengindikasikan bahwa diskusi dengan panel akan berlangsung pada 5 Mei. Menurut sumber, Enron akan memenuhi panel dengan perwakilan pemberi pinjaman dan pemegang sahamnya. Komite Godbole, yang mempelajari Perjanjian Pembelian Daya saat ini, telah menyerukan pembatalan struktur tarif ini, negosiasi ulang kontrak LNG dan pengiriman, penghapusan denominasi dolar sejauh menyangkut biaya tarif, restrukturisasi utang dan pembentukannya komite untuk menegosiasikan kembali perjanjian pembelian daya. Saran -saran ini, tampaknya, mungkin tidak dapat diterima oleh Enron. Pemerintah Maharashtra menerima laporan itu dan meminta Komite Godbole untuk menegosiasikan kembali. Komite telah diberikan sebulan, waktu untuk menegosiasikan kembali atas nama pemerintah negara bagian dengan DPC untuk PPA baru. Komite telah berpendapat bahwa karena fasilitas LNG 5 MMPTA jauh melebihi apa yang diperlukan oleh pabrik (hanya 2. 1 MMPTA di mana 1. 8 MMPTA sedang dilakukan atau dibayar), harus dipisahkan menjadi fasilitas yang berbeda yang biaya modal tidak boleh tercermin dalam biaya bahan bakar, bukan sebagai pengambilan atau bayar. Sebaliknya seharusnya hanya sebanding dengan bahan bakar yang diatur untuk pembangkit listrik. Menggunakan seluruh gas yang dialokasikan membutuhkan PLF tinggi yang luar biasa. Sebagai gantinya, gas surplus dapat dijual kepada pemain lain seperti Petronet atau Enron, Metgas sendiri. & Penting untuk mendistribusikan biaya selama seluruh kapasitas dan bukan hanya jumlah yang dijual ke pembangkit listrik, 8 mengatakan komite. Demikian pula, telah disarankan bahwa Enron dapat menyewa fasilitas pelabuhan sebagai fasilitas umum untuk importir LNG lainnya. Pada kontrak LNG yang dinegosiasikan oleh Enron untuk pasokan jangka panjang, telah mengatakan bahwa karena pasar LNG telah menyaksikan perubahan besar, terutama sejauh menyangkut harga, perusahaan listrik harus memanfaatkan pembelian spot dan menegosiasikan kembali kontrak yang sesuai. - - - - - - - - - - - - - - - - - - - - - - - - - - - - - - - - - - - - - Times of India, Jumat, 04 Mei 2001 Enron Siap untuk ambil bagian Dalam pembicaraan PPA, Nitin Yeshwantrao Manajemen Enron akhirnya sepakat untuk berpartisipasi dalam 'diskusi' dengan komite negosiasi Madhav Godbole - yang dipimpin - untuk memfasilitasi restrukturisasi Perjanjian Pembelian Tenaga (PPA) yang ditandatangani antara Power Major AS AS dan pemerintah negara bagian. Pejabat Dabhol Power Company (DPC), anak perusahaan Enron, bersama dengan tim pemegang saham dan pemberi pinjaman mereka akan tiba di sini pada 11 Mei untuk pembicaraan dengan Panel Sembilan - Anggota Godbole. Meskipun juru bicara DPC enggan memberikan konfirmasi, seorang pejabat utama Mantralaya mengatakan kepada The Times of India bahwa tim telah menyatakan kemauan untuk pembicaraan dengan komite ahli dalam upaya untuk mengakhiri Imbroglio. Respons Enron dipandang sebagai pengembangan selamat datang untuk menyelesaikan kontroversi secara damai yang telah berkecamuk selama beberapa minggu terakhir, dengan Dewan Direksi Enron mengesahkan India Md K Wade Cline untuk melayani pemberitahuan penghentian ke MSEB. Pemerintah negara bagian, pada bagiannya, juga mengadopsi posisi konfrontatif dengan menampar biaya rabat Rs 401 crore pada DPC untuk default pada catu daya. Namun, perubahan hati yang tiba -tiba oleh manajemen Enron sebagian besar disebabkan oleh pendirian yang diambil oleh pemberi pinjaman setempat yang dipimpin oleh Industrial Development Bank of India (IDBI) yang baru -baru ini menentang langkah untuk menarik keluar dari proyek. Ini bertentangan dengan mimbar yang diambil oleh pemberi pinjaman asing dari DPC yang mendukung membanting rem tentang pencairan dana ke DPC. Kongres - memimpin pemerintah front Demokrat telah secara terbuka menyatakan bahwa itu akan mengesankan manajemen Enron untuk menegosiasikan kembali PPA karena menghapus proyek tidak akan menjadi kepentingan kedua pihak. Pekan lalu, Pemerintah Negara Bagian merupakan panel sembilan ahli di bawah mantan birokrat Madhav Godbole. Godbole telah menulis kepada manajemen DPC yang mengundangnya untuk pembicaraan untuk menegosiasikan PPA pada 5 Mei. Untuk tanggapan tertunda dari Enron, pertemuan tersebut telah dijadwal ulang hingga 11 Mei. Masalah -masalah yang akan diperdebatkan pada pertemuan tersebut termasuk pemisahan fasilitas LNG dari pembangkit listrik, menegosiasikan kembali pasokan LNG dan perjanjian pengiriman, mendefinisikan kembali tarif DPC dan mengubahnya menjadi tarif dua bagian. Panel Godbole akan tawar -menawar keras untuk menghilangkan denominasi dolar dalam komponen biaya tetap dan untuk memungkinkan pemerintah Maharashtra menjual kekuasaan kepada pihak ketiga. - - - - - - - - - - - - - - - - - - - - - - - - - - - - - - - - - - - - - The Financial Express, Jumat, 04 Mei 2001, tim DPC untuk muncul sebelumnya Panel Godbole pada 11 Mei Baterai Dabhol Power Company (DPC) dan pemberi pinjaman asing akan muncul di hadapan Komite Renegosiasi Madhav Godbole pada 11 Mei & sebagai masalah kesopanan, dan bukan untuk mengajukan proposal apa pun. 8 Secara bersamaan, DPC telah menjelaskan bahwa ketentuan yang diterbitkan dari Laporan Godbole tidak mewakili dasar yang dapat diterima untuk diskusi lebih lanjut. Tim DPC kemungkinan akan memasukkan pejabat dari Enron Corp, Bechtel, General Electric, pemasok gas alamnya yang cair, Oman LNG dan Abu Dhabi LNG dan bank wali amanat, ABN Amro untuk pertemuan yang diusulkan 11 Mei, dipelajari dengan andal. Sumber -sumber Mantalaya mengatakan bahwa DPC sebelumnya telah menyatakan ketidakmampuannya untuk muncul di hadapan Komite Godbole pada 5 Mei, ditetapkan sebelumnya, karena tidak kedatangan timnya dari Houston dan bagian lain dunia. Namun, perusahaan akhirnya memutuskan untuk bertemu dengan Komite Godbole pada 11 Mei. Juru bicara DPC Jimmy Mogal mengatakan: & kami mengkonfirmasi bahwa DPC telah diundang untuk bertemu dengan komite negosiasi yang baru dibentuk. Sebagai sopan santun, kami telah setuju untuk bertemu mereka minggu depan. Karena tujuan pertemuan kami adalah untuk mendengar komite dan memahami pemikiran mereka, kami tidak akan mengajukan proposal apa pun. 8 & Meskipun kami terus menyatakan bahwa kami terbuka untuk dialog untuk menyelesaikan masalah, pertemuan ini tidak dapat ditafsirkan sebagai penawaran terbuka dari DPC untuk menegosiasikan kembali ketentuan kontrak. Selain itu, laporan Ketentuan yang dipublikasikan tidak mewakili dasar yang dapat diterima untuk diskusi lebih lanjut, 8 ia menambahkan. Sumber mengatakan Ketua Enron Corp Kenneth Lay kemungkinan akan bertemu dengan mantan Ketua Menteri Sharad Pawar untuk menemukan solusi yang dapat diterima untuk krisis yang sedang berlangsung sebelum pertemuan 11 Mei. Mr Lay mengatakan kepada kantor berita asing pada hari Rabu bahwa Enron Corp tidak memiliki rencana segera untuk menjual sahamnya di $ 2 yang bermasalah. 9 - Miliar Dabhol Power Project di India Barat. - - - - - - - - - - - - - - - - - - - - - - - - - - - - - - - - - - - - - sore, 4 Mei 2001 Tim Houston untuk bertemu Godbole the Enron - Dabhol yang dipromosikan Power Company (DPC) kemarin mengatakan telah setuju untuk bertemu dengan Komite Godbole ""sebagai masalah kesopanan"" dan ini tidak akan ""tidak ditafsirkan sebagai penawaran terbuka dari DPC untuk menegosiasikan kembali ketentuan kontrak."" Tadi malam, jurusan energi AS memperjelas bahwa tujuan pertemuan dengan sembilan anggota komite negosiasi ulang adalah ""untuk mendengar panel dan memahami pemikiran mereka, dan tidak menyajikan proposal apa pun."" Selain itu, ketentuan yang diterbitkan dari laporan Godbole The Godbole tidak mewakili dasar yang dapat diterima untuk menyelesaikan masalah. Sebelumnya, sumber -sumber pemerintah negara bagian mengatakan bahwa tim pejabat senior dari markas Enron di Houston dijadwalkan untuk menghadiri pertemuan komite negosiasi ulang Godbole pertama, yang sekarang akan diadakan pada 11 Mei. Panel menunda pertemuannya dari 5 Mei seperti dalam komunikasi formal, DPC meminta pemerintah negara bagian untuk tanggal yang sesuai selain yang ditentukan, kata mereka. Namun, perusahaan multinasional belum mengirim daftar calonnya, yang akan tiba minggu depan, kata mereka. Sementara itu, pusat tersebut kemungkinan akan menunjuk Pengacara Jenderal Harish Salve sebagai perwakilannya di Komite Tenaga Tinggi untuk menegosiasikan kembali Perjanjian Pembelian Daya (PPA) yang ditandatangani antara DPC dan Dewan Listrik Negara Bagian Maharashtra. Anggota Komite Godbole lainnya adalah Ketua HDFC Deepak Parekh, Direktur TERI r. k. Pachauri, mantan Sekretaris Energi Uni e. A . S . Sarma, Kirit Parikh dari Institut Penelitian Pembangunan Indira Gandhi, Sekretaris Energi Maharashtra v. M . LAL, Sekretaris Keuangan Negara. k. Ketua Srivastav dan MSEB Vinay Bansal. - - - - - - - - - - - - - - - - - - - - - - - - - - - - - - - - - - - - - Standar Bisnis, Jumat, 04 Mei 2001 Salve dapat mewakili pusat pembicaraan Enron Enron Pengacara Panel Jenderal Harish Salve kemungkinan akan dinobatkan sebagai Pusat, Perwakilan S pada Komite Tenaga Tinggi yang ditunjuk oleh Pemerintah Maharashtra untuk menegosiasikan kembali Perjanjian Pembelian Daya (PPA) dengan raksasa energi AS Enron - Promosi Dabhol Power Company (DPC) . Menurut sumber pemerintah yang sangat ditempatkan, nama Salve, S telah dibersihkan oleh kementerian keuangan dan kekuasaan. Pemerintah Maharashtra telah menunjuk komite negosiasi yang dipimpin oleh mantan birokrat Madhav Godbole untuk menegosiasikan kembali PPA terasing yang ditandatangani oleh Dewan Listrik Negara Bagian Maharashtra (MSEB) dan DPC. Enron telah melakukan pembukaan pembicaraan dengan Maharashtra yang bersyarat tentang kehadiran sebuah pusat, perwakilan S di komite negosiasi. Salve akan bertemu dengan sekretaris di Kementerian Keuangan, Kekuasaan dan Hukum untuk menguatkan Pusat, S Stand pada Krisis yang timbul dari Default Pembayaran oleh MSEB, sumber mengatakan menambahkan bahwa Sekretaris Minyak juga cenderung dimasukkan dalam panel. Sumber mengatakan Enron tampaknya tertarik untuk memecahkan kebuntuan saat ini melalui negosiasi yang dilihat dari ketua perusahaan Kenneth Lay, pernyataan kemarin di Houston bahwa perusahaan tidak punya rencana untuk menjual kepemilikannya dengan $ 2. 9 miliar proyek dabhol. Pemerintah kemungkinan akan membuat pengumuman resmi tentang Salve, penunjukan di Komite Negosiasi pada akhir pekan, kata sumber. Komite Negosiasi akan menyarankan solusi untuk menjatuhkan tarif listrik selangit, memisahkan fasilitas gas alam cair (LNG), restrukturisasi DPC dan memungkinkan penjualan kelebihan daya melalui utilitas pusat, terutama National Thermal Power Corporation (NTPC), sumber mengatakan . Dewan DPC telah akhir bulan lalu memberi wewenang kepada manajer lokal di India untuk mengeluarkan pemberitahuan penghentian kepada MSEB setelah kontroversi pembayaran pahit. DPC telah menampar satu pemberitahuan konsiliasi di Pusat dan tiga pemberitahuan arbitrase tentang pemerintah negara bagian atas non -pembayaran iuran. - - - - - - - - - - - - - - - - - - - - - - - - - - - - - - - - - - - - - The Times of India, Jumat, 04 Mei 2001 Salve dapat mewakili pusat di Pengacara Panel Pembicaraan Enron Jenderal Harish Salve kemungkinan akan dinobatkan sebagai perwakilan Pusat di Komite Tenaga Tinggi yang ditunjuk oleh Pemerintah Maharashtra untuk menegosiasikan kembali Perjanjian Pembelian Daya (PPA) dengan raksasa energi AS Enron - mempromosikan Dabhol Power Company (DPC) . Menurut sumber pemerintah yang sangat ditempatkan, nama Salve telah dibersihkan oleh kementerian keuangan dan kekuasaan. Pemerintah Maharashtra telah menunjuk komite negosiasi yang dipimpin oleh mantan birokrat Madhav Godbole untuk menegosiasikan kembali PPA yang terasing yang ditandatangani oleh Dewan Listrik Negara Bagian Maharashtra (MSEB) dan DPC. Enron telah melakukan pembukaan pembicaraan dengan Maharashtra yang bersyarat tentang kehadiran perwakilan Center di komite negosiasi. Salve akan bertemu dengan sekretaris di Kementerian Keuangan, Kekuasaan dan Hukum untuk menguatkan pendirian Pusat tentang krisis yang timbul dari default pembayaran oleh MSEB, kata sumber, menambahkan sekretaris minyak bumi juga cenderung dimasukkan dalam panel. Sumber mengatakan bahwa Enron tampaknya tertarik untuk memecahkan kebuntuan saat ini melalui negosiasi yang dilihat dari pernyataan Corporation Chairman Kenneth Lay pada hari Rabu di Houston bahwa perusahaan tidak memiliki rencana untuk menjual kepemilikannya di $ 2. 9 miliar proyek dabhol. (PTI) - - - - - - - - - - - - - - - - - - - - - - - - - - - - - - - - - - - - The Pioneer, Jumat, 04 Mei 2001, Enron Talks: Salve Mungkin Pengacara Pemerintah Jenderal Harish Salve kemungkinan dinobatkan sebagai perwakilan Center di Komite Tenaga Tinggi yang ditunjuk oleh Pemerintah Maharashtra untuk menegosiasikan kembali Perjanjian Pembelian Daya (PPA) dengan US Energy Mayor Enron - mempromosikan Dabhol Power Company. Menurut sumber, nama Mr Salve telah dibersihkan oleh Kementerian Keuangan dan Kekuasaan. Pemerintah Maharashtra baru -baru ini menunjuk sebuah komite yang dipimpin oleh mantan birokrat Madhav Godbole untuk menegosiasikan kembali PPA yang ditandatangani oleh Dewan Listrik Negara Bagian Maharashtra (MSEB) dan DPC. - - - - - - - - - - - - - - - - - - - - - - - - - - - - - - - - - - - - hari pertengahan, Jumat 4 Mei 2001 Tingkat Enron Terlalu Tinggi: Mseb The Maharashtra State Electricity Board (MSEB) berencana untuk menyampaikan kepada Dabhol Power Company (DPC), seorang subisidier raksasa energi AS Enron, ketidakmampuannya untuk membayar kenaikan biaya tetap dengan tingkat Rs 500 crore sebulan dari tahun depan. Pejabat MSEB mengatakan bahwa DPC akan diberitahu tentang hal ini selama negosiasi Perjanjian Pembelian Daya (PPA). Sesuai PPA, peningkatan tingkat akan mulai berlaku mulai Januari 2002 setelah penyelesaian fase kedua DPC 1, 444 MW dari proyek pada Oktober tahun ini. PPA juga mengatakan bahwa tarif tetap harus dibayarkan kepada perusahaan terlepas dari konsumsi listrik. Saat ini MSEB membayar pengangkutan tetap sebesar Rs 95 crore sebulan ke DPC untuk fase pertama proyeknya, menghasilkan daya 740 MW. '' Kami telah mengangkat masalah ini dengan DPC selama beberapa bulan terakhir, menyoroti bahwa ini (biaya tetap dari tahun depan) tidak layak bagi kami. Bahkan Ketua Negara Bagian Vilasrao Deshmukh mengangkat masalah ini di New Delhi pada pertemuan baru -baru ini '', kata para pejabat. Dewan akan terus mengangkat masalah ini selama proses negosiasi dengan DPC. Namun, DPC Offical menjaga ibu atas masalah ini, mengadopsi kebijakan 'tunggu dan menonton', tambah mereka. Di bawah fase kedua proyek ini, kapasitas pembangkit listrik 722 MW akan dicapai pada bulan Juni dan sisa 722 MW pada Oktober tahun ini, kata para pejabat."
ham,"Re: Wawancara telepon dengan Enron Research Group Hi Nina: Kami akan senang melihat Anda besok. Karena ini adalah wawancara awal untuk melihat apakah ada kecocokan dan minat, kami akan menjadwalkan satu jam dan mungkin pewawancara akan menggandakan waktu mereka. Saya telah menjadwalkan yang berikut, jika waktunya tidak berhasil untuk Anda, beri tahu saya. 9: 00 AM Vince Kaminski dan Stinson Gibner 9: 30 AM Tanya Tamarchenko dan Zimin Lu Ketika Anda datang ke Enron Bldg, pergi ke meja keamanan dan minta saya, mereka akan menelepon saya dan saya akan bertemu Anda di lobi di Lantai ke -19. Terima kasih dan memiliki perjalanan yang aman. Salam, Shirley Crenshaw Nina Knirel pada 11/29/2000 09: 52: 02 AM ke: Shirley. Crenshaw @ Enron. Com CC: Subjek: Re: Wawancara telepon dengan Enron Research Group Dear Shirley Crenshaw, Terima kasih banyak atas minat Anda. Saya akan berada di Houston besok pagi dan saya pikir itu bisa lebih nyaman jika kita bisa bertemu langsung. Jika Anda lebih suka wawancara telepon, beri tahu saya nomor apa yang harus saya hubungi dan kami dapat memilikinya besok. Sekali lagi terima kasih, Nina Knirel - - - Shirley. Crenshaw @ Enron. com menulis:> Selamat pagi MS. Knirel: >> Vince Kaminski dan beberapa anggota Grup Research> ingin> melakukan wawancara telepon dengan Anda kapan -kapan> minggu ini di> kenyamanan Anda. Tolong beri tahu saya saat -saat Anda> tersedia dan> mereka akan menghubungi Anda. >> Wawancara telepon biasanya berlangsung sekitar> 1 jam dan akan> dilakukan melalui telepon speaker. >> Pewawancara akan menjadi: >> Direktur Pelaksana Vince Kaminski dan Kepala Penelitian> Wakil Presiden Stinson Gibner, Penelitian> Direktur Tanya Tamarchenko, Penelitian> Direktur Zimin LU, Penelitian >> Berharap untuk mendengar dari Anda. >> Salam Hormat, >>> Shirley Crenshaw> Koordinator Administratif> Enron Research Group> Apakah Anda Yahoo! ? Yahoo! Belanja - ribuan toko. jutaan produk. http: / / belanja. Yahoo. com /"
ham,"panggilan telepon hari ini vince, ada beberapa hal yang ingin saya diskusikan dengan Anda: klarifikasi tentang siapa yang dilaporkan Tony Harrison (saya mengerti itu akan menjadi tim ramalan cuaca minyak mentah Houston tetapi saya sekarang tidak yakin) untuk membiarkan Anda Ketahuilah bahwa Joe ingin merekrut pelaporan ekonomi makro yang sangat matematis ke Steve, dan oleh karena itu Maureen akan kembali ke Houston akhir bulan ini untuk berbicara tentang Stinson yang datang untuk berkunjung, Tani"
ham,"Re: VAR dan Rapat Kredit pada hari Rabu, 11 April pukul 11: 30 pagi semua orang, minggu ini pertemuan reguler kami akan dikhususkan terutama untuk 2 subjek: 1. mensimulasikan harga daya di var; 2. Menangkap korelasi lintas komoditas serta lintas jangka waktu dari harga ke depan. Penelitian akan menyajikan beberapa saran berdasarkan analisis data. Agenda terperinci terlampir. Tolong, beri tahu Shirley Crenshaw jika Anda tidak berencana untuk hadir. Tanya."
ham,"Seminar Mugs Vince: Staf PR kami telah menyusun desain yang bagus untuk mug seminar keuangan. Kita perlu mendapatkan salinan logo Enron yang bersih, jika memungkinkan. Desainnya ada di Adobe Pagemaker jika orang -orang Anda dapat menemukan logo yang dapat ditarik ke dalam format itu. Mereka dapat mengirimkannya langsung kepada saya dan saya akan memastikan itu sampai ke tempat yang tepat. Terima kasih banyak . BBO"
ham,"Dabhol Power Company Caps Vince Kami telah menyelesaikan penilaian batas suku bunga di atas seperti yang diminta. Saya telah mengirim faks salinan file terlampir untuk perhatian Anda di (713) 646 2503. Beri tahu kami jika kami dapat membantu lagi. Salam, Leslie Abreo Andrew Kalotay Associates, Inc. 61 Broadway, Ste 3025 New York NY 10006 Telepon: (212) 482 0900 Faks: (212) 482 0529 Email: Leslie. Abreo @ Kalotay. com mengunjungi situs web AKA di http: / / www. Kalotay. com - Cap Valuasi _ 0900. DOC - Dabhol Power Co Caps. xls"
ham,"Payroll Elena Chilkina tidak dibayar untuk hari -hari berikutnya, 3 dan 4 Juli. Harap pertanyaan Hubungi Shirley Crenshaw atau Kevin Moore. Jika diperlukan informasi lebih lanjut, jangan ragu untuk menghubungi X 34710. Terima kasih Kevin Moore"
ham,"Artikel EPRM Hai Vince ,? Saya minta maaf Anda tidak ada di Sydney minggu ini. Anda melewatkan pesta peluncuran buku yang sangat bagus yang diselenggarakan John Martin di sini untuk kami. Paul berpidato singkat di mana dia menyampaikan beberapa komentar besar yang dia katakan berasal? Anda - terima kasih banyak! ? Temukan terlampir artikel EPRM berikutnya. Ini belum benar -benar meraup sepenuhnya dari akhir kami, tetapi saya ingin mengirimkannya sebelum akhir pekan jika Anda mendapat kesempatan untuk melihatnya. Karena istirahat Paskah Robin setelah itu pada hari Kamis minggu depan. ? salam . ? Chris. ? - EPRM _ 10 _ FWD _ Curve _ Simulasi. dokter"
ham,Texas A&M di Galveston DR. Bill McMullen menelepon Anda pagi ini dan mengatakan bahwa Anda telah menelepon sekolah minggu lalu meminta kursus yang mereka jadwalkan untuk analisis kuantitive. Mereka memberikan nama Anda kepada Dr. McMullen dan dia ingin Anda mengirim email kepadanya apa yang Anda cari. Alamat emailnya adalah: McMullew @ tamug. TAMU. edu terima kasih! Shirley
ham,"informasikan - Maui Hi Steve: Senang mendengar dari Anda dan berharap Anda menyukai peran baru Anda pada Anda. dari Maryland. Saya ingin datang tetapi saya tidak yakin apakah saya akan dapat mencapai konferensi ini. Saya akan meneruskan pesan Anda ke kolega saya dan meminta mereka untuk menghubungi Anda jika mereka tertarik. Terima kasih, Krishna. - - - - - - - - - - - - - - - - - - - - - - - - diteruskan oleh pinnamaneni krishnarao / hou / ect pada 12/12 / 2000 12: 08 pm - - - - - - - - - - - - - - - - - - - - - - - - - - - - - - Steve Gabriel pada 12/11 / 2000 10: 52: 21 pagi untuk: pkrishn @ ect. Enron. Com CC: Subjek: informasikan - Maui Krishna: Bagaimana kabarmu? Saya ingin memberi tahu Anda alamat baru saya, saya sekarang di University of Maryland. Juga, dalam peran saya sebagai Ketua Cluster Energi untuk Konferensi Maui, Hawaii Informs (17 - 20 Juni 2001), saya mencari kursi sesi atau pembicara. Mungkin Anda mungkin tahu beberapa orang yang tertarik? Saya juga menjalankan sesi tentang optimasi dan pemodelan keseimbangan dalam energi, silakan kirim pembicara yang tertarik (atau kemungkinan kursi sesi kepada saya). terima kasih . - Steve Gabriel Steven a. Gabriel, ph. D . Asisten Profesor, Program Manajemen Proyek http: / / www. CEE. Umd. edu / prog / projmgt. Direktur HTML, Studi Optimasi & Keseimbangan, Pusat Manajemen Teknologi dan Sistem HTTP: / / CTSM. Umd. EDU / Informasi Kontak: Departemen Teknik Sipil dan Lingkungan 1143 Glenn L. Martin Hall University of Maryland College Park, Maryland 20742 - 3021 Sgabriel @ Eng. Umd. edu tel. (301) 405 - 3242 Faks (301) 405 - 2585"
ham,"Informasi Latar Belakang Tom, Bisakah Anda mengirimkan kepada saya salinan informasi tambahan tentang program Webi? Saya ingin mendistribusikannya secara internal. Vince"
ham,"Re: Lisensi Perangkat Lunak Karla, Agustus adalah bulan liburan di Prancis. Saya tidak akan mengandalkan tanggapan dalam waktu dekat. Vince dari: Karla Feldman pada 08/08 / 2000 09: 34 AM ke: Geman @ Dauphine. FR CC: Vince J Kaminski / Hou / ect @ ect, Stinson Gibner / Hou / ECT @ ECT Subjek: Lisensi Perangkat Lunak MS. Geman, saya hanya menindaklanjuti untuk melihat apakah Anda telah menerima pesan saya sebelumnya yang diteruskan di bawah dan apakah Anda memiliki tanggapan sehingga kami dapat bergerak maju dengan kontrak ini? Terima kasih, Karla Feldman - - - - - diteruskan oleh Karla Feldman / Hou / ect pada 08/08/2200 09: 23 pagi - - - - - Karla Feldman 07/28/2200 01: 41 PM ke: Geman @ Dauphine. FR CC: Subjek: Lisensi Perangkat Lunak Dear MS. Geman, saya bertemu dengan Vince Kaminski kemarin tentang mengambil kembali dengan perjanjian lisensi yang kami kerjakan pada bulan Maret. Dia menyampaikan beberapa persyaratan tambahan yang perlu ditambahkan ke perjanjian, yang mencakup yang berikut: 1. Harga yang disepakati adalah $ 90.000. 2. D - G akan memberikan dukungan sistem. 3. Selambat -lambatnya 12 bulan pelaksanaan perjanjian, D - g akan memberikan kode sumber ke Enron. Sementara itu, kode sumber harus berada di escrow. Selain itu, kode sumber akan dirilis lebih cepat dari 12 bulan jika salah satu dari kondisi berikut terjadi: (i) d - g keluar dari bisnis; (ii) D - G tidak dapat memberikan dukungan teknis yang efektif; atau (iii) jika d - g setuju untuk melepaskannya lebih cepat. Sebelum saya meminta pengacara kami menambahkan hal -hal ini ke dalam perjanjian, kita perlu membahas situasi escrow. Vince menyebutkan bahwa Anda telah menyarankan agar pengacara Anda menyimpan perangkat lunak di escrow. adalah pengacaramu dan u. S . pengacara ? Sepertinya saya mungkin telah mengingat pada bulan Maret Anda mungkin mengatakan Anda memiliki teman atau kerabat yang merupakan pengacara. apakah itu orang yang sama? Apakah pengacara ini bekerja untuk perusahaan besar, perusahaan kecil, atau praktisi solo? Pada dasarnya, jika Anda bisa memberikan beberapa informasi tambahan tentang pengacara Anda, saya akan sangat menghargainya. Kami biasanya akan menggunakan perusahaan escrow untuk menempatkan perangkat lunak di escrow. Kami telah berurusan dengan perusahaan di sini di U. S . Disebut Teknologi DSI. Saya akan memeriksa jawaban Anda tentang pengacara Anda. Setelah kami memutuskan apa yang ingin kami lakukan mengenai menempatkan perangkat lunak di escrow, kami akan merah - melapisi perjanjian untuk mencerminkan perubahan tersebut dan mengirimkannya kembali kepada Anda untuk ulasan Anda. Saya menantikan balasan anda . Karla Feldman Enron Corp. Administrasi Kontrak (713) 646 - 7554"
ham,"Hvince, pengujian keefektifan tepi untuk Fas 133 Vince, seperti yang kita bahas, tunduk pada perubahan kecil kertas yang terlampir akan muncul dalam J dari perencanaan perusahaan yang diterapkan. Saya paling tertarik dengan komentar Anda. Ngomong -ngomong, jika Anda menyukai proses pembuatan kurva hasil yang dijelaskan dalam makalah, kami akan dengan senang hati melakukan simulasi, sehingga Anda dapat membandingkan hasilnya berdasarkan pada Procees HJM. Saya berharap dapat berkumpul dengan Anda ketika Anda datang ke NY untuk menghadiri konferensi GARP, sekitar 13 Februari. Beri aku peringatan singkat. Salam, Andy Andrew Kalotay Associates, Inc. (212) 482 - 0900 Andy @ Kalotay. com Kunjungi web kami - situs http: / / www. Kalotay. com - artikel FASL 33. dokter"
ham,"Re: Jinbaek Kim Molly, kami dapat membayar tiket pesawat. Kita harus memastikan bahwa kita akan memperluas perlakuan yang sama ke magang musim panas lainnya untuk menghindari perasaan buruk. vince dari: molly magee / enron @ enronxgate pada 04/25 / 2001 11: 47 pagi untuk: vince j kaminski / hou / ect @ ect, stinson gibner / hou / ect @ ect cc: subjek: jinbaek kim kami menerima beberapa korespondensi ini Pagi dari Jinbaek di mana dia mengatakan dia berencana untuk memulai pada 4 Juni 2001. Karena kami mencoba menawarkan paket yang sebanding dengan rekan dalam program ini, saya berasumsi kami juga akan membayar tiket pesawatnya di sini? ? ? Hanya ingin memeriksa sebelum saya menghubunginya. . . . , jadi saya akan menunggu kabar dari Anda. Terima kasih, Molly X 34804"
ham,"RE: Kunjungan yang akan datang Vince: Akankah Jumat pagi 7 Juli jam 9:00 pagi bekerja untuk Anda? Beri saya teriakan email jika demikian. terima kasih . Dale Nesbitt - - - - - Pesan Asli - - - - - Dari: Vince. J . Kaminski @ Enron. com [Mailto: Vince. J . Kaminski @ Enron. com] Terkirim: 28 Juni 2000 2: 19:00 ke: Dale. nesbitt @ marketpointinc. Com CC: Vince. J . Kaminski @ Enron. Com Subjek: Re: Kunjungan yang akan datang Dale, maaf atas keterlambatan menanggapi pesan Anda. Saya akan berbicara dengan kepala unit B 2 B kami pada hari Jumat minggu ini dan akan mengingatkannya tentang kunjungan Anda. Saya berharap dia dapat membuat keputusan saat ini apakah dia tertarik untuk mengejar peluang ini Vince ""Dale Nesbitt"" pada 06/27 / 2000 11: 26: 05 PM untuk: ""Vincent Kaminski"", ""Vince. J. Kaminski"" CC : Subjek: Kunjungan yang akan datang Vince: Saya mengirimi Anda email beberapa hari yang lalu untuk menanyakan apakah kami dapat berkumpul di kantor Anda pada 5 Juli atau 7 Juli di Houston untuk menindaklanjuti diskusi kami sebelumnya. Saya perhatikan saya memiliki dua alamat email untuk Anda, jadi saya mengirimkan ini ke keduanya. Saya tidak yakin transmisi sebelumnya sampai ke Anda. Apakah Anda akan tersedia pada sore hari tanggal 5 atau pagi hari ke -7 untuk melanjutkan diskusi kami sebelumnya? Beri saya email atau telepon berteriak di 650. 218. 3069. Terima kasih Dale Nesbitt"
ham,"Re: Laporkan Penelitian Saya telah menanggapi kembali ke Barbara dan mengirimnya beberapa materi tertulis. Terima kasih . Vince J Kaminski 10/12 / 2000 10: 50 pagi untuk: Mike A Roberts / Hou / ect @ ect, Joseph hrgovcic / hou / ect @ ect cc: Mark tawney / hou / ect @ ect, vince j kaminski / hou / ect / ect @ ECT Subjek: Laporkan riset Joe, Mike, silakan periksa dengan PR terlebih dahulu jika kami ingin berbicara dengannya dan menjalankannya dengan Mark. Saya pikir itu adalah kepentingan kami menjadi kutipan secara luas di media. vince - - - - - - - - - - - - - - - - - - - - - - - - Dikeret oleh Vince J Kaminski / Hou / ECT pada 10/12 / 2000 10: 53 AM - - - - - - - - - - - - - - - - - - - - - - - - - - - - - - - EnergyWriter @ AOL. com pada 10/11/2000 10: 54: 39 AM Harap tanggapi EnergyWriter @ AOL. com to: EnergyWriter @ AOL. Com CC: Subjek: Laporan Penelitian Saya menulis laporan manajemen tentang manajemen risiko cuaca. Kisah ini akan membahas berbagai alat manajemen risiko cuaca yang digunakan oleh pemasar listrik di industri energi. Ini juga melihat prediksi cuaca dan layanan analisis yang tersedia untuk pedagang energi. Saya mencari daftar dan deskripsi produk manajemen risiko cuaca, dan bagaimana masing -masing dapat menguntungkan pedagang energi. Saya juga ingin tahu apa reaksi pedagang terhadap cuaca yang signifikan. Dan di mana saya dapat menemukan daftar instrumen cuaca populer dengan deskripsi? Saya menghargai bantuan apa pun yang dapat Anda berikan kepada saya. Saya ingin mengatur obrolan dengan Anda minggu ini jika Anda punya waktu, atau cukup mengirimi saya email masukan Anda. Terima kasih sebelumnya ! Jurnalis Independen Barbara Drazga PO Box 472401 Aurora, CO 80047 303 - 369 - 3533 Tel. 303 - 369 - 3510 FAX"
ham,"Resume Renshi Zhang FYI. Harap batal jadwal wawancara untuk Renshi Zhang. HR baru saja memberi tahu saya bahwa dia telah menerima posisi lain. itu dijadwalkan besok. Saya telah menghapusnya dari kalender yang saya akses. terima kasih ! Shirley - - - - - - - - - - - - - - - - - - - - - - - - diteruskan oleh Shirley Crenshaw / Hou / ect pada 04/23/2211010: 19 pagi - - - - - - - - - - - - - - - - - - - - - - - - - - - ' Subjek Kaminski / Hou / ECT @ ECT: Resume Renshi Zhang Shirley dan Molly, Vince tertarik untuk membuat wawancara untuk Renshi Zhang. Setiap hari kecuali Kamis minggu depan bagus. Pewawancara: Vince, Stinson, Vasant, Tanya, Alex, Bob, Krishna dan saya sendiri. Nomor kontak untuk MR. Zhang adalah 713 - 544 - 5989. Zimin - - - - - - - - - - - - - - - - - - - - - - - - diteruskan oleh Zimin lu / hou / ect pada 04/19 / 2001 03: 52 pm - - - - - - - - - - - - - - - - - - - - - - - - - - - - - - Zimin LU 04 /05 /2001 09: 49 AM - - - - - - - - - - - - - - - - - - - - - - - - diteruskan oleh Zimin lu / hou / ect pada 04/05 / 2001 09: 46 AM - - - - - - - - - - - - - - - - - - - - - - - - - - - Vince J Kaminski 03 / 14/2001 10: 06 pagi untuk: Zimin lu / hou / ect @ ect cc: Subjek: resume - - - - - - - - - - - - - - - - - - - - - diteruskan oleh Vince J Kamininski / hou / ect pada 03/14 / 2001 10: 07 pagi - - - - - - - - - - - - - - - - - - - - - - - - - - - Marshall Brown pada 03/09 / 2001 07 : 46: 22 pagi untuk: Vince Kaminski CC: Subjek: Lanjutkan Vince, apa kabar. Kandidat ini akan tertarik pada posisi apa pun di grup Anda. Salam, Wakil Presiden Marshall Brown Robert Walters Associates Telp: (212) 704 - 0596 Faks: (212) 704 - 4312 Mailto: Marshall. Brown @ Robertwalters. com http: / / www. Robertwalters. COM> PERHATIAN: Surat elektronik yang dikirim melalui internet tidak aman dan dapat dicegat oleh pihak ketiga. Email ini dan file apa pun yang ditransmisikannya bersifat rahasia dan dimaksudkan semata -mata untuk penggunaan individu atau entitas kepada siapa mereka ditangani. Jika Anda telah menerima email ini dalam kesalahan, harap beri tahu System Manager. Catatan kaki ini juga mengkonfirmasi bahwa pesan email ini telah disapu oleh Mimesweeper untuk keberadaan virus komputer. - zhan _ ren. dokter"
ham,"Vince / Stinson, silakan temukan dua lampiran yang memberikan perhitungan yang lebih rinci, serta pernyataan yang direvisi yang dapat dibuat untuk menekan. Jumlahnya tidak kecil, tetapi benar -benar tidak mencerminkan besarnya masalah Genset. Mereka tidak memperhitungkan biaya modal genset, dan juga tidak fokus pada banyak unit kecil yang beroperasi di rumah, dan perusahaan komersial. Semoga ini membantu. Salam, Sandeep."
ham,"Re: Volume II dari Koleksi Sudut Teknis Sam, ini adalah sebagian daftar orang yang ingin saya kirimkan volume: Volume 1 & 2 Winokur (Anggota Dewan Enron, Shirley memiliki alamatnya) Jeff Skilling Ken Lay Mark Frevert Greg Whalley Rick membeli Jeff Shankman John Lavorato Dave Delainey Saya akan menulis surat lamaran. Juga, kami dapat menambahkan volume tambahan untuk kolom Kaminski (hanya 10 salinan), termasuk BIOS dan kontribusi saya. Saya ingin menunjukkan kedalaman bakat yang kami miliki di grup. Vince Enron North America Corp. Dari: William Smith @ Enron 01/09 / 2001 01: 07 PM ke: Vince J Kaminski / Hou / ect @ ect CC: Subjek: Volume II Koleksi Teknis Vince, saya telah berhasil mengintegrasikan artikel Martin ke dalam Volume II dan saya mengikuti instruksi Mike untuk reproduksi. Saya juga memiliki beberapa volume tambahan yang saya cetak juga. Maukah Anda membuang set lain yang saya berikan kepada Anda? Saya tidak ingin hal -hal menjadi bingung. Juga, saya melakukan 20 volume I dan 60 volume II. Beri tahu saya berapa banyak yang Anda butuhkan secara pribadi dan saya akan mengirimkannya ke kantor Anda. Terima kasih, Sam"
ham,"Re: Undangan untuk berbicara di Power 2000 Emma, ​​ini pilihan Anda. Saya dapat memimpin sesi hari ke -2 atau berbicara tentang salah satu topik ini. Tolong, beri tahu saya apa yang berhasil untuk Anda. Kemungkinan presentasi: Mengevaluasi efektivitas asuransi sebagai alat manajemen risiko atau menerapkan teori opsi nyata untuk menilai pembangkit listrik atau mengatasi kesulitan memperkirakan volatilitas yang akurat Vince ""Emma Wolfin"" pada 12/14/99 04: 08: 03 PM ke: Vince J Kaminski / Hou / ect @ ect CC: Subjek: Undangan untuk berbicara di Power 2000 Hai Vince, dengan senang hati saya mengundang Anda untuk berbicara di Power 2000 yang akan berada di Houston pada 9 & 10 Mei 2000. Apakah Anda tertarik untuk memimpin salah satu aliran pada hari ke -2 konferensi? Atau membuat presentasi penuh pada salah satu hari? Tolong beri tahu saya pembicaraan mana yang menarik minat Anda. Jelas, beberapa pembicaraan tidak lagi tersedia tetapi saya ingin memberi Anda pilihan sebanyak mungkin. Tolong bisakah Anda kembali kepada saya secepatnya pada 212 925 1864 ext 151 atau melalui email pengembalian. Saya sangat berharap Anda dapat membuat tanggal karena saya sangat ingin Anda berpartisipasi di Power. Bukan untuk menyanjung Anda secara tidak perlu, tetapi saya tahu bahwa banyak orang datang ke konferensi kami untuk mendengar apa yang Anda katakan. Salam Emma - Undang. dokter"
ham,"Re: Kunjungan Aram Yesus, saya berkeliaran ke Aram. Saya memilikinya di kalender saya dari 8: 30 hingga 10: 00 pada hari Jumat. Makan malam / makan siang di Jum akan bekerja untuk saya. Vince Jesus Melendrez @ Enron 04/20/2200 09: 53 AM TO: Vince J Kaminski / Hou / ect @ ect CC: Subjek: Re: Aram Kunjungi Vince, saya meminta asisten saya untuk menjadwalkan pertemuan dengan Aram dan dia akan menghubungi asst Anda. . Sejauh makan siang atau makan malam, saya akan tertarik. Saya akan mengunjungi Aram dalam beberapa hari ke depan atau jika Anda melakukannya, Anda mungkin ingin bertanya kepadanya. Saya percaya dia akan datang untuk pernikahan dan dia mungkin memiliki jadwal yang ketat tetapi mari kita tanya. Semoga semuanya berjalan dengan baik. JGM"
ham,"- - - - - - - - - - - - - - - - - - - - - - ' - - - - - - - - - - - - - - - - ' dr. Kaminski, pada hari Rabu, 14 Juni saya menghadiri presentasi Anda berjudul ""Tantangan Penilaian Derivatif Terkait Energi"" di Konferensi Risiko 2000 di Boston. dapatkah Anda e - kirimi saya slide yang Anda sajikan. Juga, Anda menyebutkan bahwa metode yang Anda gunakan untuk menghitung volatilitas untuk harga energi bukanlah metode ""normal"". Bisakah Anda memberi tahu saya, atau memberi saya referensi ke metode yang Anda gunakan. Terima kasih, analis manajemen risiko senior Aaron Gould PSEG Services Corporation Aaron. Gould @ pseg. com 1 - 973 - 456 - 3527"
ham,"Pertemuan Penjebak Ulang untuk Laporan Duffie Hai Shirley, email ini mengacu pada vmail Anda mengenai penjadwalan ulang pertemuan saya pada besok pukul 2 siang dengan Vince. Itu tidak masalah bagi saya karena orang -orang kredit (Craig Chaney dan Jeff Kinneman) memiliki perubahan dalam strategi. Mereka telah meminta kami meluangkan waktu untuk mengevaluasi perangkat lunak RiskCalc Moody. Karena itu saya harus menunda proyek Duffie selama beberapa hari terakhir. Namun saya sekitar dua pertiga melalui dokumen Duffie dan akan melanjutkan mempelajarinya segera setelah saya melewati dokumen RiskCalc yang panjang. Beri tahu saya jika dia masih ingin bertemu nanti di minggu ini, terima kasih, Iris."
ham,"Re: ENL - DailyUpdate - TXT Harap tanggapi ke Lyris ListManager Anda telah berlangganan ENL - DailyUpdate - txt dengan alamat email ""vkamins @ enron. com"" untuk berhenti berlangganan, kirim email kosong untuk pergi - ENL - DailyUpdate - txt - 13662 E @ estutenwsl 1. energi . Williams. com"
ham,"Fakultas Teknik Keuangan # 2001 - M 608 Connie: Menanggapi email Anda ke Vince Kaminski dari 3/19/01, faktur subjek dikirim ke Departemen Akuntansi kami. untuk pembayaran pada 25 Februari 2001. Kami tidak memerlukan pemeliharaan spav, jadi kami mengurangi $ 1, 600. 00. Apakah Anda menerima pembayaran dalam jumlah $ 4100. 00 Itu mungkin pembayaran untuk faktur ini? Saya telah meninggalkan pesan untuk dept akuntansi kami. Untuk melihat tepat kapan faktur dibayar dan nomor cek. Segera setelah saya mendengar dari mereka, saya akan pergi, Anda tahu. Salam, koordinator administrasi Shirley Crenshaw Enron Research Group 713 - 853 - 5290 Email: Shirley. Crenshaw @ Enron. com"
ham,"Waktu pribadi pada hari Selasa, November. 21, 2000 Shirley: Hanya pengingat bahwa saya telah meminta waktu - pada hari Selasa, 21 November 2000, untuk menghadiri fungsi sekolah yang saya hadiri setiap tahun untuk teman kecil kami. Saya tahu Anda akan berlibur tetapi Leann akan ada di sini untuk membantu Vince atau salah satu departemen lainnya. Saya biasanya tidak lepas landas ketika Anda pergi, tetapi ini sangat penting bagi Riley dan saya benci mengecewakannya. Sekolahnya memiliki hari kakek nenek pada hari Selasa sebelum Thanksgiving setiap tahun. Dia tidak memiliki kakek nenek yang dapat hadir sehingga dia selalu meminta suami saya dan saya untuk datang sebagai teman istimewa. Biasanya, Al bisa saja pergi sendiri tetapi seperti yang Anda tahu dia di Hawaii merawat ayahnya dan tidak akan ada di sini besok. Saya telah bekerja cukup jam ekstra untuk menutupi waktu saya akan libur (9: 00 hingga 1: 00 sore atau 1: 30 sore). Saya menghargai pertimbangan Anda dan terima kasih sebelumnya jika kami dapat menyelesaikannya. Anita"
ham,"Re: Presentasi ALP FYI Vince - - - - - - - - - - - - - - - - - - - - - - - - Dikeret oleh Vince J Kaminski / Hou / ECT pada 04/30 / 2001 02: 05 PM - - - - - - - - - - - - - - - - - - - - - - - - - - - - - ""Dennis W. : Re: Presentasi ALP Vince Saya akan menghadiri presentasi ALP pada 7 Mei dan akan senang bergabung dengan tim untuk makan malam jika belum terlambat. Terima kasih Dennis Loughridge Dennis W. Loughridge Direktur Konsorsium Energi Rice University 713 - 348 - 2812 - - - - - Pesan Asli - - - - - Dari: Vince. J . Kaminski @ Enron. com [Mailto: Vince. J . Kaminski @ Enron. com] Dikirim: Selasa, 10 April 2001 8: 16 pagi ke: loughrid @ rice. Edu CC: Luigical @ Rice. Subjek Edu: Presentasi ALP Maaf, mencoba lagi. Saya mungkin mendapat alamat email yang salah dan pesan asli dikembalikan. Vince Kaminski - - - - - - - - - - - - - - - - - - - - - - - - diteruskan oleh Vince J Kaminski / Hou / ect pada 04/10 / 2001 08: 15 pagi - - - - - - - - - - - - - - - - - - - - - - - - - - - - - Vince J Kaminski 04/10 / 2001 08: 13 pagi untuk: Barrett @ Rice. edu, uecker @ nice. edu, cmiller @ nice. edu, lounghrid @ nice. edu, luigical @ nice. Edu CC: Vince J Kaminski / Hou / ect @ ect, Christie Patrick / Hou / ect @ ect, Shirley Crenshaw / Hou / ECT @ ect, Kenneth Parkhill / Na / Enron @ Enron Subjek: Presentasi ALP atas nama Enron Corp. Saya ingin mengundang Anda ke presentasi proyek ALP oleh sekelompok siswa Jesse h. Jones Graduate School of Management, Rice University. Para siswa akan mempresentasikan hasil proyek penelitian mengenai platform perdagangan elektronik di industri energi. Presentasi akan diadakan pada 7 Mei, pada 4: 00 hal. M . di Enron, 1400 Smith. Kami juga ingin mengundang Anda untuk makan malam, mengikuti presentasi. Direktur Pelaksana Vince Kaminski Vincent Kaminski - Research Enron Corp. 1400 Smith Street Room EBL 962 Houston, TX 77002 - 7361 Telepon: (713) 853 3848 (713) 410 5396 (sel) Faks: (713) 646 2503 E - Mail: vkamins @ enron. com"
ham,"Info Tambahan Vince Dear, Terima kasih banyak atas panggilan balik cepat Anda. Seperti yang dibahas, tolong temukan melampirkan # dari dokumen penjelasan diri terkait (secara alami privasi dan kepercayaan diri yang paling ketat). >>>>>>>>>> TX Fellowship - - Hadiah pengakuan individu tertinggi di dalam perusahaan> - - akan ditentukan pada Januari. 2001. File PDF merujuk ke makalah> presentasi dan 2 wawancara pers, masing -masing. Kertas SPE akan> diterbitkan pada Januari. Edisi 2001 Journal of Petroleum Technology> (JPT). >> Saya akan menghargai ulasan Anda dan diskusi tambahan yang paling cocok. Seperti> dibahas, yang terbaik untuk berkorespondensi melalui alamat e - surat pribadi saya:> newsoussan @ iwon. com atau mohon tinggalkan pesan saya yang aman> telepon # @ work. tolong juga disarankan agar saya memeriksa ponsel saya - dan> e - jarang (setiap hari) sementara saya di Inggris. Saya berharap dapat melihat Anda segera di NY atau Houston. > Semoga Anda mendapatkan musim liburan yang sangat bahagia dan tahun 2001 yang sehat dan makmur. > Soussan,> 914 253 4187 (w) >> - - SFAIZ _ Detail _ Resume. DOC - SFAIZ _ JOB _ Deskripsi. DOC - SFAIZ _ COVER _ NOMTXFLINE. DOC - SF _ Undangan Eksternal _. XLS - SPE 62964. PDF - Hadiah nyata _. PDF - Dapatkan _ NYATA. pdf"
ham,"Mohon daftar proyek hari ini, gunakan template baru yang disimpan dalam folder 2001 untuk daftar proyek hari ini. Selama beberapa minggu terakhir kami memiliki beberapa salinan paralel dari file yang sama mengambang. Saya telah memperbarui daftar anggota grup di lembar pertama. Tolong, pastikan saya belum menghilangkan siapa pun. Vince"
ham,"@ Jones: Berita dan Informasi dari Jones School @ Jones: Berita dan Informasi dari Sekolah Jones 13 Maret 2001 Forbes Magazine Survey Alumni Association Reception - - New York: Konferensi 15 Maret - - Perspektif tentang Wanita dalam Bisnis: 16 Maret Bisnis Barat Daya Barat Daya Plan Persaingan - - 30 Maret - 31 Forum Presentasi Bisnis Aliansi Padi - - 30 Maret Dibatalkan - - Neuhaus Kuliah: 19 Maret Kuliah Dekan - - Ralph Eads, Wakil Presiden Eksekutif, El Paso Corp. : 11 April Konferensi Kepemimpinan Hitam: 27 April Prof. Stephen Zeff menerbitkan buku baru tentang Henry Rand Hatfield, sejarawan akuntansi Rice Alliance melanjutkan perluasan jaringan, meningkatkan layanan Jones School Campaign Visit Situs Konstruksi - - - - - - - - - - - - - - - - - - - - - - - - - - - - - - - - - - - - - - - - - - - - - - - - - - Pengumuman - - - - - - - - - - - - - - - - - - - - - - - - Jika Anda yang ada di kelas tahun 1996 tidak menerima survei majalah Forbes, silakan isi ketika datang . Forbes melihat pengembalian investasi. Nama dan alamat Anda tidak akan digunakan untuk tujuan lain di luar kuesioner halaman ini dan tanggapan Anda akan tetap rahasia. Seperti yang Anda ketahui, peringkat dipengaruhi oleh persentase kelas yang mengembalikan survei. Ini berlaku untuk semua peringkat. Kami sangat menghargai Anda meluangkan waktu untuk melakukan ini dan terima kasih telah mendukung Jones School. - - - - - - - - - - - - - - - - - - - - - - - - - - Berita - - - - - - - - - - - - - - - - - - - - - - - - - lulusan Jones Asosiasi Alumni Sekolah akan menjadi tuan rumah resepsi dekan pada hari Kamis, 15 Maret, di New York City. Anda dan tamu Anda diundang untuk bergabung dengan Gil Whitaker, Dean dan Profesor Ekonomi Bisnis, untuk koktail dan hors d, oeuvres dari 6 hingga 8 p. M . pada 15 Maret di lantai 50, j. P . Morgan Chase & Co. Bangunan, 270 Park Avenue, New York, NY. Silakan RSVP ke Deanna Sheaffer, Direktur Urusan Keuangan dan Alumni, di Sheaffer @ Rice. Edu atau 713 - 348 - 6222. Manajer dan pemilik bisnis akan membahas masalah yang terkait dengan wanita dalam kepemimpinan dalam konferensi 16 Maret ""Rahmat di bawah tekanan: Perspektif tentang Perempuan dalam Kepemimpinan"" di Herring Hall. Konferensi, disponsori oleh Enron Corp. , J . P . Morgan Chase Monika Drake, Asisten Direktur Perencanaan Karir, Jones School; Marla Hutchison, Kepala Sekolah, Deloitte Consulting; Christie Patrick, Wakil Presiden, Urusan Publik, Enron Corp. ; dan Bette Wickline, Direktur, Wanita, S Inisiatif Bisnis, J. P . Morgan Chase & Co. Kuliah Neuhaus 19 Maret yang menampilkan c. k. Prahalad, Harvey c. Profesor Administrasi Bisnis Fruehauf, Sekolah Pascasarjana Administrasi Bisnis Universitas Michigan, Ann Arbor, telah dibatalkan. Ini akan dijadwal ulang di kemudian hari. Jones School dan Rice Alliance akan menyambut calon pengusaha di Kompetisi Rencana Bisnis Barat Daya Pertama, yang dijadwalkan untuk 30 Maret - 31 Maret, di Herring Hall. Sembilan tim dari sekolah di wilayah barat daya U. S . Akan bersaing untuk mendapatkan kesempatan untuk memasuki kompetisi moot corpc internasional yang diadakan setiap tahun di University of Texas, Austin. http: / / www. Aliansi. beras . EDU / SWBPC / The Rice Alliance menjadi tuan rumah Forum Presentasi Rencana Bisnis Tahunan Kedua dari 9 a. M . hingga 1: 30 hal. M . Pada hari Sabtu, 31 Maret, Duncan Hall. Forum ini dimaksudkan untuk memberikan presenter dengan pembinaan yang jujur ​​dan konstruktif pada komponen rencana bisnis mereka. Ralph Eads, Wakil Presiden Eksekutif Grup Energi dan Produksi untuk El Paso Corp. , akan berbicara di seri kuliah Dekan yang dijadwalkan untuk 9: 45 a. M . pada hari Rabu, 11 April di 124 Herring Hall. http: / / jonesgsm. beras . EDU / BERITA / KALENDER / INDEX. CFM? EventRecord = 1735 Penasihat dan Penasihat Keuangan Brooke Stevens; Ketua Perusahaan Minyak Shell Steve Miller; mantan u. S . Sekretaris Energi Hazel O 'Leary; dan Anggota Dewan Federal Reserve Samuel Golden. http: / / jonesgsm. beras . edu / konten / konten. CFM? PageID = 60 Stephen Zeff, Herbert s. Profesor Autrey dari Akuntansi dan Profesor Studi Manajerial, diprofilkan dalam Berita Rice edisi 1 Maret untuk keberhasilan rilis bukunya tentang sejarawan akuntansi Henry Rand Hatfield, profesor akuntansi waktu penuh pertama pertama di A U. S . Universitas . Dalam peringkat tahun 2001 dari program MBA penuh - waktu MBA di dunia, Financial Times memberi peringkat Jones School di antara sepuluh yang terbaik dalam empat kategori: Nilai untuk Uang; dipekerjakan pada tiga bulan; keuangan ; Kewirausahaan. Secara keseluruhan, Jones berada di peringkat ke -35 dari 51 U. S . Sekolah dan ke -54 di antara 100 sekolah bisnis lulusan terbaik di dunia. Aliansi Beras untuk Teknologi dan Kewirausahaan memasuki tahun kedua bertekad untuk meningkatkan layanan yang telah mempromosikan semangat kewirausahaan dalam komunitas beras dan di Houston. Aliansi ini menyatukan para siswa, fakultas, alumni, dan pihak -pihak terkait Rice lainnya sebagai kolaborator, mentor dan investor dalam bidang teknik, sains, perangkat lunak, atau inovasi perdagangan. - - - - - - - - - - - - - - - - - - - - - - - - - - - - - - - -  on line :  - - - - - - - - - - - - - - - - - - - - - - - - - - - - - - - ' Pelajari tentang inisiatif dan program baru dan yang akan datang di sekolah, dan lihat rendering artis dari bangunan $ 60 juta yang baru, saat ini sedang dibangun. http: / / jonesgsm. beras . edu / kampanye / kampanye. HTML @ Jones: Berita dan informasi dari Sekolah Jones, Jones School E - Newsletter, diterbitkan setiap bulan oleh Departemen Hubungan Masyarakat Jesse h. Jones Graduate School of Management. Situs web Jones School http: / / jonesgsm. beras . EDU sering diperbarui dan kami mendorong Anda untuk mengunjungi situs secara teratur untuk mendapatkan berita dan informasi terbaru tentang inisiatif dan program baru di Jones School. Untuk mengirimkan barang yang akan diposting di situs web Jones School, silakan E - kirimkan jgsmnews @ nice. edu atau hubungi 713 - 348 - 6364."
ham,"FW: Energy Leader Consulting Generation Evaluator (EGE) Vince: Ini adalah pria yang ingin bertemu dengan Anda pada tanggal 29? - - - - - Pesan Asli - - - - - Dari: ""Steve Mitnick"" @ Enron [MailTo: iMceanotes - + 22 Steve + 20 Mitnick + 22 + 20 + 3 CSMITNICK + 40 EarthLink + 2 Enet + 3 E + 40 Enron @ Enron. com] Dikirim: Senin, 21 Mei 2001 9: 13 pagi ke: Crenshaw, Shirley CC: vkamins @ enron. Subjek Com: Evaluator Generasi Konsultasi Pemimpin Energi (EGE) Shirley: Seperti yang diminta, di sini adalah informasi mengenai pertemuan dengan Vince Kaminski. Presentasi pada aplikasi Alat EGE dan Studi Kasus Energi Allegheny tepat waktu untuk memakan waktu satu jam. Jika pertemuan ini paling mudah dijadwalkan untuk hari Selasa, 29 Mei, mungkinkah saya memintanya ditetapkan untuk sore hari (karena janji temu saya yang lain adalah hari berikutnya). Dan, seperti yang akan diingat Vince, saya adalah co - pemimpin bisnis konsultasi energi PHB Hagler Bailly, dan pengembang ramp up, waktu nyata, 75 alat pemeriksaan dan strategi listrik. Saat ini, saya adalah CEO Energy Leader Consulting (ELC). latar belakang u. S . Industri pembangkit listrik menjadi semakin efisien dalam beberapa tahun terakhir. Peserta baru yang berkembang pesat mencari maksimalisasi laba secara agresif. Utilities, yang masih mengendalikan sebagian besar pembangkit listrik, berusaha untuk mengadopsi metode pendatang. Namun, ketidakefisienan di antara banyak utilitas tetap tersebar luas. Ketidakefisienan utilitas muncul dari kepatuhan hingga beberapa dekade - kebiasaan lama dan dalam komitmen unit dan pengiriman serta penjadwalan pemeliharaan yang direncanakan. Banyak utilitas, terlepas dari industri - tren luas menuju maksimalisasi laba, berpegang teguh pada rutinitas yang sudah mendarah daging. Ketidakefisienan juga dapat timbul dari diseconomies dalam skala kecil. Utilitas dapat mengoperasikan sistem yang relatif kecil (kurang dari selusin pabrik). Sistem kecil tidak memiliki diversifikasi dan perspektif portofolio dalam fokusnya pada pelanggan yang diatur, bermain pasar grosir dengan margin. Karena berbagai alasan, utilitas enggan mengurangi awal unit pembangkit mereka, apalagi menutup apa pun (bahkan sementara atau musiman). Unit yang tidak efisien secara ekonomi terus berkomitmen, minggu demi minggu, dan dijalankan dalam jangkauan setengah. Tujuan EGE EGE mengidentifikasi dan menilai unit -unit pembangkit dari suatu utilitas dengan rutinitas komitmen yang dipertanyakan. Mempertimbangkan faktor transmisi dan keandalan, prosedur menunjukkan peluang laba yang mungkin dieksploitasi oleh peserta industri lain. Saya . Peserta industri dapat menggunakan EGE sebagai dasar untuk transaksi daya grosir menengah atau panjang dengan utilitas; atau untuk harga grosir daya lebih agresif, untuk mengambil pangsa pasar dari utilitas (mis., Mendorong perubahan dalam kebiasaan komitmen unit). ii. Peserta industri dapat menggunakan EGE untuk melihat dan mengukur efisiensi yang akan berasal dari merger atau akuisisi. aku aku aku . Pengembang pembangkit listrik dapat menggunakan EGE untuk memperkirakan nilai tambahan yang akan dinikmati oleh pabrik baru ketika rutinitas komitmen unit utilitas target pasti dirasionalisasi. Konsep EGE spesifik EGE mengurangi dan menganalisis basis data pemantauan emisi kontinu yang luar biasa tetapi tidak terlalu fokus pada peluang laba. Ini menghasilkan statistik indikatif seperti: a. distribusi frekuensi mulai per minggu; B . distribusi frekuensi Starts by Day / 15 - Segmen menit selama seminggu; C . distribusi frekuensi tingkat beban; D . distribusi frekuensi jam operasi per start; e. rata -rata laju panas dan perkiraan sepenuhnya - biaya yang dialokasikan dalam kisaran setengah -beban; F . Tingkat ramp rata -rata dari kisaran setengah - beban; G . distribusi frekuensi kapasitas terhubung yang tidak digunakan selama jam permintaan tertinggi; dan H . Tingkat pemadaman pemeliharaan paksa - off (di mana ditunjukkan). Statistik indikatif umumnya dikumpulkan berdasarkan bulan / tahun; Dalam beberapa kasus, dengan kisaran suhu. (Mereka dapat dengan harga grosir regional juga.) EGE menetapkan jika utilitas target telah mengubah rutinitas komitmen unit secara signifikan dalam beberapa tahun terakhir. EGE didasarkan pada data operasi per jam aktual yang unik tepat waktu. EGE sekarang diperbarui untuk kuartal ke -4 2000 (hingga 31 Desember 2000). EGE LST Quarter 2000 (hingga 31 Maret 2001) akan tersedia sekitar 15 Juni 2001. EGE juga membandingkan dan menempati peringkat komitmen unit dan pengiriman dengan unit serupa yang dioperasikan oleh utilitas target (serta generator regional lainnya). Beberapa utilitas mengoperasikan sekelompok unit marjinal secara ekonomi pada tingkat setengah beban untuk periode waktu yang lama (tanpa dasar keandalan yang jelas), membagi permintaan ekonomi yang terbatas akan kekuasaan di antara unit -unit tersebut. Data pendukung EGE lainnya: i. jadwal pemeliharaan yang direncanakan (di mana ditunjukkan); J . kapasitas pembangkit maksimum aktual; k. Kapasitas pembangkit minimum aktual (maksimum dan minimum aktual dapat berbeda secara signifikan dari nilai -nilai yang dilaporkan pemerintah); l. Tingkat panas rata -rata dalam kisaran beban penuh; dan m. Tingkat panas rata -rata dalam kisaran beban tiga - seperempat. Sehubungan dengan laju panas rata -rata unit pembangkit di setengah beban, tiga - seperempat - beban dan rentang beban penuh, dapat menjadi instruktif untuk memberi peringkat ini relatif terhadap unit -unit pembangkit yang serupa di suatu wilayah. Ini juga dapat menarik untuk mengidentifikasi variasi musiman yang signifikan dalam laju panas rata -rata dan kapasitas maksimum, dan perubahan dalam beberapa tahun terakhir dalam parameter ini. Contoh dunia Allegheny Allegheny Energheny yang sebenarnya dapat berfungsi sebagai studi kasus untuk menggambarkan penerapan EGE. Pada kuartal ke -4 2000, misalnya, satu unit penghasil biaya tinggi dimulai hampir setiap pagi hari kerja (52 kali) dan berkomitmen sepanjang hari (dalam semua kecuali dua kasus). Bisa dibilang, ada produk listrik yang dapat menggantikan rutinitas ini (setidaknya sebagian) dengan untung kepada penjual produk dan energi Allegheny. Unit Penghasil Energi Allegheny tinggi lainnya dimulai hampir setiap akhir pekan selama musim gugur (sembilan kali) dan berkomitmen untuk sebagian besar minggu mendatang. Di pabrik lain, dua unit biaya tinggi dioperasikan terlalu sering dalam kisaran setengah muatan yang mahal (sekitar 550 jam) dan tiga - kisaran beban (400 hingga 600 jam lainnya); Mereka jarang dipanggil untuk berlari di level yang lebih tinggi. Sekali lagi, ada produk listrik yang membahas praktik -praktik ini dan mungkin menarik energi Allegheny. Penawaran Energy Leader Consulting (ELC) EGE adalah prosedur, bukan paket perangkat lunak atau basis data. ELC percaya format ini lebih efektif dalam mempersenjatai klien dengan informasi yang mereka butuhkan untuk bertindak berdasarkan peluang keuntungan. ELC mentransfer ""pengetahuan"" tentang prosedur EGE dan metode data pendukung dalam proses empat langkah lurus - maju: 1. Enron akan memilih satu hingga tiga utilitas target. 2. ELC akan melakukan prosedur EGE pada utilitas target. 3. Menggunakan analisis dunia nyata ini sebagai alat pedagogik, ELC, dalam seminar satu hari dengan personel Enron, akan menginstruksikan bagaimana melakukan prosedur di masa depan (tanpa bantuan ELC). 4. Secara opsional, ELC akan menyediakan data pendukung EGE, triwulanan, ke Enron. Kumpulan data pendukung EGE dasar adalah nasional termasuk semua unit pembangkit di bawah Program Pemantauan Emisi Berkelanjutan (hampir semua unit bahan bakar fosil). Parameter yang dimasukkan, dan format set data, akan ditentukan berdasarkan permintaan. Modifikasi khusus akan dipertimbangkan. Steven a. Chief Executive Officer Mitnick Pemimpin Energi Konsultasi 4807 41 St Street, NW Washington, DC 20016 (202) 997 - 0924 Voice (202) 537 - 0906 Faks Smitnick @ Energyleader. com"
ham,"Re: Pertanyaan pengiriman publikasi Martin, saya tidak melihat masalah apa pun. Posisi artikel SupportSenron. Tolong pergilah . vince - - - - - - - - - - - - - - - - - - - - - - - - Ditahan oleh Vince J Kaminski / Hou / ECT pada 04/09 / 2001 02: 02 PM - - - - - - - - - - - - - - - - - - - - - - - - - - - ' @ ECT Subjek: Re: Pertanyaan pengiriman publikasi Martin, izinkan saya membacanya pada hari Jumat. Kami menjalankan makalah kami oleh departemen PR kami untuk meninjau potensi konflik dengan jalur perusahaan. Saya akan memberikannya kepada mereka. Saya pikir Anda harus mengirimkannya sebagai karyawan Enron dengan catatan bahwa itu dikembangkan ketika Anda berada di UT. Vince dari: Martin Lin pada 04/02/2001 11: 59 AM ke: Vince J Kaminski / Hou / ect @ ect CC: Subjek: Pertanyaan Publikasi Profesor Pengawas saya dari UT dan saya sedang menyelesaikan makalah (akhirnya!) Yaitu adalah Berdasarkan pekerjaan yang dilakukan untuk PhD saya. Semua penelitian dilakukan ketika saya masih mahasiswa pascasarjana. Saya memiliki beberapa pertanyaan tentang penyerahan makalah ini (ke transaksi IEEE pada sistem daya). 1. Haruskah saya mengirimkannya dengan afiliasi saya sebagai Universitas Texas di Austin atau sebagai Enron (Ena, Corp, dll)? 2. Ulasan / izin legal atau lain apa yang akan saya butuhkan? Draf makalah untuk ulasan Anda terlampir. Terima kasih, Martin"
ham,"Vince Kaminski Laporan Biaya Hi Liz: Vince memiliki dua laporan pengeluaran yang tertunda untuk disetujui dari Greg Whalley. Mereka adalah: London Trip - 8, 051. 59 Philadelphia (Wharton Business School) - 2, 067. 47 Harap minta Greg menyetujui ini sesegera mungkin. The Wharton School akan bersilangan - dibebankan ke pusat biaya Christie Patrick. Tetapi untuk kebijaksanaan dalam mendapatkan bayaran ini diajukan di pusat biaya kami. terima kasih ! Shirley"
ham,"Saya sudah melakukannya. . . . Vince, terima kasih untuk ini. Pengirim asli resume ini, Brian, bekerja untuk saya! Katakanlah, apakah Anda memiliki petunjuk panas di tangan yang baik - pada insinyur listrik yang tertarik untuk merancang sensor? Cheers, Scott - - - - - - - - - - - - - - - - - - - - - - - - diteruskan oleh Scott Tholan / Corp / Enron pada 01/30 / 2001 06: 14 PM - - - - - - - - - - - - - - - - - - - - - - - - - ' telah melakukannya. . . . Scott, tolong, lihat resume ini. Vince - - - - - - - - - - - - - - - - - - - - - - - - Ditahan oleh Vince J Kaminski / Hou / ECT pada 01 /30 /2001 05: 46 PM - - - - - - - - - - - - - - - - - - - - - - - - - - - ' : Saya sudah melakukannya. . . . Vince - ini dia. . . Ini telah diformat ulang - - - - - diteruskan oleh Paula Corey / Enron Communications pada 01/30/01 01: 03 PM - - - - - Brian Mihura @ Enron 01 /30 /01 11: 52 AM ke: Paula Corey / Enron Communications @ Enron Communications CC: Subjek: Saya sudah melakukannya. . . . Inilah resume Matt sebagai Msword Doc."
ham,"Re: Posisi Magang Musim Panas Celeste, kita perlu memastikan bahwa pekerja magang dalam kelompok Vince dikoordinasikan dan dimasukkan dengan sisa rekan musim panas. Mereka harus ditawari tanggal awal yang sama, saya percaya mereka 22 Mei 2000 5 Juni 2000. Saya tidak yakin tentang tanggal Juni. Maukah Anda memeriksa dan memberi tahu Vince. Mereka juga harus ditawari paket gaji awal yang sama dengan yang lain. Mereka akan dimasukkan dalam pelatihan (beberapa hari) dan acara lain yang kami host. terima kasih"
ham,"Uji Coba Situs Web WeathereFexts Mike, menindaklanjuti panggilan telepon saya, kami siap melakukan hal berikut: 1. Tetapkan login dan kata sandi ke Enron untuk evaluasi uji coba www. efek cuaca . Layanan Web Com Power Trader. 2. memulai panggilan konferensi bilateral harian di pagi hari untuk ditentukan. Untuk memastikan bahwa pedagang dan analis Anda siap untuk panggilan seperti itu, kami akan menunggu tanggapan Anda terhadap email ini sebelum memulai layanan. 3. Kami juga akan PDF file analisis energi tertentu kepada Anda (misalnya, file pasar gas harian) sehingga Anda dapat melihat evolusi pemikiran sehari -hari kami di pasar. Pengingat bahwa layanan listrik saat ini berurusan dengan Nepool dan PJM dan akan memulai cakupan NYPP pada bulan September. Saya menantikan balasan anda . Direktur Ed Krapels, ESAI Gas and Power Services"
ham,"Sumber Daya Tambahan Ben dan saya telah membahas kemungkinan mendapatkan dukungan yang lebih berdedikasi dari Houston pada proyek kami. Kami bertanya -tanya apa kemungkinan itu memiliki amitava atau vasant yang datang selama 8 - 12 minggu untuk membantu mendapatkan hal -hal yang dimulai pada penilaian kredit dan pemodelan di depan serta memberikan beberapa panduan tentang bagian CLO dari bisnis dan berpotensi mempekerjakan AN Sumber Daya Penuh Waktu Tambahan. Jika ada kemungkinan, itu akan sangat berharga mengingat waktu tunggu yang lama untuk mendapatkan seseorang dari kota dan diintegrasikan selain biaya yang signifikan. Beri tahu saya pikiran Anda BS"
ham,"Rice / Enron Finance Seminar Series Salinan makalah Paul Schultz, ""Who Make the Market,"" sekarang tersedia. Makalah yang dapat diperoleh (pada hari Senin pasti) dari Felicia Jones (Ekonomi), Latha Ramchand (University of Houston), dan Vince Kaminski (Enron) atau Barbara Ostdiek (orang lain). Seminar Paul adalah Jumat, 30 Maret, pukul 3: 30 di kamar 201 (perhatikan ganti kamar). Abstrak makalah ini disalin di bawah ini: Abstrak ""Saya memberikan bukti bahwa dealer NASDAQ membuat pasar di saham di mana mereka menerima aliran pesanan. Beberapa variabel yang digunakan untuk proxy untuk saham yang akan diperdagangkan oleh pelanggan pialang PROMEN MASYARA PERVIAD Volume, lokasi, partisipasi penjaminan dan cakupan analis, merupakan penentu signifikan dari kegiatan penandaan pasar. Keuntungan informasi juga dapat menjadi faktor dalam keputusan pembuatan pasar sebagaimana dibuktikan oleh dealer yang berspesialisasi dalam saham dalam industri tertentu. Beberapa masalah potensial yang muncul ketika para peneliti mengabaikan tersebut Integrasi pembuatan pasar dengan pialang, analisis sekuritas dan bisnis penjaminan dibahas. """
ham,"Re: Exotica. xla hi anjam, terima kasih atas infonya. Saya takut satu hal yang saya tidak tahu adalah cara membangun S: \ riset \ exotica \ excel \ exotica. XLA dari kode yang Anda kirimkan kepada saya. Bisakah Anda mengirimkan instruksi kepada saya? Juga karena Anda sangat sibuk dan jauh dari meja Anda, dapatkah Anda mengatur kalender Notes Lotus Anda, maka Mary Ward dan Joe Kelsey izin dapat melihat kalender Anda sehingga saya dapat menghubungi Anda jika ada yang muncul. Mereka berdua bisa melihat kalender saya. Terima kasih, Sharad Enron Eropa dari: Anjam Ahmad 17/10/2000 11: 37 ke: Sharad Agnihotri / Lon / ECT @ ECT CC: Vince J Kaminski / Hou / ect @ ect, Stinson Gibner / Hou / ECT @ ect, Zimin Lu / hou / ect @ ect, dale surbey / lon / ect @ ect subjek: eksotika. XLA sebagai jawaban atas pertanyaan Anda. Anjam - - - - - - - - - - - - - - - - - - - - - - - - Ditahan oleh Anjam Ahmad / Lon / ECT pada 17/10 / 2000 09: 20 - - - - - - - - - - - - - - - - - - - - - - - - - - - - - ' @ ect, Stinson Gibner / hou / ect @ ect, dale surbey / lon / ect @ ect, tani nath / lon / ect @ ect, steven leppard / lon / ect @ ect subjek: eksotika. XLA HI ANJAM, saya punya beberapa pertanyaan / permintaan tentang Libarary Eksotik: 1) Bisakah Anda mengirimi saya instruksi untuk membangun / menyusun S: \ Research \ Exotica \ Excel \ Exotica. XLA juga jika ada kode sumber lagi yang saya butuhkan, bisakah Anda - kirimkan saya itu. Anda memiliki semua kode (C & VBA) yang membentuk perpustakaan sekarang - silakan lihat previou e - mail 2) juga dapatkah Anda - mengirimkan saya dokumen tentang perubahan yang telah Anda buat untuk s: \ riset \ exotica \ excel \ exotica . Perubahan XLA didokumentasikan melalui aterasi untuk komentar pada file kode sumber individual seperti metode saat ini di Houston dan seperti yang diadopsi oleh saya di London - kontrol versi terjadi pada tingkat file individual daripada melalui soiurce safe 3) eksotika. XLA Digunakan di London dan Exotica. XLL yang digunakan di Houston sangat berbeda. Pengujian regresi apa yang telah dilakukan? Bagaimana kita tahu jika dua versi yang telah kita gunakan menghasilkan hasil yang sama. Saya belum membandingkan XLL dari Houston dengan XLA kami - ini akan menjadi latihan yang berguna untuk Anda 4) dilihat dari dokumentasi ada beberapa fungsi lagi yang tersedia di houston eksotika seperti spread Asia, kuanto, digital dll. Apakah ada alasan mengapa mereka belum diterapkan dalam eksotika London. XLA? Pemeliharaan dan peningkatan ke London Exotica untuk memastikan kompatibilitas dengan Houston dan sebaliknya adalah proses yang sedang berlangsung - mau tidak mau akan ada beberapa jeda antara model baru yang diterapkan di Houston dan di London, seperti halnya dengan spread dan digital Asia. Quantos sudah tersedia - lihat kode VBA. Terima kasih sebelumnya, Sharad"
ham,"Orang -orang terminal Floating LNG, sebagai berikut - hingga penyelidikan Scott Neal pagi ini tentang peluang LNG portabel / mengambang untuk California, saya telah belajar bahwa saat ini tidak ada kemampuan seperti itu. Menurut Todd Peterson dari Enron Global LNG, eksploitasi peluang ini telah menjadi topik beberapa artikel industri tetapi tidak ada seorang pun, sejauh yang kita tahu, telah membangun kapal semacam itu. Saya memang menemukan desain yang diusulkan untuk terminal mengambang LNG oleh perusahaan Italia, Tecnomare. Saya menghubungi mereka dan mereka mengindikasikan bahwa mereka belum membangun kapal seperti itu. Diperkirakan bahwa konstruksi kapal seperti itu akan memakan waktu 2 - 3 tahun, dan seperti yang mungkin dibayangkan, mencapai kinerja operasional dan lingkungan yang diperlukan di kapal seperti itu akan sangat substansial. Terlampir adalah tautan ke deskripsi yang relatif singkat tentang kapal yang diusulkan, beri tahu saya jika diperlukan penelitian lebih lanjut. Charlie Weldon"
ham,"Kalender Akademik Musim Semi 2001 untuk Fakultas dan Siswa Jones Graduate School 2001, Kalender Akademik Musim Semi 2001 untuk Sekolah Pascasarjana Jones telah ditempatkan di Embanet. Untuk mengakses kalender akademik, buka ikon Area JGSM di Desktop Embanet. Berikutnya, buka ikon pengumuman JGSM. Anda akan menemukan Kalender Akademik Musim Semi 2001 yang terletak di bawah kolom subjek. Harap buka dokumennya. Jika Anda tidak memiliki akses ke Embanet, Anda harus berbicara dengan David Kilgore di Kilgore @ Rice. edu atau dengan menelepon David di 713 - 348 - 5378. Terima kasih, Kathy Kathy m. Koordinator program MBA spradling Jesse h. Jones Graduate School of Management Rice University 6100 Main Street, MS 531 Houston, Texas 77005 - 1892 Telepon: (713) 348 - 3313 Faks: (713) 348 - 5251 Email: Spradlin @ Rice. edu http: / / www. beras . Edu / JGS E - Mail: Spradlin @ Rice. edu http: / / www. ruf. beras . edu / ~ jgs /"
ham,"Halo Vince, saya senang berbicara dengan Anda pagi ini. Per percakapan kami, inilah resume Norberto Valdes. Saya akan menghubungi Anda dalam waktu sekitar satu jam untuk memastikan Anda menerimanya. Terima kasih dan beri tahu saya kapan Anda ingin bertemu dengannya. Hormat kami, Lisa Ford 281) 913 - 2076 (lihat file terlampir: resumen 4. Doc) - Resumen 4. dokter"
ham,"Re: Kertas risiko 1997 tentang penetapan harga turunan listrik Bernard, saya meneruskan pesan Anda ke asisten saya dan dia akan mengirimkan cetak ulang kepada Anda. Saya akan senang melihat disertasi Anda. Apakah tersedia sebagai publikasi, kertas kerja? Vince ""Murphy, Bernard"" pada 03/01 / 2001 02: 17: 39 pagi untuk: ""'Vince. J. adalah Bernard Murphy - Saya menerima alamat E - surat Anda dari Les Clewlow, yang merupakan pengawas PhD saya di Pusat Penelitian Opsi Financia di Warwick Business School. Saya baru saja menyelesaikan PhD saya tentang difusi lompatan harga listrik: studi teoretis dan empiris di pasar yang tidak lengkap - karenanya minat saya pada pemodelan harga listrik dan harga turunan. Saya ingin mendapatkan salinan makalah Anda tahun 1997, yang baru -baru ini menjadi perhatian saya: ""Tantangan penetapan harga & risiko - Mengelola Derivatif Listrik"", Pasar Tenaga AS, Publikasi Risiko, PP. 149 - 171. Dan Les menyarankan agar saya menghubungi Anda secara langsung (LES bepergian saat ini dan tidak memiliki salinan elektronik yang tersedia) untuk meminta salinan E -. Kebetulan, saya adalah dosen matematika keuangan / keuangan di University of Limerick (Irlandia) dan telah mengambil tahun untuk bekerja untuk Caminus UK, di mana saya berupaya memperkenalkan dan mengembangkan pendekatan berbasis pasar (spark - spread) ke aset nyata Penilaian di Industri Tenaga Inggris. Terima kasih di Advancve Bernard Murphy"
ham,"Resume saya Molly, kami ingin membawa siswa ini sebagai magang musim panas (yang terakhir, kami kehabisan ruang). Saya akan mengirimkan pesan lain tentang tanggal yang diusulkan. terima kasih . Saya harap Anda memiliki Paskah yang sangat bahagia. vince - - - - - - - - - - - - - - - - - - - - - - - - Dikeret oleh Vince J Kaminski / Hou / ECT pada 04/13 / 2001 10: 03 pagi - - - - - - - - - - - - - - - - - - - - - - - - - - - - - - Zhendong Xia pada 04/12 / 2001 03: 58: 25 PM ke: Vince. J . Kaminski @ Enron. Com CC: Subjek: Resume saya Hai, dr. Kaminski: Senang mendapatkan balasan Anda. Ini resueme saya. Jika Anda ingin tahu lebih banyak tentang saya, jangan ragu untuk menghubungi saya. terima kasih . Zhendong Xia Georgia Institute of Technology School of Industrial and Systems Engineering Email: Dengie @ Isye. Gatech. Edu Dengie @ Sina. com tel: (h) 404 - 8975103 (o) 404 - 8944318 - cv. dokter"
ham,"Konvensi GARP 2001 Dear Mr Kaminski? Silakan temukan informasi penting yang terlampir mengenai Konvensi GARP 2001, yang akan diadakan di New York antara 13 dan 14 Februari 2001. ? Harap tanggapi pada tanggal 6 September sehingga semua detail Anda dimasukkan ke dalam brosur dan situs web kami. Jika Anda memiliki pertanyaan, jangan ragu untuk menghubungi saya. ? Saya berharap dapat bekerja sama dengan Anda dan melihat Anda di New York pada bulan Februari. ? Salam  ? Andreas _ _ _ _ _ _ _ _ _ _ _ _ _ _ _ _ _ _ _ _ _ _ _ _ _ _ _ _ andreas Simou Garp 2001 - Produser konferensi Telp Tel? + 44 (0) 20 7626 9301 Faks + 44 (0) 20 7626 9900 - Kaminski. dokter"
ham,RODRIGO LAMAS - Harapan terbaik saya ingin mengambil kesempatan untuk memberi tahu Anda bahwa saya telah mengundurkan diri hari ini. Saya berharap yang terbaik untuk Anda di Carreer dan dalam hidup Anda. Salam Rodrigo Lamas
ham,"Rencana Rencana Bisnis MarketPoint Vince: Terima kasih banyak atas minat Anda pada produk MarketPoint kami, dan terima kasih untuk jam yang Anda berikan kepada saya pagi ini. Seperti yang dijanjikan, saya melampirkan ringkasan eksekutif kami dan bab pertama dari rencana bisnis kami agar Anda dapat meneruskan manajemen Anda sebagai calon kolaborasi investasi Enron - MarketPoint. Saya ingin mengulangi bahwa ENRON memilih untuk menjadi investor utama di sini, Anda akan eksklusif di industri Anda jika Anda mau. Jika Enron ingin menjadi pemimpin dan memastikan seluruh putaran sumber daya kedua yang kami butuhkan, kami tidak akan menawarkan dan kesempatan investasi kepada perusahaan perdagangan, jaringan pipa, atau listrik lainnya hingga putaran ketiga atau selanjutnya dan hanya dengan partisipasi Anda sebagai dewan MarketPoint anggota. Saya sadar Anda telah melakukan coinvested dengan SAP di masa lalu dan bahwa Anda mungkin ingin bergabung dengan mereka lagi. Saya kira Anda tidak akan memiliki masalah dengan non -pesaing seperti EPRI, mitra penyedia layanan konsultasi manajemen kami, atau mitra VC kami (tetapi saya ingin panduan dari Anda di arena ini). Saya pikir Anda akan menemukan pasangan VC kami sangat cocok dan sangat menarik. Mereka telah melakukan beberapa energi dan perdagangan yang menarik, dan mereka akan memberikan keterampilan manajemen yang baik, saya percaya. Saya harap kita bisa bergerak maju bersama. Saya menantikan respons positif. Terima kasih sekali lagi dan salam. Dale Nesbitt PS: Anda mungkin mendengar dari Drew Ries dari Grup Investasi Anda. Saya berbicara dengannya setelah berbicara dengan Anda tentang banyak masalah yang sama. - Longexecsum. dokter"
ham,"Drogi Vincenty. Skoro ty Byles na tyle mily ze zadzoniles osmielam sie i ja zaimejlowac do ciebie. W dniach 29. 04 lakukan 7. 05 Bede W USA. Cel Turystyczny do Moich Znajomych Z Roku. W Programe Mam Wiele. Glowna Baza Idahi Springs. LECE Z MIJA CORKA I KOLEGAMI Z ROKU. Nie Znam Twojego Miejsca Zamieszkania, Ale Moze. Tefon Moich Znajomych Chyba 303 567 0190, Adres E - Mailowy Pzdrawiam Zofia Grodek. Oni Maja Na Nazwisko Golebiowscy. Dapatkan email gratis dan alamat permanen di http: / / www. netaddress. com /? n = 1"
ham,"Christie dan Vince: Atas nama Enron Team 1, kami ingin mengucapkan terima kasih karena telah menjadi tuan rumah yang ramah. Perjalanan itu jauh melebihi harapan kami dan kami menghargai kenyataan bahwa begitu banyak orang meluangkan waktu dari jadwal sibuk mereka untuk bertemu dengan kami. Terima kasih khusus untuk Anda berdua untuk menghabiskan sepanjang hari Jumat bersama kami. Kami menantikan konferensi telepon kami pada hari Kamis dan bekerja dengan Anda di masa depan. Tim 1: Kim Whitsel Nick Levitt Vincent Chen Jack Rejtman Deepa Mallik Tulika Bhalla"
ham,"Penelitian ulang - org tolong beri tahu saya tentang koreksi apa pun. - - Tim Stinson yang melapor ke Krishna, Tanya, Mike, dan Maureen tidak memiliki perubahan. ENA / EGM / EIM Dukungan untuk terutama diatur berdasarkan jenis dukungan daripada berdasarkan lini bisnis di bawah Stinson dan Vasant: Stinson (EBS) Martin Lin ( *), Shalesh Ganjoo, Chonawee Supatgiat, Iris Mack (Pricing Opsi) Zimin Lu, Alex Huang, Tom Halliburton, Bob Lee, Paulo Issler, Ken Parkhill, Tom Barkley, Hector Campos Vasant (Power) Martin Lin ( *), Lance Cunningham, Sevil Yaman (Risiko dan Analisis Pasar) Amitava Dhar, Joe Hrgovcic, Nelson Nealle, Kate, Lucas ( *) Martin memiliki opsi untuk mempertahankan ikatan dengan EBS atau secara bertahap pindah ke dasar -dasar daya."
ham,"EOL Data Mining Vince, berikut adalah empat grafik yang saya hasilkan kemarin sore yang mungkin menarik: yang pertama menunjukkan berapa persentase dari perdagangan kami yang dilakukan dengan rekanan yang berbeda - (perhatikan bagian besar yang dimainkan Aquila!) Tiga grafik lainnya Lihatlah bagaimana volume perdagangan bervariasi selama seminggu antara jam 8:00 pagi dan 4:00 siang untuk berbagai kategori produk. Gas alam dan listrik memiliki grafik sendiri, karena mereka memiliki volume yang diperdagangkan terbesar. ""Produk"" adalah untuk kategori yang tersisa. Masih ada beberapa hal yang ingin saya lihat. Perangkat lunak basis data sekarang tersedia, dan dapat dihubungi di URL berikut: Apakah Anda memiliki pertanyaan spesifik yang Anda ingin saya coba jawab tentang EOL? Saya juga mulai melakukan riset pada platform perdagangan otomatis. Apakah ada situs web dan / atau makalah yang akan Anda rekomendasikan saya baca? Terima kasih, Tom"
ham,"Faktur untuk kursus Derivatif Energi Shirley, tolong, bayar. vince - - - - - - - - - - - - - - - - - - - - - - - - Dikeret oleh Vince J Kaminski / Hou / ECT pada 03/29/290 12: 33 PM - - - - - - - - - - - - - - - - - - - - - - - - - - - - - - - lacima @ compuserve. com> pada 03/28/2000 02: 49: 43 pm ke: Shirley CC: Vince Subjek: Faktur untuk kursus Derivatif Energi Shirley, silakan temukan Faktur untuk kursus Derivatif Energi. Jika saya harus meneruskan ini ke seseorang di akun, beri tahu saya siapa yang harus saya hubungi dan saya akan mengurusnya. Terima kasih, Julie Lacima Consultants - Enron 28 _ 03 _ 00. dokter"
ham,"Memperkenalkan iijurnals online baru! Jurnal investor institusional sekarang diterbitkan secara online! Pelanggan yang terhormat, Langganan Jurnal Investor Institusional Anda sekarang termasuk akses gratis ke situs web teks lengkap. Kunjungi www. iIJurnals. com dan masuk ke beranda iijournals baru - - dari sana Anda dapat pergi ke salah satu situs spesifik jurnal. Anda dapat masuk hari ini dengan informasi akun berikut. UserId: 13417514 Kata Sandi: 13417514 Fitur Situs Baru di http: / / www. iIJurnals. com: - Baca teks lengkapnya - edisi terkini online sebelum edisi kertas mencapai kotak surat Anda. - Gunakan mesin pencari kata kunci untuk mencari melalui seluruh daftar abstrak iijournals. - Akses Online Artikel apa pun yang telah diterbitkan sejak Januari 1999. - Perbarui informasi pribadi Anda, ubah alamat surat Anda, atau cicipi jurnal investor institusional lainnya. Untuk Membaca Lengkap - Artikel Teks: Sebelum mengakses Teks Artikel Lengkap di Situs Web Jurnal Investor Institusional, Anda perlu menginstal Adobe Acrobat 4. 0 dan Fileopen. Ini adalah proses satu - waktu dan hanya perlu beberapa menit. Silakan kunjungi halaman ""Cara Membaca Artikel"" kami di situs web. Klik di sini untuk menautkan: http: / / www. iIJurnals. Com / Common / ReadArticles. ASP Kami harap Anda menikmati situs web baru ini. Jika Anda memiliki pertanyaan tambahan, komentar, atau saran tentang situs web, silakan kirim email ke info @ iijournals. com atau telepon (212) 224 - 3664. Hormat kami, Penerbit Allison Adams http: / / www. iIJurnals. com"
ham,"Lelang Kombinatorial - Latar Belakang 11 Januari MTG - - - - - Dikeret oleh Greg Woulfe / Enron Communications pada 12/28/00 09: 58 AM - - - - - Chonawee Supatgiat @ Enron 12/22 / 00 05: 08 PM ke: Stinson Gibner / Hou / ect @ ect, Greg Woulfe / Enron Communications @ Enron Communications CC: Subjek: Lelang Kombinatorial Stinson dan Greg, saya telah membaca makalah ""Lelang kombinatorial dengan banyak pemenang untuk layanan universal"" dari Richard Steinberg dan Frank Kelly. Mereka mengusulkan lelang kombinatorial yang merupakan pelelangan untuk beberapa item yang memungkinkan penawar untuk mewujudkan sinergi mereka tentang kombinasi item. Lelang kombinatorial disesuaikan untuk komoditas bandwidth karena sebagian besar penawar di pasar memiliki sinergi tentang kombinasi item. Misalnya, jika kami ingin mendapatkan bandwidth antara Boston dan DC, kami akan menawar Boston - NY dan NY - DC. Ini akan sangat berharga bagi kami hanya jika kami memenangkan kedua tautan. Jika kami hanya memenangkan satu tautan, itu tidak berguna. Dalam makalah, mereka mengusulkan metode lelang tetapi metode mereka belum diuji atau divalidasi. Saya belum memeriksa proposisi mereka secara matematis tetapi makalah mereka diterbitkan dalam Ilmu Manajemen, jadi saya pikir itu harus baik -baik saja. Saya akan melihatnya secara lebih detail dan memberi tahu Anda. Bagaimanapun, ada juga lelang kombinatorial lain yang sebenarnya digunakan, misalnya, lelang PPA pemerintah Alberta bahwa Enron Kanada berpartisipasi 3 - 4 bulan yang lalu. Berdasarkan posisi panjang kami pada bandwidth, lelang dan pertukaran mungkin merupakan saluran yang baik untuk membuang bandwidth kami yang tidak digunakan (atau tidak terjual). Saya tahu tidak ada banyak permintaan di pasar. Tetapi jika kita membuka lelang atau pertukaran kombinatorial, kita mungkin dapat meningkatkan pangsa pasar kita. (dengan mengambil permintaan dari pesaing kami). Saya percaya, saat ini, tidak ada pertukaran bandwidth yang memungkinkan tawaran ""kombinatorial"". Jika kita yang pertama melakukannya, kita dapat meningkatkan saluran penjualan kita dan mendapatkan beberapa pangsa pasar. (Catatan: Lelang -> satu penjual dan banyak pembeli: pertukaran -> banyak penjual dan banyak pembeli.) Selain itu, saya pikir pelelangan bandwidth yang tidak terjual tidak akan menyakiti kami karena kami tidak dapat menjualnya. Selain itu, kita sendiri bisa menjadi penawar dummy dalam sistem dan menawar dalam pelelangan. Jika tawaran kemenangan saat ini terlalu rendah, kita bisa selesai - menawar dan menyimpan produk. Dengan cara ini, kita secara tidak langsung dapat memberikan harga cadangan pada produk. Mari bertemu sekitar minggu pertama Januari. - Chonawee"
ham,"Re: Terima kasih dari Enpower, sama -sama. Dengan senang hati saya bekerja dengan tim Enpower yang berbakat. Zimin Zhiyun Yang @ Enron 01/04 / 2001 05: 29 PM ke: Zimin lu / hou / ect @ ect CC: Subjek: Terima kasih Hi Zimin: Terima kasih banyak atas penjelasan opsi spread, ini bukan bantuan murah yang murah . - Zhiyun"
ham,"Liburan Goodmorning, saya akan keluar dari kantor untuk liburan selama beberapa hari ke depan. Terima kasih Kevin Moore sampai jumpa saat saya kembali."
ham,"Rekayasa Jaringan Optik & Enron Penelitian Offsite Meeting Hai John, sesuai diskusi dan e - surat kami, saya menyarankan tanggal berikut untuk subjek di luar lokasi: 14 April & 15 (Jumat & Sabtu). Tempat dan agenda yang harus diikuti setelah tanggal ini dipakukan. Kepala masing -masing kelompok akan memutuskan siapa yang akan hadir. Kami juga akan mengundang Kevin Hannon, Scott Yeager, Tom Gros, Ted Seitz dan Jean Mrha begitu tanggal dan agenda disepakati oleh orang -orang teknis. Seperti sebelumnya, idenya adalah untuk memperkenalkan dua kelompok paling teknis dalam Enron dan untuk bertukar ide dan masalah. Tim Peneliti Enron akan memberikan presentasi perdagangan dan pemodelan dan tim rekayasa jaringan optik akan menyajikan topik terkait jaringan dan komponen. Mengambil jauh dari dua hari adalah untuk menyediakan kelompok John Griebling dengan pemahaman yang lebih baik tentang bagaimana pasar perdagangan telah dikembangkan secara umum dan pasar energi khususnya melalui Enron (i. E., Bagaimana sosis dibuat!). Demikian juga, grup John akan memberi kita pemahaman yang lebih baik tentang jaringan optik dari perspektif teknis. Secara khusus, bagaimana EBS berencana untuk mengembangkan jaringan optik yang dialihkan secara puplik (PSON) bahwa John telah 'mencap' jaringan berbasis pooling point kami! Harap balas secepatnya jika dua hari ini (14 & 15 April) akan berhasil. Selain itu, John, adalah saran asli untuk menahannya di kabin Scott Yeager di suatu tempat di Colorado Mts. masih memegang? Jika ya, saya mungkin harus memberi tahu Scott! Jika tidak, saya akan mencoba mencari tempat lain - - ada saran, ada orang? Salam, Ravi."
ham,"Re: Craig, terima kasih atas umpan baliknya. Elena benar -benar hebat dan saya pikir dia akan menjadi aset Enron yang hebat. Vince Craig Breslau 08 /09 /2000 09: 19:00 untuk: Vince J Kaminski / Hou / ect @ ect, Mike A Roberts / Hou / ect @ ect CC: Subjek: Saya ingin memberi Anda umpan balik. Elena Chilkina telah jauh di atas Call of Duty untuk membantu saya dalam proyek penelitian yang sangat penting. Saya mencoba melakukan beberapa penelitian di pasar bahan bakar global untuk Jeff Shankman. Ketika saya menyebutkan ini kepada Elena, dia sangat membantu dalam membantu saya menyusun beberapa informasi yang sangat berguna tentang pemberitahuan yang sangat singkat. Dia dapat dengan cepat mendefinisikan ruang lingkup proyek dan mengumpulkan beberapa informasi terkait. Karena ini bukan salah satu tugas regulernya, dia menghabiskan banyak jam ekstra untuk membantu kami dalam proyek ini. Saya hanya ingin memberi tahu Anda tentang pekerjaan yang dilakukan dengan baik. Salam, Craig"
ham,"Wharton Hai Jeff! Saya tahu Anda menerima informasi di bawah ini. Selain itu, saya memiliki 2 orang dari layanan broadband yang bertemu kami di sana pada hari Jumat (satu adalah Traci Warner yang mendirikan Rice U Deal). Selanjutnya, saya akan bertemu dengan Amy Briggs tentang Konferensi Kewirausahaan 30 Nov dan Desember. Saya sudah berbicara dengannya dan Tom Piazze dan keduanya secara independen mengkonfirmasi seperti yang Anda duga bahwa kami berkomitmen untuk mensponsori di level $ 10.000. Ini memberi kami hak untuk spanduk, panel, poster, dan yang paling penting, alamat utama. Saya akan membahas alamat utama dengannya tetapi akan menghargai pemikiran Anda terlebih dahulu tentang bagaimana Anda ingin melihat keynote pidato dieksekusi (saran untuk topik, mengusulkan kandidat yang berbicara, ketika di konferensi Anda ingin melihat Enron ' S ucapan, dll). Saya akan meninjau perjalanan dengan Anda saat kami kembali. Terima kasih Jeff! - - Christie. - - - - - - - - - - - - - - - - ' - - - - - - - - - - - - - - - - - ' , Anne "","" Cieri, Emily Gohn "","" Weigelt, Keith W "","" Piazze, Donna "","" Tyler, Cara "","" Kunreuther, Howard "","" Wind, Yoram "","" Baltes, Michael "", Musim Dingin , Sidney G ""CC:"" Roberts, Stacey "","" Williams, Dorothy (Wharton) "","" Harker, Patrick "","" 'Kaminski, Vince' "","" 'Patrick, Christie' "","" 'Shankman, Jeff' "" Subjek: Kunjungan oleh Enron, 19 Oktober 2000 Tim eksekutif kunci dari Enron akan berada di kampus pada tanggal 19 Oktober untuk keperluan pertemuan dengan staf kunci dan fakultas untuk mempelajari lebih lanjut tentang sekolah dan bagaimana perusahaan dapat memperoleh yang lebih besar kehadiran di sini. Termasuk dalam kelompok ini adalah: Vince Kaminski, Direktur Riset Christie Patrick, VP, Hubungan Universitas Mike Rosen, Direktur, Kelompok Urusan Universitas Saya telah mengembangkan agenda yang diusulkan untuk kunjungan tersebut. Harap tinjau dan konfirmasi bahwa Anda tersedia untuk bertemu dengan satu atau lebih tim Enron pada waktu yang ditentukan. Jika demikian, berikan saya lokasi pertemuan yang disukai. Jika tidak, silakan alternatif waktu dan lokasi. 8: 00 - 9: 00 Sarapan dengan Donna Piazze dan Keith Weigelt untuk membahas ""Proyek Tiger Team Fap"" The Ivy Grill, Inn di Penn 9: 00 - 10: 30 Pertemuan dengan Raffi Amit, Ian Macmillan, Emily Cieri dan Anne Stamer ke Diskusikan sol c. Snider Entreprenuer Center dan program terkaitnya, kompetisi rencana bisnis dan Webi. . . Ruang Konferensi Lantai 4, Vance Hall? ? ? 10: 30 - 12: 00 Christie dan Mike mengadakan diskusi dengan Cara Tyler, Bob Bonner dan Pat Rose mengenai proses dan prosedur perekrutan. . . Ruang Konferensi CMS 10: 30 -? ? ? Eksekutif broadband bertemu dengan Gerry McCartney dan pejabat universitas lainnya untuk membahas kebutuhan kampus, proyeksi penggunaan di masa depan, dll. 10: 30 - 11: 30 Vince Bertemu dengan Sid Winter Reference Jones Center dan Penelitian Terkait 11: 30 - 12: 00 Vince bertemu dengan Howard Kunruether untuk membahas manajemen risiko 12: 00 - 1: 15 PM Makan siang kelompok dengan Jerry Wind di Fakultas Klub Fakultas Untuk membahas program E - Fellows 2: 00 - 3: 00 PM Christie dan Mike bertemu dengan Mike Baltes untuk membahas masalah branding dengan Wharton dan UPENN 5:00 PM Semua akan menghadiri acara makan malam ET Conference Harap konfirmasi kesediaan dan ketersediaan Anda untuk mendukung agenda ini. terima kasih atas bantuan Anda . Tom"
ham,Permintaan yang dikirimkan: Permintaan akses untuk Sandeep. kohli @ enron. com Anda telah menerima email ini karena pemohon menetapkan Anda sebagai manajer mereka. Silakan klik persetujuan untuk meninjau dan bertindak berdasarkan permintaan ini. ID Permintaan: 0000000000225312 Permintaan Buat Tanggal: 3/23/01 9: 52: 03 AM diminta untuk: Sandeep. kohli @ enron. Nama Sumber Daya COM: Visual Studio Enterprise Sumber Daya Jenis: Aplikasi
ham,"Undangan Kelompok Fokus - Pengawas Charlene, Karen: Vince meminta saya untuk memberi tahu Anda bahwa ia tidak akan dapat menghadiri makan siang pada hari Jumat, 8 September. Dia memiliki pertunangan sebelumnya yang tidak bisa dia lewatkan. Saya mencoba menghubungi Constance Charles, tetapi kotak surat suaranya penuh. terima kasih . Koordinator Administrasi Shirley Crenshaw"
ham,"Pertemuan minggu depan Hai teman -teman, Vince berbicara dengan Christie dan mereka berdua tersedia Selasa depan (Hari Permainan) pukul 9 pagi. Bisakah Anda bertemu kemudian untuk mulai menyiapkan garis besar? Apakah Anda akan siap untuk presentasi di pertemuan makan siang kelompok penelitian Kamis depan? Vince akan keluar, tetapi Anda pasti akan mendapatkan beberapa pertanyaan menarik dari orang lain di pertemuan itu, jika Anda siap untuk itu. Beri tahu saya segera, dan kami dapat menjadwalkan Anda untuk Kamis depan. Bicaralah denganmu nanti Ken"
ham,"EBS Research Telecom Rercruiting Effot Hai, Vince Harap berupaya keras Anda untuk memastikan bahwa kami membedakan magang musim panas dan rekan yang diteliti oleh EBS Research. Saya berbicara tentang kompensasi di sini. Ken Rice menyebutkan bahwa EBS sedang dalam proses pengembangan setara teknis dari kumpulan AA kami. Orang -orang riset EBS berpotensi berputar melalui kumpulan ini di masa depan. Saya tidak ingin mengambil risiko kehilangan orang seperti Giuseppe (& mengeluarkan berita bahwa kita rendah - baller) karena kita harus memasukkannya ke dalam set kategori tertentu yang dirancang untuk bisnis energi. Saya menyadari bahwa Anda telah memperkuat diferensiasi seperti itu untuk penelitian secara keseluruhan, tetapi saya pikir itu harus dipindahkan ke atas dalam kasus EBS. Ravi."
ham,"MG Logam: Analisis Kuanto & Risiko Hi Eric, Terima kasih telah kembali kepada saya - Saya percaya ada sejumlah masalah yang harus diatasi untuk memastikan bahwa integrasi berjalan lancar dari manajemen risiko dan perspektif analisis kuantitatif, dan saya telah mengumpulkan A ( tidak berarti melengkung) Daftar: - i) Transfer yang mulus dari sistem kantor depan dan tengah dari opsi eksotis yang menghubungkan perspektif (mis. Pastikan bahwa kami dapat menangkap risiko logam dalam sistem VAR kami (kami akan membutuhkan data historis untuk ini). iii) Pastikan bahwa staf MG pada sisi kuant dan risiko menjadi terbiasa dengan metode dan sistem kami dan sebaliknya tugas -tugas ini akan melibatkan tingkat komunikasi silang yang signifikan dengan kontak yang relevan dalam logam MG, dan karenanya saya berharap untuk memulai proses sebagai sebagai Segera mungkin - saya berharap dapat memainkan peran penuh dari penelitian kuantitatif dan perspektif manajemen risiko untuk memastikan bahwa semuanya berjalan lancar dalam perkembangan baru yang menarik ini, jadi jangan ragu untuk melibatkan saya. Salam Hormat, Penelitian Anjam Ahmad X 35383 Enron Europe Dari: Anjam Ahmad 15/06/2000 16: 18 hingga: Eric Gadd / Lon / ect @ ect CC: Dale Surbey / Lon / ect @ ect, Vince J Kaminski / Hou / ECT / ECT @ ECT Subjek: Analisis & Struktur Kuant untuk Bisnis Logam Dear Eric, Saya mengerti dari Dale bahwa Anda bersama -sama mengatur integrasi logam MG ke Enron Eropa. Dale dan saya pikir itu akan menjadi ide yang baik untuk memastikan bahwa kita sepenuhnya siap dari perspektif penelitian dan penataan kuantitatif sehingga kita dapat ""mulai berjalan"" ketika mereka tiba. Saya akan berterima kasih jika Anda dapat memberikan orang yang menghubungi dalam logam MG yang mungkin menjaga area ini, atau seseorang yang mungkin merasa berguna untuk mendiskusikan dan mengidentifikasi kemungkinan persyaratan pemodelan di masa depan. Terima kasih & salam, Anjam Ahmad Research x 35383"
ham,"Hai Vince! Ya, bertemu untuk makan malam Selasa malam sangat menyenangkan! Saya akan datang pada hari Selasa dari d. C . Dan saya akan naik kereta ke New York pada hari Rabu pagi. Sampai jumpa dan Ken Selasa pukul 5: 30 di Inn di Penn Lobby. Semoga Anda berdua memiliki akhir pekan yang menyenangkan! ! terima kasih ! - - Christie. - - - - - Dikeret oleh Christie Patrick / Hou / ECT pada 02/16 / 2001 11: 23 pagi - - - - - Vince J Kaminski 02/16 / 2001 11: 04 AM TO: Christie Patrick / Hou / ect @ ect CC: Kenneth Parkhill / Na / Enron @ Enron, Vince J Kaminski / Hou / ect @ ECT Subjek: Perihal: Ubah - Video ke Teleconferences - Enron Christie, bertemu pada 5: 30 baik -baik saja dengan saya. Presentasinya di 6: 30. Saya mengirimi Anda pesan tentang makan malam pada hari Selasa. Bisakah Anda bergabung dengan saya dan Ken Parkhill? Vince dari: Christie Patrick pada 02/16/2001 10: 19:00 ke: Vince J Kaminski / Hou / ect @ ect CC: Subjek: Ubah - Video ke Teleconferences - Enron Hai Vince! Terima kasih atas informasi di bawah ini! Saya berbicara dengan Tom Piazze hari ini. Saya akan bertemu dengannya di 3: 30 pada tanggal 20 untuk membahas kontrak Webi. Saya juga akan bertemu dengan broadband Wharton (orang teknis) sebelum pertemuan kami dengan para siswa. Lebih lanjut, saya berharap untuk bertemu dengan orang -orang yang bertanggung jawab atas kompetisi rencana bisnis. Tom menyarankan Anda mungkin ingin memanggil Howard Kurnreuther (sp?) Dan mungkin berhenti untuk menemuinya saat kami berada di Wharton. Saya akan pergi ke Wharton pada hari Selasa; Saya akan mencoba mendapatkan reservasi di Inn di Penn. Saya kemudian akan berangkat Rabu pagi dengan kereta api ke New York. Haruskah kita bertemu di lobi di penginapan di Penn sebelum akan bertemu para siswa (saya pikir pertemuan dengan para siswa pada pukul 6 sore - ish) - - katakanlah, 5: 30? tolong beritahu saya ! Juga, kita masih perlu memberikan jawaban kepada Wharton, apakah kita tertarik dengan investasi $ 50.000 lagi di Efellows. Terima kasih Vince! Selamat menikmati Wekend! - - Christie. - - - - - Dikeret oleh Christie Patrick / Hou / ECT pada 02/16 / 2001 10: 13 pagi - - - - - Vince J Kaminski 02/16 / 2001 10: 06 AM TO: Christie Patrick / Hou / ect @ ect CC: Vince J Kaminski / Hou / ect @ ect, Kenneth Parkhill / Na / Enron @ Enron Subjek: Ubah - Video ke Teleconferences - Enron Fyi Vince - - - - - - - - - - - - - - - - - - - - - - - - - - - - - - - - - - - - - - - - - - - diteruskan oleh Vince J Kaminski / Hou / ect pada 02/16 / 2001 10: 06 AM - - - - - - - - - - - - - - - - - - - - - - - - - - - - FAP Pada 02/16/2001 08: 35: 22 pagi untuk: Clay Degiacinto, Deepa Mallik, Dennis Feerick, Heather Thorne, Jack Rejtman, Jason Cummins, Kim Whitsel, Nicholas Levitt, Omar Bassel, Ram Vittal, Steve Lessar, Thomas, Tulika Bhalla, Vincent Chen CC: Fap, ""'Vkamins @ Enron. Com'"", ""'Patterm @ Wharton. Upenn. Edu'"" Subjek: Ubah - Video ke Telekonferensi - Enron 3/1 SHDH 215 3/22 SHDH 215 3 / 29 SHDH 215 Harap dicatat bahwa konferensi video yang tersisa yang dijadwalkan dengan Enron telah diubah menjadi telekonferensi karena kesulitan yang kami alami. Tuan rumah telah setuju dan oleh karena itu, kami akan melanjutkan dengan telekonferensi di lokasi / tanggal yang sama seperti yang disebutkan di atas. Setiap pertanyaan, silakan hubungi kantor FAP. Terima kasih, Donna"
ham,"Power Trading Hai Tolks: Sangat senang mendengar tentang perkembangan baru. Hanya untuk merekap apa yang kita diskusikan pagi ini tentang berbagai hal yang perlu Anda lihat untuk mengatur operasi perdagangan dan kontak: 1. Lisensi untuk Berdagang: Orang -orang Regulasi: Saya kira Anda tahu tentang bagian ini lebih baik dari saya. 2. Perdagangan & Risiko MGMT: Risiko Global MGMT Pengawasan: John Sherrif di London memiliki tanggung jawab keseluruhan di luar belahan bumi barat. Grup Penelitian dapat membantu dengan model penataan yang digunakan untuk perdagangan. 3. Risiko Conrols: Sebelum grup perdagangan beroperasi, perlu mendapatkan otorisasi dari Dewan Direksi Enron bersama dengan batas posisi total dan mungkin nilai @ batas risiko. Batas -batas ini biasanya berdasarkan jenis komoditas dan berdasarkan wilayah. Penilaian & Kontrol Risiko (RAC) di bawah Rick Buy melakukan fungsi kontrol internal memastikan bahwa bisnis mematuhi batas perdagangan ini. Ted Murphy adalah VP di RAC yang mengawasi operasi perdagangan. Model nilai @ risiko berasal dari kelompok penelitian, tetapi pemantauan hari - untuk - hari dari angka -angka dilakukan oleh kelompok Ted. 4. Risiko Kredit: Nomor cadangan kredit dihitung untuk setiap kesepakatan (sekali lagi, model dibuat oleh penelitian) dan ditransfer ke grup kredit di bawah Bill Bradford (juga dalam RAC). Ini pada dasarnya seperti membeli asuransi dari corp. , sehingga jika ada default coutparty, kerugian ditanggung oleh kumpulan cadangan dari dept kredit. 5. Hukum: Nama yang saya berikan adalah Alan Aronowitz untuk bantuan hukum. 6. Back Office: Awalnya dapat bertahan dengan spreadsheet Excel. Anda harus menghubungi IT ketika rencana diselesaikan untuk berbicara tentang sistem. Australia adalah tempat terbaru di mana kami mengatur operasi perdagangan. Anda dapat berbicara dengan Paul Quilky, pedagang di sana untuk membicarakan masalah ini (menyebutkan kepadanya bahwa Grant Masson dalam penelitian memberikan namanya). Barry Pierce di London memiliki biaya di belakang kantor di awal di sana. Saya dapat berkoordinasi untuk berbicara dengan orang -orang minggu depan. Hubungi saya hari Senin jika memungkinkan. Saya tidak punya waktu untuk mencari hal -hal presentasi hari ini. akan melakukannya minggu depan. Krishna."
ham,"Re: Mengembangkan model listrik saya di Enron Aziz, ya. Jika Anda tertarik untuk bergabung dengan kami musim panas mendatang sebagai magang, kami akan sangat senang memiliki Anda. Tolong, kirimkan saya resume Anda. Vince Aziz Lookman pada 12/06 / 2000 01: 11: 57 PM ke: Vince. J . Kaminski @ Enron. Com CC: Subjek: Re: Mengembangkan model listrik saya di Enron DR. Kaminski: Saya adalah siswa PhD di sekolah bisnis di Carnegie Mellon yang tertarik dengan pemodelan energi. Sekali lagi terima kasih telah meluangkan waktu untuk berbicara dengan saya tentang model saya untuk listrik selama kunjungan terakhir Anda ke Carnegie Mellon. Selama percakapan kami, Anda telah menyebutkan kemungkinan saya keluar ke Enron untuk bekerja mengembangkan model saya, mungkin melalui magang. Apakah ini masih menjadi pilihan? Jika demikian, bisakah Anda memberi tahu saya cara melanjutkan. Hormat kami, Aziz a. Lookman"
ham,"Re: Salam dari London (ke Enron) Iris, tolong, jangan ragu untuk menelepon saya ketika Anda memiliki beberapa menit. Saya akan senang mengobrol dengan Anda. Vince Iris. mack @ paribas. com pada 03/30/2000 02: 24: 27 AM ke: vkamins @ enron. Com CC: Denis. autier @ paribas. Com Subjek: Salam dari London (ke Enron) Dear Dr. Kaminski, apa kabar? Senang bertemu Anda di konferensi Opsi Nyata di NYC. Saya tertarik dengan beberapa komentar dalam pembicaraan konferensi Anda. Secara khusus, dengan menggunakan opsi nyata Anda untuk melakukan lindung nilai opsi keuangan. Ini adalah sesuatu yang saya minati juga. Ketika Anda punya waktu, bisakah kita mengobrol tentang topik ini sedikit lebih detail? Terima kasih atas waktu dan pertimbangan Anda. Berharap untuk mendengar kabar dari Anda segera. Salam, Iris Mack - - - - - - - - - - - - - - - - - Pesan ini rahasia; Ikannya bukan merupakan komitmen oleh BNP Paribas Group * kecuali jika disediakan dalam perjanjian tertulis antara Anda dan BNP Paribas Group *. Setiap pengungkapan, penggunaan atau diseminasi yang tidak sah, baik secara keseluruhan atau sebagian, dilarang. Jika Anda bukan penerima pesan yang dituju, harap segera beri tahu pengirim. * BNP Paribas Group adalah nama perdagangan BNP SA dan Paribas SA CE CE EST Confidentiel; Son contenu ne mewakili en aucun cas un ungagement de la part du groupe bnp paribas * sous cadangan de tout Accord kesimpulan par ecrit entre vous et le groupe bnp paribas *. publikasi toute, pemanfaatan difusi, partielle meme, doit etre autorisee prealablement. SI VOUS N 'ETES pas destinataire de ce pesan, Merci d' en avertir segera l 'expediteur. * le groupe bnp paribas est le nom komersial menggunakan par bnp sa et paribas sa"
ham,"FW: Winston Debbie, ini adalah pembaruan pada Winston Saga yang berkelanjutan. Tanya mengidentifikasi bagian -bagian kode yang menghasilkan inefisiensi tetapi sisanya ada di tangan Winston. Steve Stock sangat kooperatif dan mengambil pendekatan yang sangat rasional, Enron - pertama untuk masalah tersebut. Secara pribadi, kekhawatiran saya adalah bahwa kode, berdasarkan laporan Tanya kepada saya, meninggalkan banyak hal yang diinginkan. Kode ini cenderung menjadi implementasi algoritma yang sangat mekanis, dikembangkan tanpa upaya seri untuk mengoptimalkannya. Mari kita terus mengayuh. vince - - - - - - - - - - - - - - - - - - - - - - - - Dikeret oleh Vince J Kaminski / Hou / ECT pada 01 /24 /2001 08: 53 AM - - - - - - - - - - - - - - - - - - - - - - - - - - ' Subjek: FW: Winston Vince ,. . . Hanya untuk membuat Anda tetap berada di loop tentang edisi Tanya / Winston. . . Salam Steve - - - - - Pesan Asli - - - - - Dari: Stok, Stephen Terkirim: Selasa, 23 Januari 2001 5: 36 PM ke: Tamarchenko, Tanya Subjek: Re: Winston Tanya, saya baru saja check -in dengan kontraktor Di Sini . . . . . Dan sepertinya itu adalah ide yang bagus bagi Anda untuk menghabiskan sekitar 30 menit bersama mereka untuk memberi Anda tur yang dipandu untuk dokumentasi mereka. Ini disajikan sebagai set dokumen kata dan gambar visio yang ditautkan, dengan tautan ke semua bagian reletif sebagai hyperlink. Ini cukup bagus dan saya membayangkan akan sangat berguna bagi Anda, tetapi mungkin membutuhkan sedikit pengantar terlebih dahulu. Silakan datang ke kantor saya kapan pun nyaman. Bahkan jika saya tidak tersedia, orang -orang berada di luar kantor saya dan saya dapat dengan mudah menghentikan apa pun yang saya lakukan untuk memperkenalkan Anda kepada manajer proyek. Salam Steve - - - - - Pesan Asli - - - - - dari: Tamarchenko, Tanya Sent: Selasa, 23 Januari 2001 4: 53 PM ke: Stok, Stephen Subjek: Re: Winston Steve, - kami menghabiskan sekitar 5 jam yang bermanfaat dengan Winston minggu lalu. - Saya cukup memahami aliran data ketika kode berjalan. - Saya juga mendapat ide di mana waktu dihabiskan selama pelaksanaan kode dengan mempertanyakan Winston. Saya tidak melihat hasil profil kode. Pendapat Winston adalah (seperti yang saya mengerti) bahwa dia tahu berapa banyak waktu yang dihabiskan untuk perhitungan yang berbeda dan profil tidak mudah dilakukan, jadi kita tidak perlu melakukannya. - Berdasarkan di atas, saya menyarankan cara yang mungkin untuk mengurangi model kredit waktu yang dibutuhkan dan kami membahasnya dengan Debbie, yang akan mengatur pertemuan dengan Winston. - Mungkin berguna untuk melihat dokumentasi yang dibuat oleh kontraktor, jika Anda memilikinya - kirimkan kepada saya. Terima kasih, Tanya. Dari: Stephen Stock / Enron @ Enronxgate pada 01/23 / 2001 03: 38 PM ke: Tanya Tamarchenko / Hou / ect @ ect CC: Subjek: Winston Tanya, bagaimana dengan kode - ulasan dari perspektif Anda? . . . Apakah Anda berhasil berbicara dengan kontraktor dokumentasi kami? . . . Jika tidak, maukah Anda mengatur agar mereka memberi Anda dokumentasi seperti saat ini? Salam Steve"
ham,"Risiko Artikel FYI. - - - - - - - - - - - - - - - - - - - - - - - - diteruskan oleh vasant shanbhogue / hou / ect pada 01/23 / 2001 09: 06 pagi - - - - - - - - - - - - - - - - - - - - - - - - - - - ' / lon / ect @ ect, jean - Sebastien fontaine / corp / enron @ enron, Katherine siig / eu / enron @ enron, amitava dhar / corp / enron @ enron, vasant shanbhogue / hou / ect @ ect, ilan Hershkovitz / lon / ect @ ect, greg hedger / lon / ect @ ect, david a dinding / risiko mgmt / lon / ect @ ect, simon brooks / lon / ect @ ect cc: bryan seyfried / lon / ect @ ect, steven leppard / lon / ECT @ ECT Subjek: Artikel Risiko Setiap orang harus membaca artikel risiko terlampir tentang menghitung probs def dari kutipan CDS. Hebatnya itu sesuai dengan metodologi kita sendiri untuk penilaian CDS dan reverse engineering def probs. Satu -satunya ekstensi dalam rekayasa terbalik adalah bahwa alih -alih menginterpolasi kutipan CDS secara linear, mereka mengusulkan meminimalkan ukuran kesalahan berdasarkan 'kehalusan' kurva prob dan perbedaan antara model dan harga pasar. Yang juga menakjubkan adalah kenyataan bahwa artikel ini telah diterbitkan dalam risiko, mengingat bahwa pada dasarnya sama dengan kertas harga kredit saya, ditambah satu ide bagus. Diberikan waktu ekstra, sumber daya, dan kekuatan otak, tidak ada alasan mengapa kita seharusnya tidak memiliki karya serupa yang diterbitkan sendiri. Ben (terima kasih Steve karena telah menunjukkan artikel ini) - - - - - - - - - - - - - - - - - - - - - - - Dikeret oleh Ben Parsons / Lon / ECT pada 23/01 / 2001 14: 40 - - - - - - - - - - - - - - - - - ' Subjek: Faks baru diterima (kemungkinan pengirim: + 44 20 7783 8076). Anda telah menerima faks baru dari + 44 20 7783 8076 gambar berisi 3 halaman."
ham,"Houston Trip Halo semuanya! Mengenai Proyek Penelitian Tim Harimau Perjalanan Houston, ini adalah RSVP yang saya terima: Jaideep Singh Dennis Feerick Kim Whitsel ""dan Team 1"" Ram Vittal Heather Thorne Pat Henahan Vincent Chen Jack Rejtman Deepa Mallik Josh Leventhal Edson Otani Omar Bassal Lesshen Lesshen Lesshen Levels Clayton Dediocinto. Catatan: Heather dan Jack telah meminta untuk tinggal di Houston sampai hari Minggu (pengeluaran selain tarif udara, Beyonfd Jumat di Enron akan ditanggung secara individual). Donna, maukah Anda meninjau daftar ini, menambahkan nama individual ""Tim # 1), menambahkan fakultas tambahan, t. a. Dll, yang akan hadir, dan mengembalikan daftar ini kepada saya dan asisten saya,"" Melinda McCarty ""Siapa yang akan memulai pengaturan. Juga, jika orang lain lebih suka Sunday Returns ke Phily, dengan persyaratan yang sama menawarkan Heather dan Jack, tolong tunjukkan selambat -lambatnya Selasa, 20 Desember. Harap beri tahu Donna, yang kemudian akan mempersiapkan dan maju Bagi saya dan asisten saya Melinda (E - alamat surat di atas) Satu daftar lengkap yang dikonfirmasi. Vince, Vance, Jeff Shankman, dan mungkin beberapa lainnya dari Enron. Hotel Kamis malam dan transportasi darat melalui kembali ke bandara akan diatur oleh Enron. Jumat akan dicadangkan untuk tur Enron, dan pertemuan individu yang ingin diatur tim untuk diatur Dengan anggota dari unit bisnis yang beragam, pengembalian akan dijadwalkan untuk awal malam Jumat, kecuali bagi mereka yang memilih untuk menginap hingga Minggu. Sekali lagi, kecuali untuk kembali ke bandara dan tiket pesawat, pengeluaran di luar Jumat sore akan ditanggung oleh masing -masing siswa (meskipun kami mendorong Anda untuk tinggal dan melihat -lihat kota besar Houston ini!). Terima kasih Donna, atas bantuan langsung Anda dengan ini - - Vinve, Vance, Jeff dan saya sangat senang dengan perjalanannya! ! salam ! - - Christie."
ham,"Re: Model saya untuk paku Vince sayang, terima kasih banyak atas email Anda. Saya sangat senang dengan kesempatan untuk melihat Anda segera di Dallas. Setiap hari minggu, secara umum, dan hari Jumat, khususnya, nyaman bagi saya. Tolong beri tahu saya hari apa yang mungkin nyaman bagi Anda. Saya menantikan kabar dari Anda dan melihat Anda segera. Hormat kami, Valery"
ham,"Re: Lanjutkan ok vince j Kaminski 01/17/2200 12: 46 PM ke: Elizabeth Grant / Hou / ect @ ect CC: Vince J Kaminski / Hou / ect @ ect, hibah Masson / hou / ect @ ect Subjek: Re Re: Re: Re: Re: Lanjutkan Elizabeth, tolong, sertakan Jim Fallon dalam daftar. Vince dari: Elizabeth Grant 01/17 / 2000 09: 39 AM ke: Vince J Kaminski / Hou / ect @ ect CC: Subjek: Re: Resume akan melakukannya! - Elizabeth Vince J Kaminski 01/17 / 2000 08: 21 pagi untuk: Elizabeth Grant / hou / ect @ ect CC: Grant Masson / Hou / ect @ ect, Vince J Kaminski / Hou / ect @ ect, James B Fallon / Hou / ect @ ect subjek: Lanjutkan Elizabeth, saya ingin membawa orang ini, tidak harus mempekerjakannya, meskipun itu kemungkinan, tetapi kebanyakan untuk mengetahui apa yang dilakukan Cinergy. Kami harus memasukkan beberapa pedagang listrik dan pencetus dalam daftar wawancara. Grant Masson dapat memberi Anda beberapa petunjuk. vince - - - - - - - - - - - - - - - - - - - - - - - - Dikeret oleh Vince J Kaminski / Hou / ECT pada 01/17 / 2000 08: 17 pagi - - - - - - - - - - - - - - - - - - - - - - - - - - - - - - - Marshall. Brown @ Robertwalters. com pada 01/14 / 2000 02: 48: 42 PM ke: Vince J Kaminski / Hou / ect @ ect CC: Subjek: Lanjutkan Vince, semoga semuanya baik -baik saja. Kandidat ini akan tertarik untuk berbicara dengan Anda. Salam, Marshall Brown Robert Walters Associates 212 - 704 - 0596 Email ini dan file apa pun yang ditransmisikannya bersifat rahasia dan dimaksudkan semata -mata untuk penggunaan individu atau entitas kepada siapa mereka ditangani. Jika Anda telah menerima email ini dalam kesalahan, harap beri tahu System Manager. Catatan kaki ini juga mengkonfirmasi bahwa pesan email ini telah disapu oleh Mimesweeper untuk keberadaan virus komputer. - yu _ hai. dokter"
ham,"Re: Pekerjaan musim panas. . Jinbaek, ini adalah proyek yang terkait dengan platform perdagangan otomatis untuk komoditas. Vince Jinbaek Kim pada 05/02 / 2001 05: 21: 40 PM ke: Vince. J . Kaminski @ Enron. Com CC: Subjek: Re: Pekerjaan Musim Panas. . dr. Kaminski, terima kasih atas surat Anda. Saya minta maaf karena saya tidak akan tersedia sebelumnya, saya akan berbicara dengan penasihat saya, tetapi mungkin itu akan sangat negatif. Namun, saya mungkin bisa memulainya dari Junel, tergantung pada apa yang dia katakan. . Kami akan bertemu besok sore, jadi saya bisa memberi tahu Anda apakah kami dapat mulai bekerja lebih awal. Dan bisakah Anda memberi tahu saya secara singkat proyek apa yang ada dalam pikiran Anda? terima kasih ! Jinbaek Kim Ph. D Calon Dept. riset teknik industri dan operasi u. C . Berkeley http: / / www. yaitu. Berkeley. Edu / ~ Jinbaek Go Bears! : ""'. _. - - -. _.'""; `. . '. '`. : A A : _ _ . . . . . _: _. - 0 -. _: - - - '""""' "" -.. - - - '""'. :. ': `. : `,`. `. : ' - -' - - ':. '; ; : `. _ ` - '_. '; . '`. '""';`. '; `.`: `;`.;;:;.' ` -. ';:;`. _ _.'. '.':; `. '_ _.' . '` - -. _ _ _. _.' ;;` .... '.'. '`'"" ""'. . - '`......' Pada Rabu, 2 Mei 2001 Vince. J. Proyek yang dapat Anda kerjakan> terus. Sebenarnya, akan sangat bagus untuk memiliki Anda di sini sebelumnya. >> Vince >>>>>> ""Jinbaek Kim"" pada 05/02 / 2001 05: 18: 32 pagi> > ke :, ""raghavan, suresh"">, ""mesquita, ross"" >> cc:> subjek: pekerjaan musim panas ... >> lama tidak melihat,> bagaimana kabarmu ... pasti sibuk dan hidup dengan tantangan yang menantang Hidup?> Saya juga cukup sibuk,> untuk menyelesaikan proyek dan menulis kertas, hari ini. >> Semuanya terlihat baik -baik saja untuk magang musim panas saya.> Saya mengambil langkah -langkah yang diperlukan untuk bekerja di luar kampus, dan mengirim> kontrak yang ditandatangani kepada Molly seminggu yang lalu. . >> Inilah yang saya harapkan untuk dilakukan di musim panas. > Tolong beri tahu saya jika Anda memiliki perubahan dalam pikiran. > Sebenarnya, saya bertanya -tanya sedikit jika Dealbench mengubah model bisnisnya. . . > Dan mungkin Anda mendapat prioritas dalam sesuatu yang berbeda> karena sudah cukup lama sejak kami berbicara. > Saya suka apa yang terjadi di tim Dealbench. . . > Raghavan dan Ross,> Jika kita membicarakan telepon, itu akan bagus! >> DR. Kaminski,> Jika Anda pikir ada hal lain yang menarik untuk dikerjakan selama> musim panas,> untuk Anda dan saya, tolong beri tahu saya. > Minat saya adalah pelelangan, desain pasar, dan simulasi. > Saya mengambil kelas rekayasa keuangan, (kebanyakan pada harga opsi)> dan bekerja pada masalah penilaian generator listrik berdasarkan> opsi spread spark. >> Kalian semua,> mari kita tetap berhubungan sampai kita bertemu pada bulan Juni! ! >> Salam,> Jinbaek >>> Periode kerja tentatif: 6/4 - 8/4 >> 1. Tugas:> 1) Survei tentang Lelang: Keadaan Seni> Lelang Item Tunggal, Lelang Multi -Unit, Lelang Sequential,> Lelang Multi - Atribut, Lelang Kombinatorial >> - Teoritis> - Eksperimental> - Algorithmical>>> 2) Kesepakatan Analisis Model Lelang Bench >> 2. Kiriman:> 1) 3 Presentasi:> - Presentasi LST: Sekitar 6/30: Pada berbagai jenis lelang dan> penelitian> - Presentasi ke -2: Sekitar 7/15: Keadaan Seni dalam Studi Lelang> - Presentasi 3 RD: Sekitar 8/1: Analisis model Deal Bench >> 2) Laporan:> Ringkasan Studi Lelang dalam Istilah Laymen> Analisis Model Deal Bench >>>>>"
ham,"Re: Merit meningkatkan Vince, saya akan meminta tim melihat masalahnya. Semoga ini akan menjadi perbaikan yang mudah. Kalau tidak, kami dapat mengerjakan lembar kerja yang Anda selesaikan selama akhir pekan. Anda memiliki nomor sel saya jika Anda memiliki pertanyaan. Norma Villarreal 713 - 598 - 1545 Vince J Kaminski 01/19/2001 06: 09 PM untuk: Norma Villarreal / Hou / ect @ ect CC: Vince J Kaminski / Hou / ect @ ect Subjek: prestasi meningkatkan norma, tampaknya itu di sana adalah bug di sistem. Saya membuat kesalahan pencampuran ekuitas dan prestasi naik dalam satu kolom. Sistem tidak memungkinkan saya untuk memperbaiki kesalahan dengan memindahkan entri dari satu kolom ke kolom lainnya. Saya dapat memasukkan perubahan, tetapi setelah saya menyimpannya, sistem kembali ke penunjukan asli. Akibatnya, kolom berisi entri campuran yang terkait dengan prestasi dan peningkatan ekuitas. Total kolom menyesatkan. Saya membawa pulang versi CSV untuk terus melakukan penyesuaian. Saya akan bekerja di rumah Senin (281 367 5377). Vince"
ham,"Sharad Agnihotri: Obrolan telepon mengikuti penawaran Hi Kate, terima kasih telah menyiapkan diskusi informal telepon dengan Sharad sehingga saya dapat membuatnya lebih nyaman dengan apa yang ditawarkan - saya benar -benar berpikir itu akan membuat perbedaan. Seperti yang Anda sebutkan, biaya agensi naik dari 25 % menjadi 30 % pada 50.000, maka tawaran 49.000. Saya kira, seperti yang Anda sebutkan, kami dapat tetap cadangan kemungkinan unsur masuk bonus untuk mendapatkannya atas punuk keputusan. Salam & terima kasih, Anjam"
ham,"Re: Magang Musim Panas Hai Steve, Terima kasih untuk FYI; Saya akan dengan senang hati mewawancarainya jika Anda membutuhkan pendapat kedua di wawancara telepon yang Anda atur minggu depan. Salam, Anjam Steven Leppard 29/03/2000 17: 19 hingga: Anjam Ahmad / Lon / ect @ ECT CC: Subjek: Re: Ini dia! - - - - - - - - - - - - - - - - - - - - - - ' - - - - - - - - - - - - - - - - ' Subjek: Re: Ini dia! Steve, menggunakan magang musim panas adalah cara terbaik untuk menyaring dan mengidentifikasi kandidat yang baik dengan biaya rendah dan risiko rendah. Saya akan membawa orang ini, dengan asumsi Anda masih dapat menjalankannya dengan program analis / associate. Mereka menutup buku untuk musim panas. Beri tahu saya jika Anda mengalami penghalang jalan. Saya akan mencoba membantu Anda dari sini. Vince Steven Leppard 03/29/2000 08: 31 pagi untuk: Vince J Kaminski / Hou / ect @ ect CC: Subjek: Ini dia! vince Apakah Anda memiliki pandangan tentang pengambilan magang musim panas di sini di kelompok penelitian di London? Salah satu analis kami merekomendasikan temannya (resume terlampir). Saya yakin kami bisa memimpikan beberapa pekerjaan untuk magang, jadi beri tahu saya pendapat Anda. Terima kasih banyak, Steve - - - - - - - - - - - - - - - - - - - - - - - - diteruskan oleh Steven Leppard / Lon / ect pada 03/29 / 2000 03: 30 PM - - - - - - - - - - - - - - - - - - - - - - - - - - - - - ' Terima kasih banyak Steve."
ham,"Kata Sandi Esequest Kata sandi EREQUEST Anda adalah 4311 untuk menggunakan kata sandi ini, buka situs web EREQUEST dan klik Logon Non -Corp. Masukkan alamat email Anda dan kata sandi di atas dan klik Masuk, dan Anda akan masuk ke EREQUEST."
ham,"Re: Proyek Term: Dear Vince, saya bertanya -tanya apakah Anda dapat membuka lampiran dengan resume saya kali ini. Rumor mengatakan bahwa Anda sedang merekrut orang untuk grup Anda. Apakah ini benar ? Hormat kami, Helen - - - - - Pesan Asli - - - - - Dari: Vince. J . Kaminski @ Enron. com [Mailto: Vince. J . Kaminski @ Enron. com] Dikirim: Rabu, 11 April 2001 3: 22 PM ke: Isranir @ Rice. edu; Demianen @ Rice. edu; tbal 93 @ yahoo. com; Maue @ Rice. edu; Loughrid @ Rice. edu; jBlantonjr @ yahoo. com; gjohnson @ nice. edu; Emchombo @ Rice. edu; nazareth @ nice. edu; vanstone @ nice. edu; ganguzza @ nice. edu; Nelsonb @ Rice. edu; sssmith @ nice. edu; wheelock @ nice. edu; Westmore @ Rice. edu; Gaudette @ Rice. edu; Otaylor @ Rice. edu; Dikeman @ Rice. edu; jettke @ nice. edu; Litton @ Rice. edu; chilkina @ nice. edu; Helms @ Rice. edu; wankhade @ nice. edu; Monfan @ Rice. edu; Kostya @ Rice. edu; PCP @ Rice. edu; yueguo @ nice. edu; nlwbio @ nice. edu; zhangn @ nice. edu; Rishad @ Rice. edu; yoshiura @ nice. edu; Howard @ Rice. edu; dayangd @ nice. edu; Wuwei @ Rice. edu; jadi @ nice. edu; Wooddy @ Rice. edu; lamas @ nice. edu; tbalestrery @ houston. RR. com; Hingoran @ Rice. edu; Planck @ Rice. Edu CC: vkaminski @ aol. com; Vince. J . Kaminski @ Enron. com; Jason. Sokolov @ Enron. Com Subjek: Proyek Term: Ini adalah daftar proyek untuk anggota tim ""Quant"". Jika Anda mengerjakan proyek yang berbeda, tolong abaikan pesan ini. Tolong, kembangkan dalam solusi / contoh spreadsheet untuk yang berikut: 1. Black - Scholes Formula 2. Formula hitam 3. Kembangkan spreadsheet untuk mensimulasikan lintasan harga menggunakan: a. GBM b. GBM + Jump (Formula 2. 16 Dalam buku ini, Gambar 2. 7) c. Rata -rata pengembalian + lompatan (rumus 2. 17, Gambar 2. 8) 4. Model Faktor Tunggal Schwartz (Formula 6. 12) 5. Kembangkan model yang sesuai dengan Gambar 7. 1, 7. 3, 7. 5, 7. 6, 7. 8 Vince"
ham,"Hasil Perbandingan Runtime XPRESS DAN CPLEX Vince, FYI di bawah ini adalah perbandingan hasil waktu perhitungan dari software optimisasi CPLEX dan XPRESS. - Chonawee - - - - - - - - - - - - - - - - - - - - - - - - diteruskan oleh Chonawee Supatgiat / Corp / Enron pada 05/19 / 2000 03: 26 PM - - - - - - - - - - - - - - - - - - - - - - - - - - - - - - Chonawee Supatgiat 05/17 / 2000 05: 48 PM ke: Samer _ Takriti @ Enron. Net, Stinson Gibner / Hou / ect @ ect, Ravi Thuraisingham / Enron Communications @ Enron Communications CC: Tom Halliburton / Corp / Enron @ Enron, Pinnamaneni Krishnarao / Hou / ect @ ect, Ming - paru. Lee @ Sycamorenet. com, Ming 888 Lee @ AOL. Com Subjek: Hasil Perbandingan Runtime XPress dan CPLEX HI, saya telah menguji baik CPLEX dan XPRESS - perangkat lunak optimisasi MP dalam menyelesaikan masalah desain jaringan kami. Xpress lebih ramah pengguna sehingga dibutuhkan waktu yang lebih sedikit. Namun, CPLEX berkinerja lebih baik secara signifikan dalam waktu perhitungan, terutama dalam pemrograman integer. Akibatnya, Evenhough Xpress lebih mudah digunakan dan lebih murah, saya akan merekomendasikan grup EBS kami untuk menggunakan CPLEX. Tolong beri tahu saya bagaimana pendapat Anda. . . Masalah uji memiliki 10 node, 77 kabel, 5 kecepatan kabel. Tabel di bawah ini mewakili waktu perhitungan dalam detik untuk menyelesaikan masalah ini. Kolom kedua menunjukkan jika variabel integer umum santai (tetapi tetap menjaga variabel biner). Kolom ""LP"" mewakili waktu komputasi saat menyelesaikan masalah santai (tidak ada kendala variabel biner & integer). Xpress membutuhkan terlalu banyak waktu dalam menyelesaikan Case 4 dan 6 jadi saya harus menghentikan proses dan melaporkan solusi terbaik yang ditemukannya. Di bawah ini adalah grafiknya."
ham,"bertemu dengan MR. Sud Vince / Stinson, saya bertemu dengan Rebecca McDonald, dan memperkenalkannya kepada Mr. Sud pada hari Sabtu. Pertemuan berlangsung dengan cukup baik, dan Tuan. Sud mengulangi poin yang telah dia buat kepada saya tentang NTPC membeli daya. Dia tidak meminta konsultasi atau kontrak lain, tetapi mengatakan bahwa dia akan mencoba membantu. Rebecca tampak senang dengan pertemuan itu, tetapi saya tidak tahu apakah dia memiliki rencana dalam pikiran ke depan. Saya dapat memberi Anda rincian lebih lanjut tentang pertemuan tersebut jika ada yang tertarik. Saya percaya bahwa MR. Sud terhubung dengan baik di India. Salam, Sandeep."
ham,"Wawancara dengan Enron Corp. Penelitian Selamat Pagi Adam: Enron Corp. Kelompok Penelitian ingin melakukan wawancara informal dengan Anda sesuka Anda. Tolong beri saya beberapa tanggal dan waktu yang akan lebih nyaman, kadang -kadang dalam 2 - 3 minggu ke depan dan saya akan mengoordinasikan jadwal wawancara. Saya menantikan kabar dari Anda segera. Salam, koordinator administrasi Shirley Crenshaw Enron Corp. Penelitian 713 - 853 - 5290 Email: Shirley. Crenshaw @ Enron. com - - - - - - - - - - - - - - - - - - - - - - - - diteruskan oleh Vince J Kaminski / Hou / ect pada 03/08 / 2001 09: 30 AM - - - - - - - - - - - - - - - - - - - - - - - - ' Kaminski, sebagai berikut - hingga komunikasi lisan Anda dengan teman saya Tom Ware, saya ingin menyatakan minat saya untuk bekerja untuk perusahaan Anda, Enron. Temukan resume dan kurikulum Vitae terlampir. Jika Anda memerlukan data tambahan, jangan ragu untuk menghubungi saya di (713) 592 - 8909 (rumah) atau (713) 743 - 3483 (kantor), atau email saya di adambob @ stat. beras . edu atau adambob @ matematika. uh. edu. Hormat saya, Adam Bobrowski. - CVBOBROWSKI. PS - Bobrowskiresume. dokter"
ham,"Australian Energy 2000 Dear Vince, Saya harap Anda baik -baik saja dan hal -hal di Enron tidak terlalu sibuk. Dengan senang hati saya mengundang Anda untuk berbicara di Energy, bantuan apa pun yang akan diterima dengan penuh syukur. Acara ini akan dipasarkan secara menyeluruh melalui majalah Manajemen Risiko Energi & Daya dan database kami yang luas. Ini adalah tujuan saya untuk menarik para pemain pasar terkemuka dengan menyediakan program kelas pertama dengan pembicara teratas, menjadikan ini acara yang sangat berharga bagi industri energi. Saya telah melampirkan salinan program untuk informasi Anda. Sayangnya jadwal saya untuk acara ini sangat ketat. Tolong beri tahu saya jika Anda ingin berpartisipasi dengan Reurn Email karena tidak mungkin kami dapat berbicara di telepon karena saya saat ini berbasis di Hong Kong. Jika Anda ingin mengirim kolega, maka saya akan dengan senang hati mendiskusikan ini tetapi akan lebih bagus jika Anda bisa menyelesaikan EPRM Grand Slam dengan menangani tiga acara tahunan utama kami di tiga benua yang berbeda! Saya berharap untuk mendengar dari Anda segera . Hormat saya, Produser Joel Hanley, Konferensi & Kursus EPRM - Australianenergy 2000. DOC _ _ _ _ _ _ _ _ _ _ _ _ _ _ _ _ _ _ Konferensi EPRM Publikasi Risiko Hong Kong Telp: 852 2545 2710 Faks: 852 2545 7317 www. Publikasi Risiko. com"
ham,"Informasi Finografi Warna 22 CPM Baru Kevin, Saya tidak yakin pada tanggal berapa Anda memerlukan mesin fotokopi warna tetapi jika Anda bisa menunggu sampai April, Lanier memberi tahu saya bahwa mereka akan merilis 22 salinan baru per menit COPIER @ waktu itu waktu itu . Silakan lihat @ spreadsheet terlampir dan bandingkan biayanya dengan mesin fotokopi Canon $ 24 CPM yang dikirimkan kepada Anda pada 01/31 / 2000: Beri tahu saya apa yang Anda pikirkan. Terima kasih, Iain. . . . . . . . . . . . . . . . . Iain Russell 02/01 / 2000 10: 11 pagi untuk: Kevin G Moore / Hou / ect @ ect CC: Vince J Kaminski / Hou / ect @ ect, Mike A Roberts / Hou / ECT @ ECT Subjek: Revisi 10 CPM COPIER Warna CPM Informasi Kevin, saya merevisi biaya pada tab 10 CPM di bawah CPI: - -> Terima kasih, Iain. . . . . . . . . . . . . . . . . . . - - - - - - - - - - - - - - - - - - - - - - ' - - - - - - - - - - - - - - - - ' J Kaminski / Hou / ect @ ect, Mike A Roberts / Hou / ect @ ect, Shirley Crenshaw / Hou / ECT @ ECT, Carole Rogers / EPSC / HOU / ECT @ ECT Subjek: Informasi Color Cinali"
ham,Talon Find melampirkan model MC untuk Talon. Salinan spreadsheet ini dapat ditemukan di O: \ Research \ Custom \ Projects \ Talon \ Paulo Issler
ham,"Re: Houston mengunjungi Soussan, terima kasih. Sampai jumpa di 6: 30. Vince ""Faiz, Soussan"" pada 01 /24 /2001 10: 46: 57 pagi untuk: ""'Vince. J. . . Saya senang Anda berada di kota saat menikah. 1 /31. Saya akan tinggal @ The Westin Oaks di Galleria. Mari mohon temui @ lobi hotel pada pukul 6: 30 sore. Saya memiliki pekerjaan dan sel Anda # dan pekerjaan saya di bawah (untuk berjaga -jaga). Saya menantikan makan malam kami dan mengejar ketinggalan. Terbaik, Soussan 914 253 4187 - - - - - Pesan Asli - - - - - Dari: Vince. J . Kaminski @ Enron. com [Mailto: Vince. J . Kaminski @ Enron. com] Dikirim: Rabu, 24 Januari 2001 10: 52 AM ke: Faizs @ Texaco. Com CC: Vince. J . Kaminski @ Enron. Com Subjek: Re: Houston mengunjungi Soussan, senang mendengar dari Anda. Makan malam pada hari Rabu, 31 Januari akan sangat bagus. Tolong, beri tahu saya di mana Anda akan tinggal. Vince ""Faiz, Soussan"" pada 01/22 / 2001 04: 29: 08 PM untuk: ""'Vince. J. Com Subjek: Re: Houston Kunjungi Hello Vince, Happy 2001 dan Hope All Well. Saya akan berada di Houston pada minggu 1/29. Akan sangat menyenangkan memiliki makan malam kami yang terlambat lebih disukai saat menikah. 1 /31. tolong beri tahu saya apakah Anda tersedia saat menikah. Atau, jika tidak, hari lain minggu itu. Terbaik, Soussan 914 253 4187"
ham,"Re: Bukaan Opsi Nyata? Shirley, Austin. Tolong, buat wawancara dengan saya, Stinson, Zimin, Vasant, Grant, Paulo, Krishna. Terkadang minggu depan. Mari kita buat wawancara formal (dikoordinasikan melalui Elizabeth Grant). Vince Shirley Crenshaw 05/08 / 2000 09: 27 AM ke: Vince J Kaminski / Hou / ect @ ect CC: Subjek: Re: Bukaan Opsi Nyata? Vince: Apakah pria ini di Houston? Kapan Anda ingin membawanya - minggu depan? terima kasih ! Vince J Kaminski 05/08 / 2000 09: 25 pagi untuk: Christopher M Kenyon @ Enron CC: Stinson Gibner / Hou / ect @ ect, Shirley Crenshaw / Hou / ECT @ ect, Vince J Kaminski / Hou / ECT @ ECT Subjek: dll. Re: Bukaan Opsi Nyata? Chris, kami akan membuat pengaturan untuk membawa Anda untuk wawancara. Departemen SDM kami akan menghubungi Anda akhir minggu ini. Vince Christopher M Kenyon pada 05/05 / 2000 07: 56: 11 pagi untuk: vkamins @ enron. Com CC: Subjek: Bukaan Opsi Nyata? Dear Vince Kaminski, saya mengaudit kelas opsi nyata Prof Dyer pada hari Kamis ketika Anda berbicara tentang kegiatan Enron di bidang ini. Saya akan tertarik untuk mengeksplorasi kemungkinan bergabung dengan grup yang bekerja pada opsi nyata sebagai tanggapan terhadap dan mengantisipasi persyaratan bisnis Enron. Saat ini saya sedang bekerja dalam pengembangan dan penerapan metodologi opsi nyata di Schlumberger. Secara khusus saya akan berbicara di Konferensi Penilaian Opsi Nyata Industri di London (http: / / www. IQPC. CO. UK / FINANCE / ROV /) dan saya baru saja menerima makalah untuk publikasi dalam penelitian operasi. Bisakah Anda meneruskan resume saya kepada orang -orang yang relevan untuk dilihat? Terima kasih sebelumnya, Chris Kenyon - CMKENYON _ CV _ MAYO 0. dokter"
ham,"Re: Witaj Wicku! MAREK, JESTEM W TRAKCIE Organisasi Programji Wawancara W Houston. Musze Skoordynowac Plany 3 - 4 Osob, Ktore Powinny Cie Spotkac. Wicek Mark Kierlanczyk pada 02/05 / 2001 11: 43: 09 pagi untuk: ""'vkamins @ enron. Com'"" CC: Subjek: Witaj Wicku! Przez Tydzien musialem poddac sie medycznej dygresji zapoznania sie co ke znacza Kamienie nerkowe. Teraz Jest Juz Dobrze I Znow Powraca Do Mnie Nadzieja Aby Zyc Wiecznie. czy zdarzylo sie cos nowego odnosnie mojej wizyty w houston? Jesli nie ke Umowmy sie na 13 lutego w nowym yorku, gdzie i kiedy, jesli nadal masz zamiar przyjechac. Serdeczne pozdrowienia - marek"
ham,"FWD: Konten Program Enron / Stanford - Transfer - Pengkodean: 7 Bit Return - Path: Diterima: Dari Rly - YCO 3. MX. AOL. com (rly - yco 3. Mail. Aol. Com [172. 18. 149. 35]) dengan udara - yco 5. surat. AOL. com (v 76 _ rl. 8) dengan ESMTP; Jum, 06 Okt 2000 14: 29: 58 - 0400 Diterima: Dari SMTP. Stanford. Edu (Smtp. Stanford. Edu [171. 64. 14. 23]) oleh Rly - YCO 3. MX. AOL. com (V 75 _ B 3. 9) dengan ESMTP; Fri, 06 Okt 2000 14: 28: 30 - 0400 Diterima: Dari Stanford. edu (dialup - 209. 245. 133. 121. Sanjosel. Level 3. Net [209. 245. 133. 121]) oleh SMTP. Stanford. edu (8. 9. 3/8. 9. 3) dengan ESMTP ID LAAOL 053; Fri, 6 Okt 2000 11: 28: 25 - 0700 (PDT) Pesan - ID: Tanggal: Jum, 06 Okt 2000 11: 33: 46 - 0700 Dari: Nick Bambos X - Mailer: Mozilla 4. 7 [en] (win 98; i) x - terima - bahasa: en, el mime - versi: 1. 0 ke: Vince. J . Kaminski @ Enron. com, vkaminski @ aol. com, gappy @ stanford. EDU Subjek: Re: Enron / Stanford Program Referensi: Konten - Jenis: Teks / Dasar; Charset = US - ASCII Vince, saya telah berhasil mengubah tiket saya dan kami dapat bertemu untuk makan malam pada hari Minggu 10/15/00. haruskah kita katakan jam 7 malam? >>>> Giuseppe: Bisakah Anda bergabung dengan kami untuk makan malam pada hari Minggu 10/15. Kami juga ingin membahas proyek ini secara singkat. Bisakah saya meminta Anda untuk membuat reservasi untuk 3 di IL Fornaio atau tempat bagus lainnya di Palo Alto? Lebih disukai tempat yang tenang di mana kita bisa berbicara. > Nick, >> Makan malam pada hari Minggu akan bekerja untuk saya. Saya akan tinggal> di Bay Area hingga Senin pagi. >> Vince >> Nick Bambos pada 09/28/2000 08: 33: 38 PM >> ke: Vince. J . Kaminski @ Enron. com> cc:> Subjek: Re: Program Enron / Stanford >> Hai Vince, >> Saya berada di Komite Program Teknis Konferensi Infocom 2001,> dan kami bertemu di New York City pada hari Sabtu, 14 Oktober, ke Pilih> Makalah untuk Program Konferensi. Saya meninggalkan Stanford pada hari Jumat dan> kembali pada hari Minggu. >> Mungkin kemungkinan makan malam bersama pada hari Minggu, jika itu> berhasil untuk Anda. Dalam hal ini saya harus menjadwal ulang penerbangan saya ke mendarat> di SFO lebih awal dari yang saya dijadwalkan saat ini. >> Apakah makan malam pada hari Minggu akan bekerja untuk Anda? Ada kemungkinan kita bisa bertemu Senin untuk> makan siang? >> Saya berharap dapat melihat Anda. >> Salam Hormat, >> Nick >> Vince. J . Kaminski @ Enron. com menulis: >>>> Nick, >>>> Saya akan berada di Stanford 14 Oktober - 15, mengunjungi keluarga saya. >> Saya akan senang bertemu dengan Anda (dan mungkin Giuseppe - panggilan Anda) untuk> makan siang. >> Tolong, beri tahu Mer jika Anda bebas di suatu hari. Sabtu akan >> bekerja lebih baik untuk saya. >>>> Vince >>>> Nick Bambos pada 09/22/2200 02: 09: 46 pm >>>> ke: Stinson. Gibner @ Enron. com >> CC: Vince. J . Kaminski @ Enron. com >> Subjek: Re: Program Enron / Stanford >>>> Stinson, >>> Hebat! Saya menantikan kolaborasi yang sangat produktif. >> Saya akan segera mulai melakukan makalah Giuseppe, agar dia bekerja >> pada program Enron / Stanford. >>>> Terima kasih banyak untuk Anda dan Vince, dan saya berharap dapat melihat Anda segera di Stanford >> atau Enron. Jika saya ingat dengan benar, Vince mengunjungi Stanford di >> Oktober. >>> Salam terbaik, >>>> Nick >>>> Stinson. Gibner @ Enron. com menulis: >>>>> Nick, >>>>>> Saya berbicara dengan Paul Racicot, Kepala Perdagangan untuk EBS, Amerika Utara ini >> pagi. Dia mengatakan bahwa dia senang mengirim $ 100.000 untuk> program Anda >>> dari anggarannya. Saya telah meneruskan kepadanya draf surat ke> menemani >>> Dana dan akan mencoba menindaklanjuti untuk memastikan bahwa uang itu dikirim >> segera. >>>>>> - - Stinson"
ham,"Re: Perjanjian VMI Ravi, mungkin Stinson bisa mendapatkan panggilan konferensi ini. Saya akan berada di kantor pada hari Kamis hanya minggu ini. vince  ravi thuraisingham @ enron communications on 02 / 20 / 2000 01 : 13 : 06 am  to : vince kaminski , mark holsworth / corp / enron @ enron  cc : laura beneville , kristy carnes / enron communications @ enron communications ,  kristy carnes / enron communications @ Enron Communications Subjek: Re: Perjanjian VMI Hai Vince, Mark Holsworth meninjau kontrak kami dengan pemberitahuan singkat seperti itu. Saya berterima kasih kepada Mark karena menanggapi permintaan pemberitahuan singkat kami. Ternyata kita perlu membuat database ini bergerak maju dalam beberapa hal dan memiliki hemat waktu bagi kita adalah bantuan yang sangat baik. Seperti disebutkan di bawah, tampaknya orang -orang Pennwell ingin mengobrol lebih banyak tentang ini. Mark, dapatkah Anda menjadwalkan panggilan konferensi dengan orang -orang ini untuk menyelesaikan kontrak ini. Saya akan berada di luar kota sepanjang minggu minggu depan dengan pertemuan kesepakatan terkunci. Vince mungkin bisa mendapatkan panggilan konferensi. Saya akan sangat menghargainya jika Anda dapat membantu kami menutup yang ini! Salam, Ravi. - - - - - diteruskan oleh Ravi Thuraisingham / Enron Communications pada 02/20/10 12: 38 AM - - - - - Russell @ Pennwell. com 02/18 / 00 06: 16 PM ke: Ravi Thuraiingham / Enron Communications @ Enron Communications CC: Toni. turnerbudd @ sbtglaw. Com Subjek: Re: Perjanjian VMI Ravi - Saya ingin menjadwalkan panggilan konferensi antara Anda, saya, Penasihat Pennwell (Toni Turner Budd), dan Penasihat Enron untuk membahas perubahan Anda dan menyelesaikan akhir KMI - Perjanjian Lisensi Pengguna Lisensi Pengguna KMI . Saya mengusulkan agar kami mendapat panggilan konferensi pada pukul 2:00 00 CST Senin ini, 21 Februari. Tolong beri tahu saya jika Anda tersedia saat ini dan, jika tidak, usulkan waktu alternatif untuk panggilan tersebut. Selain itu, berikan saya nomor telepon di mana saya dapat menghubungi Anda untuk panggilan konferensi. Pennwell berharap untuk menyelesaikan perjanjian lisensi dan mengirimkan data KMI ke Enron. Hormat saya, Russell Iorio Manajer Pengembangan Bisnis Pennwell Corporation 1421 South Sheridan Road Tulsa, OK 74112 Russell @ Pennwell. com (918) 831 - 9122 Direct (918) 831 - 9476 FAX - - - - - Pesan Asli - - - - - Dari: Ravi _ Thuraisingham @ Enron. net [mailto: ravi _ thuraisingham @ enron. net] Dikirim: Kamis, 17 Februari 2000 6: 30 PM ke: rmack @ kmicorp. com; mpass @ kmicorp. com; Russell @ Pennwell. Com CC: Kristina _ Lund @ Enron. net; Stinson _ Gibner @ ect. Enron. net; Vince _ Kaminski @ Enron. net; Earl _ Harvey @ Enron. net; Tracy _ Williams @ Enron. Subjek bersih: Perjanjian VMI> Hai Richard, berikut adalah versi yang ditandai dari pengacara kami. Tolong minta orang -orang Anda melihatnya dan jika tampaknya baik -baik saja, buat perubahan dan kirim salinan yang ditandatangani kembali kepada saya. Ravi. - - - - - diteruskan oleh Ravi Thuraisingham / Enron Communications pada 02/17 / 00 06: 21 PM - - - - - - | - - - - - - - - - + - - - - - - - - - - - - - - - - - - - - - - - - - -> | | Mark | | | Holsworth @ ENR | | | di | | | | | | 02/17 / 00 | | | 04: 10 malam | | | | | - - - - - - - - - + - - - - - - - - - - - - - - - - - - - - - - - - - -> - | | | | ke: Ravi Thuraiingham / Enron Communications @ Enron Communications, | | Gene Diers / Corp / Enron @ Enron | | CC: | | Perihal: Perjanjian VMI | - | Silakan temukan terlampir redlining saya dari VMI Acquelment. Harap tinjau dan kirimkan ke vendor untuk ulasan mereka. (Lihat file terlampir: 2 - 14 - 2000 EULA. DOC)"
ham,"Re: Penerimaan Stanford lainnya terima kasih banyak Vince! Vince J Kaminski @ ECT 04/23 / 2001 11: 09 AM ke: Althea Gordon / Na / Enron @ Enron CC: Greg. Whalley @ Enron. com, Traci. Warner @ Enron. com, Patricia. Payton @ Enron. Com Subjek: Re: Stanford Acceptance lain berita bagus. Ini semua kerja keras Anda. Vince Althea Gordon @ Enron 04/20 / 2001 01: 43 PM ke: Vince. Kaminski @ Enron. com, Brad. Romine @ Enron. com, Brad. Alford @ Enron. com, Martin. Lin @ Enron. com, Stephen. Swain @ Enron. com, Matt _ Harris @ Enron. Net, Elliot. Mainzer @ Enron. com, Mauricio. Mora @ Enron. com, Victor. Browner @ Enron. Com CC: Greg. Whalley @ Enron. com, Traci. Warner @ Enron. com, Patricia. Payton @ Enron. Subjek Com: Tim Stanford Penerimaan Stanford lainnya, kami telah menerima penerimaan lain - Noah Jacobs telah menerima tawaran kami sebagai rekan musim panas. Kami sekarang 4 dari 6 untuk penawaran musim panas kami. Saya telah mengirim Paul Kasper, satu waktu kami menawarkan hadiah budidaya dan akan memeriksanya minggu depan. Juga Eric Cope, seorang mahasiswa Stanford yang diwawancarai oleh kelompok Vince Kaminski di Houston di Houston untuk posisi rekanan musim panas juga telah diterima. Semua dalam semua angka Stanford kami terlihat hebat! Terima kasih banyak untuk semua orang dan terus bekerja dengan baik! Althea"
ham,"Re: Wawancara Selasa Hai Vince, terima kasih telah membalas email saya. Wawancara yang dijadwalkan dengan Howard akan terus maju besok, saya telah menulis kepada Shirley untuk meminta waktu yang tepat bagi Anda dan kami akan mengatur agar Howard kembali ke konferensi video dengan Anda. Salam Rachel Vince J Kaminski @ ECT 16/02 / 2001 23: 42 Kepada: Rachel Quirke / Eu / Enron @ Enron CC: Vince J Kaminski / Hou / ECT @ ECT, Shirley Crenshaw / Hou / ECT @ ECT Subjek: Selasa wawancara Selasa Rachel , saya sangat ingin mewawancarai Howard tetapi saya di Philadelphia pada hari Selasa. Vince"
ham,"Re: Hai Vince: Saya pikir pekerjaan penuh waktu mulai sekitar enam bulan tampaknya menjadi pilihan terbaik. Mungkin yang terbaik adalah disertasi saya dibungkus sebelum mengambil komitmen tambahan. Salam Zeigham - - - - - Pesan Asli - - - - - Dari: Vince. J . Kaminski @ Enron. com ke: zkhokher @ mail. utexas. Edu CC: Vince. J . Kaminski @ Enron. com; Stinson. Gibner @ Enron. Tanggal com: Selasa, 11 April 2000 10: 25 AM Subjek: Re: Hai Zeigham, kami membahas dua opsi (tidak harus saling eksklusif): 1. Magang Musim Panas 2. pekerjaan penuh. Apakah Anda tertarik secara eksklusif dalam pekerjaan penuh? Saya butuh jawabannya secepatnya, karena kita akan membahas posisi magang musim panas tambahan sore ini. vince zkhokher @ mail. utexas. EDU pada 04/11/2000 01: 06: 14 PM ke: CC: Subjek: Hai Vince: Sangat menyenangkan berbicara dengan Anda di Texas Finance Festival dan saya pikir pasar telekomunikasi yang dimasukkan Enron sangat menarik dan sangat menguntungkan . Saya akan sangat tertarik untuk bekerja di segmen itu untuk Enron. Namun, saya berbicara dengan Sheridan tentang peluang ini dan dia mengatakan bahwa itu mungkin akan menjadi enam bulan lagi sebelum saya menyelesaikan disertasi saya. Jadi sementara saya pasti tertarik, tanggal mulai mungkin harus ada di sekitar waktu itu. Bagaimanapun, senang bertemu dengan Anda lagi dan mudah -mudahan begitu saya membela disertasi saya, kami dapat membahas peluang kerja secara lebih rinci. Salam Zeigham Zkhokher @ Mail. utexas. EDU 512 - 471 - 1676"
ham,"Re: Halo dari Vince Kaminski di Enron yang akan menjadi pembicaraan yang hebat. Oren, Profesor Departemen. Penelitian Teknik dan Operasi Industri 4117 Etcheverry Hall University of California Berkeley, CA 94720 - 1777 E - Mail: Oren @ IEOR. Berkeley. EDU Telepon: (510) 642 - 1836 atau 5484 Faks: (510) 642 - 1403 - - - - - Pesan Asli - - - - - - Dari: ke: CC :; Dikirim: Selasa, 29 Agustus 2000 5: 01 PM Subjek: Re: Halo dari Vince Kaminski di Enron >> Shmuel, >> Tanggal perjalanan kami ke Berkeley telah ditetapkan. Ini akan menjadi 16 Oktober dan> 17 th> (Senin dan Selasa). >> Saya akan dengan senang hati membuat presentasi tentang pasar turunan energi> (pengembangan pasar di AS dan Eropa, kesulitan penilaian,> Peran Enron> dalam mengembangkan pasar maju untuk gas alam dan listrik). >> Tolong, beri tahu saya jika topik ini menarik bagi Anda. Jika ini> Kasus>, saya akan mengikuti dengan judul dan abstrak. >> Ngomong -ngomong, apakah Anda gratis untuk makan malam pada hari Senin? >> vince >>>>>>> ""shmuel oren"" pada 08 /24 /2000 08: 59: 38 pagi >> ke: ""Vince J Kaminski""> CC:> Subjek: Re: Halo dari Vince Kaminski di Enron> >> Hebat. Seminar kami adalah 3: 30 hingga 5 sore. Jika berhasil untuk Anda, tolong kirimkan saya> judul dan abstrak. > / / / / / / / / / / / / / / / / / / / / / / / / / / / / / / / / / / / / / / / / / / / / / / / / / / / / / / / / / / / / / / / / / / / / F / / / / / / / / /> shmuel s. Oren, Profesor> Dept. Teknik Industri> Penelitian dan Operasi> 4117 Etcheverry Hall> University of California> Berkeley, CA 94720 - 1777> E - Mail: Oren @ IEOR. Berkeley. EDU> Telepon: (510) 642 - 1836 atau 5484> Faks: (510) 642 - 1403> / / / / / / / / / / / / / / / / / / / / / / / / / / / / / / / / / / / / / / / / / / / / / / / / / / / / / / / / / / / / / / / / / / / / / / / / / / / / / / / / / / / / / / / >> - - - - - - pesan asli - - - - -> dari: ""Vince J Kaminski ""> to:"" Shmuel Oren ""> CC:"" Vince J Kaminski ""; ""Ashley Baxter"" >> Dikirim: Kamis, 24 Agustus 2000 9: 58 AM> Subjek: Re: Halo dari Vince Kaminski di Enron >>>>>>> Shmuel, >>>> Terima kasih atas pesannya. Saya bekerja dengan perekrut kami, Ashley Baxter, >> untuk menyelesaikan tanggal perjalanan. Saya akan memotret untuk 23 Oktober >> Jika tanggal ini bekerja untuk seluruh tim kami. >>>> vince >>>>>>>>>>>>> ""Shmuel oren"" pada 08/23 / 2000 11: 46: 19 pagi >>> ke: vince j kaminski / hou / ect @ ect >> CC: >> Subjek: Re: Halo dari Vince Kaminski di Enron >>>>> >> Dear Vince. >> Saya mengirimi Anda balasan awal bulan ini tetapi saya belum mendengar kabar dari Anda tentang> >> tanggal kunjungan Anda. Departemen kami memiliki seminar setiap hari Senin. Jika Anda dapat >> Jadwalkan kunjungan Anda pada hari Senin, saya ingin mengundang Anda untuk memberikan> seminar >> yang akan dihadiri oleh banyak mahasiswa pascasarjana dan fakultas kami dan> akan memberi Anda kesempatan untuk memberi tahu mereka tentang Anda tentang Anda program. Dengan cukup >> lead - waktu saya dapat mengiklankan seminar di sekolah Hass ke> finansial >> mahasiswa teknik mereka. >> Shmuel. >> / / / / / / / / / / / / / / / / / / / / / / / / / / / / / / / / / / / / / / / / / / / / / / / / / / / / / / / / / / / / / / / / / / / / / / / / / / / / / / / F / / / / / / / / / / >> shmuel s. Oren, Profesor >> Dept. Teknik Industri >> dan Penelitian Operasi >> 4117 Etcheverry Hall >> University of California >> Berkeley, CA 94720 - 1777 >> E - Mail: Oren @ IEOR. Berkeley. edu >> Telepon: (510) 642 - 1836 atau 5484 >> Faks: (510) 642 - 1403 >> / / / / / / / / / / / / / / / / / / / / / / / / / / / / / / / / / / / / / / / / / / / / / / / / / / / / / / / / / / / / / / / / / / / / / / / / / / / / / / / / / / / / / / / / >>>>> - - - - - pesan asli - - - - - - >> Dari: >> ke :; ; >>>> Dikirim: Selasa, 08 Agustus 2000 10: 59 AM >> Subjek: Halo dari Vince Kaminski di Enron >>>>>> Shmuel, >>>>> Saya harap Anda ingat saya. Saya mengunjungi Anda bersama dengan Aram Sogomonian, seorang teman baik saya, beberapa tahun yang lalu. Saat ini saya bertanggung jawab, di antara >>> hal -hal lain, untuk merekrut lulusan dengan keuangan dan / atau latar belakang teknis >>> di University of Berkeley. Saya akan dengan senang hati memberi Anda> A >> CALL dan berbicara lebih banyak tentang detail program kami. Kolega saya, >>> AshleyBaxter, dari program analis / asosiasi di Enron akan bergabung dengan saya >>> juga. >>>>> Saya mengirimi Anda salinan brosur tentang analis / associate >>> program. >>>>> Vince Kaminski >>>>>>>> Vincent Kaminski >>> Direktur Pelaksana - Penelitian >>> Enron Corp. >>> 1400 Smith Street >>> Kamar EBL 962 >>> Houston, TX 77002 - 7361 >>>>> Telepon: (713) 853 3848 >> faks: (713) 646 2503 >> E - Mail >> : vkamins @ enron. com >>>>>>>>>>>>>>>>>>>>"
ham,"Re: Modeling Argentina Michael, maaf, saya sedang berlibur. Saya akan senang bertemu dengan Anda di minggu pertama Januari. Tolong hubungi saya (3 - 3848) atau asisten saya, Shirley Crenshaw, 3 - 5290. Vince Michael Guerriero @ Enron _ Pengembangan 12/20/99 02: 31 PM untuk: Vince J Kaminski @ ect CC: Subjek: Model Argentina Saya bertanggung jawab atas operasi Argentina kami dan ingin membahas beberapa masalah pemodelan dengan Anda. Bisakah Anda tersedia hari Rabu untuk rapat. Terima kasih MFG"
ham,"Re: Anita DuPont melanjutkan oooopppss! Tolong abaikan e - email di bawah ini seperti yang saya lihat sekarang bahwa Shirley telah mengirimkan deskripsi pekerjaan ke Norma Villarreal. permintaan maaf saya . Irma Alvarez Ext. 3 - 1543 - - - - - - - - - - - - - - - - - - - - - - - - diteruskan oleh Sheila Walton / Hou / ECT pada 08 /07 /2000 11: 20 PM - - - - - - - - - - - - - - - - - - - - - - - - - - ' / ect @ ect, norma villarreal / hou / ect @ ect subjek: re: anita dupont resume mr. Kaminski, dalam ketidakhadiran Sheila Walton (dia sedang berlibur minggu ini), silakan silakan dan minta Shirley Crenshaw menyarankan deskripsi pekerjaan yang ingin Anda posting ke Norma Villarreal untuk menangani. Jika Anda atau Shirley memerlukan bantuan tambahan sebelum meneruskan materi Anda ke Norma, jangan ragu untuk menghubungi saya. Terima kasih . Irma Alvarez ENA Koordinator HR Ext. 3 - 1543 Vince J Kaminski 08/07 / 2000 08: 29 AM TO: Sheila Walton / Hou / ect @ ect CC: Vince J Kaminski / Hou / ect @ ect, Shirley Crenshaw / Hou / ECT @ ect, Norma Villarreal / Hou / ect @ ect Subjek: Re: Anita DuPont melanjutkan Sheila, tidak, kita harus melalui fase posting terlebih dahulu. Saya akan meminta Shirley untuk memberikan deskripsi pekerjaan. Vince dari: Sheila Walton 08/04/2000 02: 44 PM ke: Vince J Kaminski / Hou / ect @ ect CC: Norma Villarreal / Hou / ECT @ ECT Subjek: Re: Anita DuPont Resume Vince, Alice memiliki kualitas kuat untuk a sr admin asst. Vince, sudahkah kita memposting posisi ini di papan posting pekerjaan? Jika demikian, bagus. Jika tidak, kita perlu memposting celah ini untuk membuktikan bahwa kita telah memberikan kesempatan untuk semua karyawan Enron yang ada sebelum kita pergi ke luar ke kandidat eksternal. Kalau tidak, karyawan yang sudah ada memiliki keluhan yang valid bahwa kami membatasi kemajuan mereka dalam Enron tetapi mempekerjakan secara eksternal. Jika kami belum memposting ini, saya akan meminta perekrut menghubungi Shirley sehingga Shirley dapat memberi kami deskripsi pekerjaan. Kemudian kita dapat memposting dan mewawancarai Anita secara bersamaan. Tolong beri tahu saya secepatnya jika ini telah diposting. terima kasih . Sheila Walton Vince J Kaminski 08/02 / 2000 08: 48 AM ke: Sheila Walton / Hou / ect @ ect CC: Vince J Kaminski / Hou / ECT @ ECT Subjek: Anita DuPont Resume Sheila, saya ingin menyewa anita dupont asita asita asita asita dupont resume sheila, ingin menyewa anita dupont as Asisten Admin Senior, melaporkan ke Shirley. Tolong, hubungi saya tentang hal itu setelah Anda meninjau resume. vince - - - - - - - - - - - - - - - - - - - - - - - - Dikeret oleh Vince J Kaminski / Hou / ECT pada 08 /02 /2000 08: 52 AM - - - - - - - - - - - - - - - - - - - - - - - - - - ' Subjek ECT @ ECT: Anita DuPont Resume Vince: Ini adalah resume yang Anda minta. terima kasih . Anita"
ham,Terima kasih Vince: Terima kasih atas waktu yang Anda ambil hari ini. Sangat menarik untuk bertemu dengan Anda. Saya ingin melanjutkan diskusi kapan -kapan. Terima kasih lagi . Shawn
ham,"Nomor Telepon Dukungan Komputer: 713 - 348 - 8319 (Bantuan dengan koneksi komputer) Suzanna Vazquez: 713 - 348 - 3736 (salinan, dll.) Harap beri tahu saya jika Anda memiliki pertanyaan lagi atau jika saya dapat membantu dengan cara apa pun. Pamela Castro MBA Associate University Rice University 713 - 348 - 6223"
ham,"Iris m. Mack MS. Mack telah menelepon Anda beberapa kali hari ini mencoba membalas telepon Anda. Dia saat ini berada di New York hingga 2 Desember 2000. MS . Mack tertarik untuk berbicara dengan Anda tentang posisi di sini. Dia saat ini sedang berlibur di New York dan dia akan sulit dijangkau. Saya menyarankan agar dia mencoba menghubungi Anda melalui telepon jam 8:00 pagi besok. Juga, dia akan memeriksa email dan pesan suaranya secara teratur jika Anda dapat memberinya waktu dan nomor telepon di mana dia mungkin menghubungi Anda ketika dia sedang berlibur. Jika dia tidak dapat menghubungi Anda sebelum liburan, dia meninggalkan beberapa nomor telepon di mana dia mungkin dihubungi mulai Selasa, 28 November 2000 di New York. Selasa, 28 November - Kamis, 30 November Hotel Washington Square 212 - 777 - 9515 Jumat, 1 Desember - Sabtu, 2 Desember Marriott Hotel 212 - 385 - 4900 Juga, emailnya adalah irismmack @ hotmail. com. Dia bilang kamu membutuhkan keduanya."
ham,Konfirmasi pesanan Anda Ini adalah konfirmasi otomatis dari permintaan yang telah Anda tempatkan menggunakannya pusat. Nomor Permintaan: ECTH - 4 Uznuy Order untuk: Vince 1 x (Compaq Armada M 700 $ 2722) Enron membeli * Kirim semua pertanyaan status mengenai permintaan ini ke: Mailto: Receiving & Hardware @ Enron. com
ham,Kamis Musim Panas Magang Makan Malam Vince: Bolehkah mengirim yang berikut ini ke magang?
ham,"Draf pertama saya, Dr. DR. Kaminski Ini adalah Quentin Kerr lagi dari Australia. Seperti yang saya sebutkan, kertas saya akan segera siap. Harap cari tahu lampiran dengan draft makalah saya (belum dikirimkan). Selalu ada beberapa kesalahan di koran saya. Tolong baca, beri saya beberapa saran. Komentar apapun akan dihargai . Ngomong -ngomong, saya ingin bertanya kepada Anda, apakah Anda sudah menerima resume saya? Saya mengirimkannya kepada Anda sekitar dua minggu yang lalu. PS: Terlampir dengan file PDF. Terima kasih Quentin - - - - - - - - - - - - - - - - - - - - - - - - - - - - - - - - - - - - Quentin Kerr, Email: Qkerr @ Maths. UQ. edu. Au Room: 67 - 622 Telp: (07) 33461428 Departemen Matematika, Universitas Queensland - Jumpl. pdf"
ham,"Situs Intranet Dear Dale / Semua, Terima kasih atas minatnya. . . Saya sudah menghubungi pengembangan intranet tentang pembaruan - mereka tidak harus melakukan banyak hal kecuali mempublikasikan dokumen dan mungkin menambahkan beberapa judul, sehingga sumber daya itu tidak benar -benar menjadi masalah. Seperti yang Anda sarankan, yang hebat adalah jika kita bisa mendapatkan beberapa konten lebih banyak dalam hal baik - menjelaskan perkenalan ke berbagai topik seperti nilai - pada - risiko, risiko kredit dan sebagainya. Seharusnya tidak pada level A yang terlalu tinggi dan mungkin harus ditulis secara khusus untuk tujuan ini. Jika Anda punya waktu untuk menyatukan materi yang menarik (dokumen Word, file teks atau presentasi power point), silakan berikan kepada saya dan saya akan menyusun untuk pembaruan. regards ,  anjam  x 35383  dale surbey  15 / 06 / 2000 10 : 13  to : anjam ahmad / lon / ect @ ect  cc : vince j kaminski / hou / ect @ ect , stinson gibner / hou / ect @ ect , kirstee  hewitt / lon / ect @ ect, Benjamin Parsons / lon / ect @ ect, steven leppard / lon / ect @ ect, matthew d Williams / lon / ect @ ect Subjek: Re: e - commerce & Continental Europe Anjam, ini akan menjadi peluang yang baik Untuk memperbarui konten di situs intranet dan memperluas cakupan ke area baru. Bisakah Anda mengatur beberapa sumber daya TI untuk kami? Jika semua orang dalam penelitian bekerja untuk mengembangkan konten, kami hanya perlu menerbitkannya ke intranet. pikiran ? ? - Dale"
ham,"Re: EPRM Julie, maaf atas keterlambatannya. Saya sering bepergian dalam beberapa hari terakhir. Saya akan mengirimkan kembali komentar saya pada Sabtu pagi waktu saya. Vince ""Julie"" pada 10/13 / 2000 04: 34: 17 pagi untuk: ""Vincejkaminski"" CC: ""LC"", ""Chris"" Subjek: EPRM Vince ,? Bisakah Anda memberi saya indikasi apakah Anda akan dapat meninjau artikel EPRM terbaru di hari berikutnya atau lebih? ? ? Nantikan kabar dari Anda segera. ? Julie"
ham,"Re: KMV Kunjungi Dear Mr. Seyfried, saya menindaklanjuti pesan terlampir dari Vasant Shanbhogue yang berkunjung bersama kami di San Francisco baru -baru ini. Saya akan berada di London pada hari Jumat, 31 Maret, dan dengan senang hati akan mampir ke kantor Anda untuk memberikan informasi tambahan tentang produk kami. Pada titik ini, waktu terbaik bagi saya adalah pada sore hari (2 siang sampai jam 3 sore?). Tolong beri tahu saya jika Anda masih ingin bertemu dan jika waktu ini akan berhasil untuk Anda. Salam, Rob - - - - - Pesan Asli - - - - - - Dari: Vasant Shanbhogue [Mailto: Vasant. Shanbhogue @ Enron. com] Dikirim: Jumat, 24 Maret 2000 10: 56 AM ke: rudy @ kmv. Com CC: Bryan Seyfried; William S Bradford; Subjek Vince J Kaminski: KMV Kunjungi Hai Robert, Menindaklanjuti Kunjungan kami ke kantor Anda, Vince Kaminski dan saya sangat tertarik dengan produk Anda. Bryan Seyfried, yang sedang menuju operasi perdagangan kredit di London, ingin Anda mengunjungi kantor London ketika Anda berada di sana Jumat depan. Dia ingin membahas rincian implementasi teknis pada waktu itu, selain kerangka kerja keseluruhan. Saya juga akan menelepon Anda untuk mengatur waktu untuk melakukan percakapan yang lebih teknis (pemodelan opsi) melalui telepon. Terima kasih, Wakil Presiden Vasant Shanbhogue, Penelitian Enron Corp"
ham,"Re: Brad Romine itu baik -baik saja. Saya berharap dapat berkunjung dengannya. Celeste Vince J Kaminski 05/12 / 2000 08: 56 AM TO: Celeste Roberts / Hou / ect @ ect CC: Vince J Kaminski / Hou / ECT @ ECT Subjek: Brad Romine Celeste, seperti yang mungkin Anda ketah . Com usaha berantakan. Tawaran dari Enron terlihat jauh lebih baik sekarang. Saya telah mengatur untuknya sejumlah wawancara berbeda (termasuk satu dengan Anda). Saya pikir kita seharusnya tidak terlalu menghukum dan memberinya kesempatan ke -2. Saya menyiapkan wawancara dengan RAC, EBS dan Greg Whalley dan dia harus dapat menegosiasikan rotasi pertama yang baik. Tolong, hubungi saya jika Anda memiliki pertanyaan lain. Vince Kaminski"
ham,Telepon Lance Hi Vince: Telepon Lance # IS: (512) 280 - 5052.
ham,"URL p. S . http: / / enaresearch. dev. corp. Enron. com - - - - - - - - - - - - - - - - - - - - - - - - diteruskan oleh Mike A Roberts / Hou / ect pada 01 /09 /2001 01: 11 PM - - - - - - - - - - - - - - - - - - - - - - - - - - ' ect @ ect, vasant shanbhogue / hou / ect @ ect, osman sezgen / hou / ees @ ees, maureen raymond / hou / ect @ ect, tanya tamarchenko / hou / ect @ ect, zimin lu / hou / ect @ ect, jose / ect @ ect, zimin lu / hou / ect @ ect, jose / ect @ ect, zimin lu / hou / ect @ ect, jose / ect @ ect, zimin lu / hou / ect @ ect, Jose / ect Marquez / Corp / Enron @ Enron, Stephen Bennett / Na / Enron @ Enron, William Smith / Corp / Enron @ Enron, Elena Chilkina / Corp / Enron @ Enron, Steve Bigalow / Na / Enron @ Enron CC: Semuanya, Sebagai Semuanya, Sebagai Semua, Sebagai Semua, Sebagai Semua, Sebagai Semuanya, Sebagai Semua, Sebagai Semua, Sebagai Semuanya, Sebagai Semuanya: Sebagai Semuanya, Sebagai Semuanya: Sebagai Semuanya: Sebagai Semuanya: Sebagai Semua, Vince menyarankan, saya membuat alokasi topikal situs web baru kami untuk kontrol kualitas. Bisakah Anda memeriksa secara detail, dan melewati langkah, daftar berikut? Cuaca Mike Links Maureen Analisis Teknis Steve Bigalow Options Library Zimin (Ini adalah yang besar!!) Cuaca Eropa Jose Agricaltural Weather Jose (Pastikan dan Jalankan Pemeriksaan Ejaan!!) Analisis Industri Maureen Publikasi Vasant Osman Research Intelligence Stinson Hot Button # 8 Vince Terima kasih, cukup email saya dengan masalah atau ide untuk menambahkan / perubahan - - - Mike"
ham,"Template untuk menentukan harga hak penolakan pertama Shelley dan Chris, saya telah mengatur templat untuk penetapan harga rofrs. ROFR dihargai sebagai opsi start seri ke depan. Opsi Mulai Maju memberi pemegang hak untuk menggunakan opsi tetapi harga strike ditetapkan pada uang di masa depan sebelum opsi berakhir. Fitur ini meniru ""pencocokan tawaran terbaik"" di ROFR. Yang mendasari opsi ini adalah ""tawaran terbaik"", yang harus terkait erat dengan perbedaan harga antara dua hub yang dihubungkan oleh pipa. Oleh karena itu ROFR tergantung pada kasus, seperti yang ditunjukkan Vince. Volatilitas dapat diperkirakan dari riwayat harga ""penawaran terbaik"". Dengan input ini kita dapat memperkirakan nilai ROFR. Jika Anda memiliki pertanyaan tentang model tersebut, silakan hubungi saya atau Vince. Zimin Lu"
ham,"Re: UC - Mahasiswa Pascasarjana Berkeley Vince, saya setuju. Jika Anda berpikir bahwa kandidat ini akan baik untuk grup Anda secara khusus - saya akan mengundangnya secara langsung. berharap semuanya baik-baik . Ashley Vince J Kaminski @ ECT 10 /24 /2000 04: 09 PM ke: Ashley Baxter / Corp / Enron @ Enron CC: Vince J Kaminski / Hou / ECT @ ECT Subjek: UC - Mahasiswa Pascasarjana Berkeley Ashley, ini adalah salah satu resume i punya hari ini. Saya pikir masuk akal untuk mengundangnya untuk wawancara secara langsung dengan kelompok saya. Dia tidak memenuhi syarat sebagai kandidat analis. bagaimana menurutmu ? Vince - - - - - - - - - - - - - - - - - - - - - - - - Ditahan oleh Vince J Kaminski / Hou / ECT pada 10/24 / 2000 04: 14 PM - - - - - - - - - - - - - - - - - - - - - - - - - - - - - - - - Rajnish Kamat pada 10/23 / 2000 07: 55: 31 PM ke: vkamins @ enron. Com CC: Subjek: UC - Mahasiswa Pascasarjana Berkeley DR. Direktur Pelaksana Vincent Kaminski dan Kepala Penelitian Enron Corp. DR sayang. Kaminski, senang berbicara dengan Anda dan menghadiri ceramah Anda hari ini. Saya seorang mahasiswa pascasarjana di Industrial Engg. dan riset operasi bekerja dengan Prof. Shmuel Oren tentang Topik dalam Harga Instrumen Keuangan dan Desain Kontrak di Pasar Listrik Deregulated. Saya juga melakukan penelitian dalam model lelang dan model kesetimbangan yang dapat dihitung dengan aplikasi dalam desain pasar listrik. Saya berencana untuk lulus dengan ph. D . Pada bulan Mei 2001 dan akan menghargai mendengar tentang peluang apa pun di grup Anda di Enron. Saya melampirkan salinan resume saya (file: cvrkamat. doc) untuk teliti Anda. Berterima kasih kepada Anda, dengan tulus, mahasiswa pascasarjana Rajnish Kamat IEOR, UC - Berkeley 4135, Etcheverry Hall Dept. Teknik Industri dan Operasi Riset Universitas California di Berkeley Berkeley, CA, 94710 - CVRKAMAT. dokter"
ham,"Yen Outlook Vince, sebagai tindak lanjut dari pertemuan kami dengan David Port dan investasi Rudi Zipter Re Enron di SK - Enron, Maureen dan saya menulis kertas posisi terlampir di Yen Jepang. Seperti yang telah kita bahas, volatilitas Won dengan cermat melacak fluktuasi pada yen, dan kertas posisi yen ini dimaksudkan untuk melengkapi bagian Outlook Won untuk perspektif yang lebih luas tentang mata uang yang memperhitungkan pengaruh Yen pada mata uang Asia. . Kami ingin mendistribusikan prospek ini kepada David dan Rudi, tetapi ingin mengirimkannya kepada Anda untuk reaksi awal sebelum distribusi internal. Terima kasih, dan beri tahu saya jika Anda memiliki pertanyaan atau komentar yang terlampir. Gwyn"
ham,"Re: FWD: Praca Dyplomowa v Edycja MBA Warszawa Panie Tomaszu, Prosze Poinformowac Kolegow, Ze Przesle Moje Uwagi do Niedzieli. w. Kamininski vkaminski @ aol. com pada 01 /30 /2001 06: 27: 25 AM ke: vkamins @ enron. Com CC: Subjek: FWD: Praca Dyplomowa v Edycja MBA Warszawa Konten - Transfer - Pengkodean: Dikutip - Pengembalian yang Dapat Dicetak - Path: Diterima: Dari Rly - YGO 2. MX. AOL. com (rly - ygo 2. Mail. Aol. Com [172. 18. 147. 2]) dengan udara - ygo 3. surat. AOL. com (v 77. 31) dengan ESMTP; Senin, 29 Jan 2001 17: 42: 48 - 0500 Diterima: Dari Kepala Pos. Enron. com (outbound 5. Enron. Com [192. 152. 140. 9]) oleh Rly - ygo 2. MX. AOL. com (v 77. 27) dengan ESMTP; Senin, 29 Jan 2001 17: 42: 35 - 0500 Diterima: Dari Nahou - Msmswo 2 PX. corp. Enron. com ([172. 28. 10. 38]) oleh kepala kantor pos. Enron. com (8. 8. 8/8. 8. 8 / Postmaster - 1. 00) dengan ESMTP ID WAAL 2034 untuk; Senin, 29 Jan 2001 22: 42: 34 GMT dari: Vince. J . Kaminski @ Enron. com Diterima: dari ene - mtaol. Enron. com (tidak diverifikasi) oleh Nahou - MSMSWO 2 PX. corp. Enron. com (Teknologi Konten SMTPRS 4. 1. 5) dengan ID ESMTP untuk; Mon, 29 Jan 2001 16: 42: 33 - 0600 Subjek: Praca Dyplomowa v Edycja MBA Warszawa ke: vkaminski @ aol. Tanggal com: Senin, 29 Jan 2001 16: 42: 46 - 0600 Pesan - ID: X - Mimetrack: Serialize dengan router pada ene - mtaol / enron (rilis 5. 0. 6 | 14 Desember 2000) di 01/29 / 2001 04: 40: 54 PM MIME - Versi: 1. 0 Konten - Ketik: teks / polos; charset = iso - 8859 - 2 x - mailer: tidak diketahui (tidak ada versi) - - - - - - - - - - - - - - - - - - - - - - diteruskan oleh Vince J Kaminski / Hou / ect pada 01 / 29 /2001 04: 45 PM - - - - - - - - - - - - - - - - - - - - - - - - - - - - - ""Scarbeko"" pada 01 /29 /2001 07: 35: 10 pagi : CC: Subjek: Praca Dyplomowa v Edycja MBA Warszawa Szanowny Panie Doktorze, Na Samym Pocz? TKU Chcia? bym si przypomnie `. Jestem Studentem v Edycji MBA? w wy ""szej szkole handlu i finans? w midzynarodowych w warszawie i wraz z panami jerzym seremakiem i waldemarem mrozem piszemy u pana doka lepas panca panca pancaza panca panca panca panca panca panca panci ubieg ? Ego roku saya melakukan tej pory nie dosta? em potwirerdzenia, ""e pan je otrzyma? . Bardzo Bym Prosi? o potwierdzenie Otrzymania tych ""e prac lub zaprzeczenie. panie doktorze nastepna sprawa dotyczy zapytania czy pa stwa firma oleh? aby zainteresowana inwestycjami? . Tego Typu Biznesem. Nie Jest to dla nas pierwszy kontakt z tego rodzaju inwestycjami, poniewa ""w obecnej chwili przygotowujemy sie do contraktu? Z Niemieck? ? tegas ? Lahmeyer International Na Budow Elektrowni 150 MW Szczeg? ly moge podac? Je ""Eli Panstwo Wyrazicie Zainteresowanie.?? Z powa"" aniem tomasz b? ACH? ? ? ? ?"
ham,"FWD: Halo dari Charles Shen di Williams Co. Toni, saya ingin membawa dua orang untuk wawancara, salah satu dari mereka mengirimi saya pesan yang terlampir di bawah ini. Saya memasukkan info tentang pria ke -2 di bawah ini. Saya ingin memasukkan diri saya, Vasant Shnabhogue, Tanya Tamarchenko Stinson Gibner, Zimin Lu, Paulo Issler, Alex Tang dalam daftar wawancara. Akan lebih baik jika kita bisa membawanya minggu ini pada hari Jumat. Tanya akan berada di kursus pelatihan minggu depan. Ini berarti bahwa jika Jumat minggu ini terlalu agresif, kita harus memotret untuk wawancara dalam 2 minggu. Maaf untuk pemberitahuan singkat. Vince Jermakyan, Martin 410 Brightmore Downs Alpharetta, GA 30005 Telepon: (770) 753 - 9341 (h) (404) 402 - 8957 (c) Martin @ Electraparners. com - - - - - - - - - - - - - - - - - - - - - - - - diteruskan oleh Vince J Kaminski / Hou / ect pada 10 /09 /2000 09: 48 AM - - - - - - - - - - - - - - - - - - - - - - - - - - - - - - vkaminski @ aol. com pada 10/07 / 2000 05: 55: 11 malam untuk: vkamins @ enron. Com CC: Subjek: FWD: Halo dari Charles Shen di Williams Co. Return - Path: Diterima: Dari RLY - ZCO 2. MX. AOL. com (rly - zco 2. Mail. Aol. Com [172. 31. 33. 2]) dengan udara - zco 2. surat. AOL. com (v 76 _ rl. 8) dengan ESMTP; Rabu, 04 Okt 2000 13: 43: 33 - 0400 Diterima: Dari Web 9407. surat. Yahoo. com (23. 0/24. 129. 136. 216. Dalam - addr. Arpa [216. 136. 129. 23]) oleh Rly - ZCO 2. MX. AOL. com (V 75 _ B 3. 9) dengan ESMTP; Rabu, 04 Okt 2000 13: 43: 06 - 0400 Pesan - ID: Diterima: Dari [151. 142. 252. 11] oleh Web 9407. surat. Yahoo. com; Rabu, 04 Okt 2000 10: 43: 02 PDT Tanggal: Rabu, 4 Okt 2000 10: 43: 02 - 0700 (PDT) Dari: Charles Shen Subjek: Halo dari Charles Shen di Williams co. ke: vkamins @ ect. Enron. Com CC: vkaminski @ aol. com mime - Versi: 1. 0 Konten - Ketik: teks / polos; Charset = US - ASCII X - Mailer: Tidak Diketahui Dear Vince: Apa kabar? Saya tidak yakin apakah Anda masih mengingat saya, kami bertemu di sebuah konferensi tahun lalu di Houston. Setelah bekerja untuk Williams selama sekitar dua tahun, sekarang saya siap untuk bergerak. Saya telah mendengar Enron adalah perusahaan yang hebat, saya bertanya -tanya apakah ada peluang bagi saya, baik dalam kelompok riset atau dalam kelompok struktur di sini adalah deskripsi singkat tentang diri saya: tepat setelah saya mendapatkan ph saya. D . Tentang Keuangan dan Ekonometrik dari Duke University pada tahun 1998, saya bergabung dengan Williams Energy Trading Company sebagai analis kuantitatif. Sekarang saya memimpin kuant dan bertanggung jawab atas kelompok penelitian kuantitatif dengan 7 orang yang sangat berbakat. Saya telah melakukan penelitian dan pemodelan yang luas tentang listrik, beban - mengikuti kesepakatan dan penawaran tol. Jika Anda memerlukan informasi tambahan, jangan ragu untuk menghubungi saya di 918 - 409 - 4308. Saya menantikan kabar dari Anda segera, terima kasih. Hormat kami, Charles apakah Anda yahoo! ? Yahoo! Foto - Cetakan berkualitas 35 mm, sekarang dapatkan 15 gratis! http: / / foto. Yahoo. com /"
ham,"Harap tetap berhubungan hai, hanya ingin mengatakan bahwa ini adalah pertemuan yang hebat dan bekerja dengan Anda semua. Saya akan meninggalkan Enron efektif 5 Juli untuk melakukan perbankan investasi di Hong Kong. Awalnya saya akan berbasis di New York dan akan pindah ke Hong Kong setelah beberapa bulan. Hubungi saya saat Anda berada di sekitarnya. Saya belum tahu detail kontak saya dan akan memberi tahu Anda begitu saya mendapatkannya. Sementara itu, saya akan selalu memeriksa E - Mail saya di royibasco @ yahoo. com. Beri tahu saya apa alamat E - email Anda dan tetap berhubungan! Salam, Roy"
ham,"Re: Di luar situs dengan insinyur jaringan optik John Griebling 13 April, 14 juga lebih baik bagi saya. Saya akan melemparkan tanggal ini kepada orang -orang John Griebling. Ravi. Shirley Crenshaw @ ECT 03 / 02/00 01: 30 PM untuk: Ravi Thuraisingham / Enron Communications @ Enron Communications @ Enron CC: Vince J Kaminski / Hou / ect @ ect, Kristy Carnes / Enron Communications @ Enron Communications: Re: OFF @ ECT, Kristy Carnes / Enron Communications @ Enron Communications: re: Re: OFF Situs dengan insinyur jaringan optik John Griebling Ravi: Saya sebelumnya memberi tahu Anda bahwa akhir pekan 31 Maret akan menjadi semua untuk ini, namun, saya baru tahu bahwa Krishna telah merencanakan pesta penelitian di rumahnya (ini untuk semua Penelitian pada hari Sabtu, 1 April dan Vince mengatakan kepadanya bahwa itu akan sangat bagus - ini adalah hari ulang tahun putrinya). Sekarang terlihat seperti Vince dan laporannya tidak akan dapat melakukan ini sampai akhir pekan tanggal 13 dan 14 April. mohon saran . Shirley Ravi Thuraisingham @ Enron Communications pada 03/01 / 2000 12: 56: 25 PM ke: Shirley Crenshaw / Hou / ect @ ect @ Enron CC: Subjek: Re: Off Situs dengan John Grierbling's Optical Network Engineers Ya. Shirley Crenshaw @ ECT 03 /01 /00 12: 54 PM ke: Ravi Thuraisingham / Enron Communications @ Enron Communications @ Enron CC: Subjek: Re: Off Situs dengan John Griebling Insinyur Jaringan Optik Ravi: Apakah ini termasuk Vince dan semuanya Laporan Langsungnya? Ravi Thuraisingham @ Enron Communications pada 03/01 / 2000 12: 29: 00 PM ke: Shirley Crenshaw / Hou / ect @ ect CC: Stinson Gibner / Hou / ect @ ect, Vince Kaminski, John _ Grierbling @ Palm. NET, Scott Yeager / Enron Communications @ Enron Communications, Kristy Carnes / Enron Communications @ Enron Communications, Dorn _ Hetzel @ Palm. Subjek bersih: Di luar situs dengan insinyur jaringan optik John Griebling Hi Shirley, tolong beri saya beberapa tanggal formulir akhir Maret hingga minggu pertama pada bulan April untuk melakukan di luar kantor untuk laporan langsung Vince (termasuk saya) dan orang -orang riset EBS terpilih . Ini termasuk, Laporan Langsung Vince dari kelompok penelitian kami dan orang -orang berikut dari EBS Research: Ravi, Stinson, Samer, Chinowee. Agenda ini akan mencakup: orang -orang riset yang memberikan beberapa presentasi mini tentang perdagangan, pengembangan pasar (sejarah gas NAT, listrik, dll.), Harga, dll. . . Orang -orang John akan melakukan presentasi mini yang serupa pada rekayasa jaringan optik, komponen optik, penyediaan, pasar telekomunikasi, harga, dll. . . . Jika Scott Yeager dapat membuatnya, ia akan melakukan sihirnya melalui pidato motivasi cepat tentang visi EBS, dll. . Ini akan benar -benar teknis untuk pertemuan profesional teknis untuk mengenal kelompok satu sama lain. Jadi, jangan sertakan orang lain Unles Stinson atau saya melihat penambahan case - oleh - case. John menyarankan Summar House Scott Yeager di Denver untuk acara ini. Harap ikuti ini dengan asisten Scott (Scott mungkin tidak tahu tentang ini jika John belum mengatakan kepadanya sehingga Anda harus menjelaskan niatnya, dll.) Untuk menghubungi Scott. Saya ll cc e - Mail ini untuk memberi Scott kepala. Kita bisa melakukan setengah hari Jumat dan sepanjang hari Sabtu. Atau, kita dapat melakukan sepanjang akhir pekan dan orang -orang akan memiliki pilihan untuk membawa keluarga ke hotel terdekat (biaya keluarga di bukan di EBS). Kami harus menyelesaikan semua ini ketika kami memiliki kesempatan untuk berbicara dengan John & Scott. Saya hanya ingin membuat bola bergulir tetapi mendapatkan tanggal dan tempat terlebih dahulu. Terima kasih, Ravi."
ham,"Agenda yang diusulkan untuk pertemuan lelang 11 Januari, beri tahu saya jika Anda ingin apa pun yang disertakan. - - - - - diteruskan oleh Greg Woulfe / Enron Communications pada 01 /05 /01 07: 09 AM - - - - - _ _ _ _ _ _ _ _ _ _ _ _ _ _ _ _ _ _ _ _ _ _ _ _ _ _ _ _ _ _ _ _ _ _ _ _ _ dari 4 Januari 2001 Dr Richard Steinberg University of Cambridge The Judge Institute Trumpington Street Cambridge CB 2 Lag England Telp: + 44 - 1223 - 339638 FAX: + 44 - 1223 - + 44 - 1223 - 339638 FAX: + 44 - 1223 - + 44 - 1223 - 339638 FAX: + 44 - 1223 - + 44 - 1223 - 339638 FAX: + 44 - 1223 - + 44 - 1223 - 339638 FAX: + 44 - 1223 - + 44 - 1223 - 339638 FAX: + 44 - 1223 - + 44 - 1223 - 339701 E - Mail: r. Steinberg @ Jims. kamera. ac. Inggris"
ham,"Re: EREQUEST 3991 Terima kasih! Vince J Kaminski @ ECT 10/10/2000 05: 06 PM ke: Jameika Smikle / Corp / Enron @ Enron CC: Mike A Roberts / Hou / ect @ ect, Pinnamaneni Krishnarao / Hou / ect @ ect, Vince J Kaminski / Hou / ect @ ect Subjek: Re: erequest 3991 Aproved dalam kedua kasus. Vince Kaminski Dari: Jameika Smikle @ Enron pada 10/10/2000 04: 19:00 untuk: Vince J Kaminski / Hou / ect @ ect CC: Subjek: EREQUEST 3991 Peter Makkai juga meminta akses ini. - - - - - Dikeret oleh Jameika Smikle / Corp / Enron pada 10/10/2000 04: 19:00 - - - - - Jameika Smikle 10/10/2000 04: 16 PM ke: Vince Kaminski CC: Subjek: EREQUEST 3991 Stpehen Bennett meminta akses baca / tulis ke o: \ riset mohon saran. Jameika irm"
ham,"Pengumuman organisasi mengingat pertumbuhan EES telah menjadi jelas bahwa sudah waktunya untuk mengkonsolidasikan fungsi risiko antara EES dan EWS. Ini akan memberi EES sistem, sumber daya, dan keahlian risiko dari kelompok energi grosir yang diperlukan untuk terus tumbuh dan memanfaatkan peluang pasar saat ini. Dengan pemikiran ini dan sesuai dengan manajemen EES, dua kelompok risiko baru di dalam Enron Americas akan dibentuk untuk memberikan EES dengan harga, penataan, manajemen risiko komoditas ritel dan grosir, logistik dan layanan kembali kantor. Fungsi utama kelompok -kelompok ini adalah untuk menyediakan layanan ini kepada EES. Kami telah meminta Rogers Herndon, saat ini wakil presiden - perdagangan di Eastern Power Group untuk mengelola fungsi ini di Eastern Interconnect (ini termasuk gas dan listrik). Rogers akan terus melapor ke Kevin Presto. Kami telah bertanya kepada Don Black, yang sebelumnya Wakil Presiden - Manajemen Risiko EES dan Sumber, untuk mengelola fungsi ini di U Barat. S . Don akan mengelola grup ini dari Houston dan akan melapor ke Tim Belden. Kelompok -kelompok ini akan bekerja sangat erat dengan EES untuk mengejar tujuan bersama sambil memastikan koordinasi yang erat dengan organisasi grosir gas dan perdagangan listrik. Perubahan ini segera efektif. Tolong beri selamat kepada Rogers dan Don atas peran baru mereka. John Lavorato & Louise Kitchen"
ham,"Revolusi Penyimpanan telah memulai Network World Fusion Focus: Amy Larsen DeCarlo tentang penyimpanan di perusahaan saat ini Fokus: Revolusi Penyimpanan telah dimulai 03/07/00 Wincenty Kaminski, Fokus Hari Ini: Revolusi Penyimpanan telah dimulai oleh Amy Larsen DeCarlo percaya hype. Kami berada di tengah revolusi penyimpanan. Hampir dalam semalam, bisnis telah beralih dari menyimpan gigabytes ke terabyte data, dan jumlah pengguna yang mengakses informasi itu meroket. Persyaratan selanjutnya adalah memaksa perusahaan untuk memikirkan kembali strategi penyimpanan mereka dan untuk mengakui pentingnya manajemen penyimpanan dalam persamaan pengiriman informasi yang efisien. Itu bukan, hanya volume data atau permintaan skalabilitas yang lebih tinggi yang mengubah cara bisnis menangani penyimpanan. Premi yang ditempatkan perusahaan pada banyak informasi perusahaan mereka memiliki efek mendalam pada persyaratan penyimpanan mereka. Bisnis Menuntut Kesalahan - Sistem Penyimpanan Toleran yang memberikan akses data yang cepat dan andal kepada karyawan, pemasok, dan pelanggan mereka. Tetapi mengingat fakta bahwa persyaratan kapasitas hard disk, rata -rata, dua kali lipat setiap 12 bulan, sementara kecepatan prosesor dua kali lipat setiap 18 bulan, perusahaan dibiarkan dengan kebingungan: bagaimana mereka dapat mengelola proliferasi informasi yang disimpan secara efisien secara efisien untuk mengkompensasi diferensial antara antara persyaratan kapasitas dan kecepatan prosesor? Jawaban sederhana untuk pertanyaan ini adalah untuk melembagakan rencana manajemen penyimpanan yang dieksekusi dengan baik yang mengantisipasi persyaratan kapasitas terlebih dahulu dan memanfaatkan teknologi dan teknik terbaik untuk mendukung kebutuhan tersebut. Ingatlah bahwa sebagian besar biaya penyimpanan berasal bukan dari peralatan tetapi dari implementasi dan dukungan sistem tersebut. Ada beberapa cara untuk mengelola penyimpanan secara efisien. Salah satu rute terbaik adalah konsolidasi, mengumpulkan sumber daya dan mengelola penyimpanan sebagai suatu sistem, yang bertentangan dengan koleksi server file yang terdesentralisasi. Ini mungkin terdengar seperti kemunduran ke era sebelumnya, ketika penyimpanan perusahaan tinggal di mainframe. Tapi itu sebenarnya adalah langkah progresif, karena konsolidasi lebih berkaitan dengan memusatkan perencanaan, manajemen, dan dukungan berkelanjutan dari sistem penyimpanan daripada dengan lokasi fisik file. Selanjutnya, penting untuk mengenali bahwa tidak semua informasi sama pentingnya bagi organisasi. Akibatnya, persyaratan penyimpanan bervariasi berdasarkan aplikasi bisnis. Seperti di semua bidang TI, penting untuk membuat keputusan implementasi penyimpanan berdasarkan kebutuhan bisnis. Bisnis yang mencoba lebih efisien mengelola penyimpanan mencari alternatif untuk model penyimpanan server file terdistribusi. Mereka ingin mempercepat akses ke file yang disimpan dan menghapus bandwidth - operasi cadangan dan pemulihan intensif dari LAN. Network - Attacked Storage (NAS) memasok profesional TI satu jawaban, memberikan workstation dan server cara untuk mendapatkan akses langsung ke data yang disimpan. Perangkat NAS, yang telah tersedia secara luas selama bertahun -tahun, dioptimalkan untuk memproses transaksi I / O. Meskipun mereka menjanjikan kinerja yang lebih baik, mereka tidak menghapus cadangan dari jaringan transportasi. Sebaliknya, mereka menyediakan solusi yang relatif mudah - untuk - menggunakan masalah penyimpanan platform untuk sebagian besar lingkungan yang heterogen. Banyak yang menganggap penyimpanan - Area Networks (SAN) sebagai jawaban jangka panjang terbaik untuk tantangan penyimpanan saat ini dan di masa depan. Karena SAN dirancang dengan topologi yang terpisah dari jaringan data perusahaan, mereka mengurangi banyak masalah ketersediaan dan kinerja yang terkait dengan model penyimpanan yang lebih tradisional. Namun, mengingat tahap penyebaran awal sebagian besar perusahaan masih ada, banyak dari kemampuan tersebut masih belum teruji di lingkungan produksi. Newsletter ini akan memeriksa bagaimana, melalui manajemen penyimpanan yang efektif, para profesional TI dapat mengurangi biaya dukungan dan meningkatkan pemberian layanan kepada pelanggan mereka. Newsletter ini tidak akan fokus pada barang -barang seperti tape drive yang paling murah atau perpustakaan pita cepat. Sebaliknya, ini akan melihat bagaimana bisnis dapat mengurangi ketidakefisienan dan memanfaatkan teknologi yang muncul untuk menyelesaikan masalah aplikasi penyimpanan khusus mereka. Pada akhirnya, tujuannya adalah untuk mengidentifikasi opsi dan praktik teknologi penyimpanan yang bekerja di lingkungan dunia nyata. Untuk menghubungi Amy Larsen DeCarlo: - - - - - - - - - - - - - - - - - - - - - - - - - - - - - - - - Amy Larsen DeCarlo adalah seorang analis dengan perusahaan manajemen perusahaan di Boulder, Colo . , (http: / / www. Com), seorang analis terkemuka dan perusahaan riset pasar yang berfokus secara eksklusif pada semua aspek manajemen perusahaan. Dia berfokus pada manajemen penyimpanan, manajemen aplikasi, dan keamanan. Dalam posisinya, ia mengawasi riset pasar dan berkontribusi pada pekerjaan proyek khusus di bidang cakupan fokusnya. Sebelum bergabung dengan EMA, Amy menghabiskan lima tahun meliput manajemen perusahaan untuk majalah perdagangan industri, termasuk minggu informasi dan komunikasi data. Dia dapat dihubungi di Mailto: decarlo @. com untuk tautan terkait - - Klik di sini untuk Halaman Beranda Dunia Jaringan: http: / / www. nwfusion. com Konsorsium Industri Penyimpanan Nasional (NSIC) http: / / www. nsic. org Gugus Tugas Manajemen Terdistribusi (DMTF) http: / / www. dmtf. Standar Sistem Penyimpanan Org Kelompok Kerja IEEE http: / / www. SSSWG. org ietf http: / / www. IETF. org Layanan Berlangganan Untuk Berlangganan atau Berhenti Berlangganan Jaringan Dunia E - Mail Nawala, Pergi ke: Untuk Mengubah Alamat Email Anda, Pergi ke: Pertanyaan Berlangganan? Hubungi Layanan Pelanggan dengan membalas pesan ini. Pertanyaan / Komentar lain memiliki komentar editorial? Tulis Jeff Caruso, editor buletin, di: Mailto: jcaruso @ nww. com untuk informasi iklan, tulis Jamie Kalbach, Eksekutif Akun, di: Mailto: jkalbach @ nww. Com Network World Fusion adalah bagian dari IDG. Net, jaringan online IDG. Semuanya dimulai di sini: http: / / www. idg. Com Hak Cipta Jaringan Dunia, inc. , 2000"
ham,"Re: LL Visa - Anshuman Shrivastava Vince: Saya tidak berpikir bahwa Anda bisa merangkum situasi lebih baik! ! ! Saya akan dengan senang hati menanggapi Neil seperti yang Anda sarankan. Terima kasih, Molly Vince J Kaminski 01 /24 /2001 11: 02 AM ke: Molly Magee / Hou / ect @ ect CC: Vince J Kaminski / Hou / dll @ ect Subjek: Re: LL Visa - Anshuman Shrivastava Molly, terima kasih untuk mereka memperbarui . dua poin . Tolong, beri tahu Neil McGregor bahwa banyak proposal yang mungkin melayang sehubungan dengan Anshuman dan ada beberapa kebisingan dalam sistem. Kami membutuhkan Visa LL dan kami memutuskan untuk melanjutkan mengaturnya. Saya juga akan menulis kepadanya dan menjelaskan kebingungannya. Juga, jika saya memiliki pilihan antara mengecewakan Neil atau Jeffs (Shankman dan Skilling), saya akan memilih Neil. Vince Enron North America Corp. Dari: Molly Magee 01 /24 /2001 10: 13 pagi ke: Vince J Kaminski / Hou / ect @ ect CC: Subjek: Re: LL Visa - Anshuman Shrivastava Vince: Rupanya Neil McGregor menjadi kesal ketika ia menerima Margaret Daffin's Email: . Dia mengatakan, bagaimanapun, bahwa Anshuman hanya akan berada di Houston selama satu bulan, dan Anda telah menyebutkan enam bulan ketika kami berbicara sebelumnya. Itu benar -benar tidak membuat perbedaan karena dia perlu mendapatkan visa LL dalam keadaan mana pun, tetapi saya pikir Anda mungkin ingin melihat emailnya. Molly - - - - - - - - - - - - - - - - - - - - - - - - diteruskan oleh Molly Magee / Hou / ect pada 01 /24 /2001 10: 09 AM - - - - - - - - - - - - - - - - - - - - - - - - - - - ' Molly: Per percakapan kita hari ini. Tolong beri tahu saya statusnya sehingga saya dapat melanjutkan proses visa. Terima kasih Margaret - - - - - - - - - - - - - - - - - - - - - - - - diteruskan oleh Margaret Daffin / Hou / ect pada 01 /24 /2001 09: 56 AM - - - - - - - - - - - - - - - - - - - - - - - - - - - ' _ pengembangan @ enron _ Subjek pengembangan: Re: ll visa - Anshuman shrivastava Anshuman tidak bergerak atau berimigrasi ke AS. Kami mengizinkannya bekerja untuk tugas lonth di AS dengan Enron. Harap lakukan persetujuan dan visa yang diperlukan atas dasar ini. CEO Neil McGregor Dabhol Power Margaret Daffin @ ECT 01 /23 /2001 10: 31 PM ke: Anshuman. Srivastav @ Enron. com cc: molly magee / hou / ect @ ect, vince j kaminski / hou / ect @ ect, Jane allen / hou / ect @ ect, timothy callahan / na / enron @ enron, ranendra sengupta / enron _ pengembangan @ enron _ pengembangan _ , Wade Cline / Enron _ Development @ Enron _ Development, Neil McGregor / Enron _ Development @ Enron _ Development @ ect, Harsimran Subjek: ll Visa - Anshuman Shrivastava Anshuman: Saya telah diminta untuk menghubungi Anda mengenai kemungkinan pindah ke Houston, Texas . Agar saya dapat memulai proses memberi Anda visa imigrasi LL, saya akan membutuhkan Anda untuk mengisi kuesioner visa terlampir dan mengembalikannya kepada saya dengan salinan dokumen berikut: salinan semua halaman paspor Anda, bahkan jika kosong Salinan dari semua visa AS sebelumnya mengeluarkan resume yang diperbarui, menunjukkan salinan berbulan -bulan dan bertahun -tahun dari semua diploma dan transkrip yang diterima jika Anda memiliki anggota keluarga yang bergantung pada negara bagian bersama Anda, salinan paspor mereka, silakan kirim ke perhatian saya, melalui FedEx ke: Enron corp. 3 Allen Center, 3 AC 2026 A 333 Clay Street Houston, TX 77002 Hubungi saya dengan pertanyaan yang mungkin Anda miliki di 713 - 345 - 5083."
ham,"Wawancara telepon dengan grup riset Praveen: Mohon maafkan kesalahan pada email di bawah ini. Saya salah paham - Posisi akan menjadi posisi penuh waktu dengan kelompok penelitian. Tolong biarkan saya mendengar dari Anda. terima kasih ! Shirley Crenshaw - - - - - - - - - - - - - - - - - - - - - - - - diteruskan oleh Shirley Crenshaw / Hou / ECT pada 04/27 / 2000 09: 48 AM - - - - - - - - - - - - - - - - - - - - - - - - - - - - - Shirley Crenshaw 04/27 / 2000 09: 39 AM ke: praveen @ wam. Umd. EDU CC: Stinson Gibner / Hou / ect @ ect, Vince J Kaminski / Hou / ect @ ect, Pinnamaneni Krishnarao / Hou / ECT @ ECT, Osman Sezgen / Hou / Ees @ EES Subjek: Wawancara telepon dengan kelompok penelitian praveen pagi Good Night : Enron Corp. Grup Penelitian ingin melakukan wawancara telepon dengan Anda sesuka Anda. Ini akan menjadi ""magang musim panas"" dengan kelompok penelitian. Tolong beri tahu saya ketersediaan Anda pada hari Senin, Mei atau Kamis; 4 Mei. Orang -orang yang akan mewawancarai Anda adalah: Direktur Pelaksana Vince Kaminski Stinson Gibner Wakil Presiden Krishna Krishnarao Direktur Osman Sezgen Manager Saya berharap dapat mendengar dari Anda. Terima kasih dan semoga harimu menyenangkan koordinator administrasi Shirley Crenshaw 713 - 852 - 5290"
ham,"Aplikasi Yvan Molly, saya melampirkan surat rekomendasi saya untuk Yvan Chaxel. Vince"
ham,"FW: London saya ""Daftar keinginan"" oops, saya mengirim email sebelumnya ke Kaminski lain. - - - - - Pesan Asli - - - - - dari: Mack, Iris Terkirim: Kamis, 26 April 2001 10: 42 AM ke: Salmon, Scott CC: Chaney, Craig; Kaminski, Jim; Dhar, amitava; Shanbhogue, Subjek Vasant: ""Daftar Keinginan"" London saya Hi Scott, seperti yang kita bahas, saya akan terbang ke London pada hari Senin untuk menghabiskan waktu di kantor London Enron. Saya sangat menantikan untuk bertemu dengan Anda dan orang lain yang telah saya korespondensi melalui email, telepon, VC, dll. Pada kemarin Vince, Vasant, Amitava dan saya membahas masa tinggal saya dan London dan keinginan untuk membuat perjalanan ini menjadi produktif. Oleh karena itu kami datang dengan ""daftar keinginan"" hal -hal berikut yang ingin saya capai saat saya di sana. Jika Anda memikirkan item penting lainnya untuk ditambahkan ke daftar ini, beri tahu saya. Setelah itu, kita dapat meneruskan daftar ke pihak -pihak yang terlibat untuk mengetahui apakah mereka akan tersedia untuk bertemu dengan saya selama saya tinggal di London. Terima kasih, Iris Iris 'London ""Daftar Keinginan"" Diagram Skema Scott tentang bagaimana berbagai model diikat bersama untuk tujuan keseluruhan dari datang dengan CD akhir dan DBS Deskripsi Produk Harga - Detail lebih lanjut Ben * SPSS * Jawaban (Buku Kartu) George * NNPM Mike * perlu membuat database internal untuk menyimpan data D&B. * Bagaimana data D & B akan disimpan? Membutuhkan fleksibilitas untuk manipulasi data & pengembangan model. Model Bryan & Markus * Feasiblity: Perhitungan apa yang sudah mereka miliki? * Breakeven Spread * Masalah bahaya moral * Masalah kontrak hukum untuk menyelesaikan masalah bahaya moral. * Perusahaan tidak dapat membeli kebangkrutan sendiri? * Perlu memiliki informasi ""akurat"" untuk korelasi antara referensi & rekanan"
ham,"Associate & Analyst RRC Perbarui Proses RRC untuk program Associate & Analyst telah direvisi. Kantor Ketua, bersama dengan kepala masing -masing perusahaan operasi, telah mendirikan komite RRC untuk Rekanan dan satu untuk analis. Setiap komite akan mengawasi pertemuan RRC masing -masing. Rincian prosesnya adalah sebagai berikut: i. Anggota Komite PRC Associate RRC Committee Sally Beck Don W. Black Dan Catagnola Paul Chivers Ed Coats Dave Duran Bob Hayes Sean Homes Fred Kelly Dick Leibert Sean Long Scott Neal Ozzie Pagan Kevin Presto Brad Richter Mark Ruane Jim Steffes Analis PRC Commite Dave Bowers Federico Cerisoli Ed Coats David CREWS Brenda Herod Rogers William Gehle Jay Lewis (James W) Paul Mead Mike Norris Rockey Storie Jon Thomsen Emilio Vicens II. Logistik rapat Enron akan mengadakan pertemuan rekan Belahan Bumi Timur dan Rapat RRC Analis pada 17 Juli di London. RRC untuk belahan bumi timur akan mencakup Eropa, India dan Asia dan akan diketuai oleh John Sherriff. Pertemuan Rekanan Belahan Bumi Barat dan Analis RRC akan diadakan pada 19 Juli di Houston. RRC untuk belahan bumi barat akan mencakup Amerika Selatan, Calgary, Portland, Houston dan Australia (Houston mengelolanya) dan akan diketuai oleh Joe Sutton. Analis RRC akan dilakukan mulai 8: 00 a. M . hingga 12: 30 hal. M . , dan Associate RRC akan dilakukan mulai 1: 30 p. M . hingga 6: 30 hal. M . aku aku aku . Proses Setiap perwakilan RRC telah secara acak ditugaskan 15 hingga 17 rekan atau analis yang akan mereka wakili dalam pertemuan RRC. Harap dicatat bahwa perwakilan RRC tidak hanya mewakili orang -orang yang dapat bekerja di OPCO spesifiknya tetapi orang -orang yang bekerja di seluruh organisasi. Perwakilan RRC akan terus mewakili rekanan atau analis yang ditugaskan selama seluruh masa jabatan mereka dengan program. Perwakilan RRC diharapkan untuk menghubungi pengawas RRC dan mengumpulkan informasi kinerja (termasuk peringkat pra jika tersedia). Program ini akan menyiapkan pengikat untuk setiap perwakilan RRC yang mencakup umpan balik konsolidasi dari sistem PEP untuk rekan atau analis yang ditugaskan dan akan memberikan ini kepada perwakilan RRC pada 7 Juli. Rekanan dan analis akan dinilai oleh pengawas unit bisnis mereka menggunakan enam peringkat kinerja (unggul - masalah) dan formulir umpan balik profesional manajemen sebagaimana dirinci dalam sistem PEP. Peringkat pra -pra harus dimuat ke PEP pada 6 Juli. Peringkat rekanan dan analis akan silang - dikalibrasi dengan masa jabatan pada pertemuan sebagai berikut: Associate: Level 1: 0 hingga 6 bulan Level 2: 7 hingga 12 bulan Level 3 & 4 akan ditinjau bersama: 13 bulan +. Analis: Level 1: 0 hingga 6 bulan Level 2: 7 hingga 12 bulan Level 3: 13 hingga 24 bulan level 4 dan 5 akan ditinjau bersama: 25 bulan + peringkat yang ditentukan dalam pertemuan kalibrasi silang global adalah final, dan tidak dapat dikeluarkan diubah setelah pertemuan berakhir. Mengikuti Global Associate dan Analis RRC, The Associates, dan The Analis, Supervisors akan memperoleh peringkat akhir dari perwakilan RRC. Pengawas harus memastikan bahwa sesi evaluasi dilakukan dan peringkat akhir dikomunikasikan kepada masing -masing rekanan dan analis pada 15 September. Formulir yang diisi harus ditandatangani oleh rekanan atau analis dan dikembalikan ke Terry Bosien dalam Sumber Daya Manusia pada 9/18/00. iv. Promosi Semua promosi harus direkomendasikan di RRC. Rekanan memenuhi syarat untuk promosi menjadi manajer pada peringatan 18 dan 24 bulan mereka. waktu. Peringatan yang terjadi dari April hingga 30 September harus direkomendasikan dalam RRC Juli dan yang terjadi dari LST Oktober hingga 31 Maret harus direkomendasikan dalam RRC Desember. Jika promosi diberikan, itu akan menjadi efektif pada tanggal pertama bulan ini setelah RRC, atau pada tanggal ulang tahun rekanan, yang mana yang lebih baru. Associates dipromosikan setelah 31 Maret untuk RRC Juli dan setelah 30 September untuk RRC Desember akan dievaluasi sebagai rekanan untuk tujuan RRC, bukan sebagai manajer (mis. E. Seorang rekan dipromosikan menjadi manajer yang efektif April. Pada bulan Juli di bulan Juli PRC Individu harus dievaluasi sebagai rekanan bukan sebagai manajer). Analis ke -2 tahun harus direkomendasikan untuk promosi menjadi analis tahun ke -3 setelah menyelesaikan tahun ke -2, menggunakan kriteria waktu yang sama yang diuraikan di atas (mis. E., Seorang analis yang menyelesaikan tahun ke -2 pada 30 September harus direkomendasikan untuk promosi menjadi analis tahun ke -3 di RRC Juli). Analis ke -3 tahun dapat direkomendasikan untuk promosi untuk diasosiasikan setelah menyelesaikan tahun ke -3, memanfaatkan kriteria waktu yang sama yang diuraikan di atas (i. E., Seorang analis yang menyelesaikan tahun RD pada 30 September harus direkomendasikan untuk promosi untuk Associate di RRC Juli). Silakan hubungi Terry Bosien di 713 /853 - 5230 atau Celeste Roberts di 713 /853 - 0555 jika Anda memiliki pertanyaan."
ham,"Harga Kredit atas Ribuan Nama Semua - Tantangan kami untuk beberapa bulan ke depan adalah membangun sistem otomatis untuk memberikan harga diferensial pada ribuan kredit [5.000 demi tahun - akhir]. Sebagian besar kredit ini akan menjadi tidak likuid dalam hal informasi harga pasar, membuat tantangan menjadi lebih sulit, dan hasil akhirnya lebih penting dalam hal keuntungan harga kompetitif. Yang kita butuhkan adalah strategi keseluruhan untuk bagaimana kita berencana untuk mencapai ini dari perspektif kuantitatif. Saat ini kami memiliki beberapa model untuk penetapan harga kredit baik yang digunakan atau sedang dikembangkan: model FMC (pendekatan probabilitas default). Menggunakan kurva Pasar Adil (PAR YIELD) Bloomberg, probabilitas dihasilkan dari LIBOR yang berisiko, kemudian harga swap default / kebangkrutan yang dihitung menggunakan metodologi ekspektasi. Model FMC (pendekatan spread kredit). Menggunakan FMCS, kemudian secara langsung mengambil spread kredit LIBOR di setiap tenor, menyesuaikan untuk perbedaan dasar dan peracikan. Model Bond (pendekatan FMC). Mengambil FMCS sebagai kurva tolok ukur, model ini meregresi ikatan input (khusus untuk sebuah nama) pada dua tolok ukur pemasangan terbaik. Hasilnya adalah kurva hasil nol dengan bentuk yang sama dengan FMC, tetapi dengan level tweak untuk penerbit spesifik. Harga kemudian dihasilkan menggunakan pendekatan spread dan probabilitas. di bawah pengujian. model ikatan (pendekatan spline). Mengambil hanya obligasi khusus untuk penerbit, model ini cocok dengan spline kubik eksponensial dengan kurva harga kupon nol, kemudian membangun kurva hasil nol dari ini. di bawah pengujian. Harga Pasar. Untuk nama cair tertentu, atau sektor / peringkat, harga pasar CDS digunakan, kemudian pemulihan dan diskon acara yang digunakan untuk mendapatkan harga pertukaran kebangkrutan. kmv. Menggunakan frekuensi default yang diharapkan (EDFS) dari model dan basis data KMV, kami akan membangun model untuk menukar swap default, membuat penyesuaian risiko yang tepat. KMV sedang diinstal sekarang, jadi model akan dikerjakan selanjutnya. Masing -masing model ini mengembalikan harga (default kredit dan kebangkrutan), dan keakuratan harga tergantung pada banyak faktor - perbedaan likuiditas dan peraturan antara pasar obligasi dan CDS, asumsi pemulihan, premia risiko, biaya modal, dll. Tujuannya adalah untuk memberi harga secara akurat sebanyak mungkin nama cair, berdasarkan pada model -model ini, kemudian menggunakan harga -harga ini, di samping informasi keuangan lainnya, sebagai tulang punggung untuk sistem penetapan harga otomatis penuh. Input kami ke sistem penetapan harga yang diusulkan untuk nama tertentu adalah model dan harga pasar untuk semua penerbit, bersama dengan nama - data 'lunak' spesifik dari laporan kredit dan laporan keuangan. Jika kredit cukup cair, harga akan dihasilkan dari informasi mereka sendiri saja. Kalau tidak, kredit akan dipetakan ke subset kredit cair, dengan informasi keuangan dan pergerakan harga historis yang menyediakan pemetaan dan bobot. Harga model kemudian akan disesuaikan secara berkala untuk menyelaraskan diri dengan harga pasar (atau pedagang), dan penyesuaian ini akan memberi umpan balik ke dalam komposisi bobot dan pemetaan. Secara longgar, kita dapat memikirkan harga sistem untuk kredit tidak likuid sebagai rata -rata tertimbang dari harga pasar cair (obligasi, ekuitas, swap default), di mana bobotnya dikalibrasi menggunakan analisis kredit, rasio keuangan, dll. Langkah -langkah kunci untuk mengimplementasikan sistem seperti itu adalah: menetapkan apa sebenarnya yang ingin kami 'prediksi' - apakah itu harga, peringkat, probabilitas, atau skor? Kami akan membutuhkan sejarah pasar yang bersih untuk dikalibrasi, yang hanya kami miliki untuk peringkat. Kami kemudian perlu mengembangkan pemetaan dari peringkat / skor ke harga. Mendapatkan dan membersihkan data keuangan dan kredit historis yang diperlukan untuk mengkalibrasi model. Membangun mekanisme model, yaitu, metodologi kalibrasi. Neural Nets / Fuzzy Logic tampaknya kandidat yang jelas, tetapi metode yang tepat dan paket perangkat lunak yang akan digunakan? Menentukan metodologi otomatis untuk memetakan nama dengan informasi terbatas ke dalam model. Mendapatkan harga pasar yang ""benar"", untuk memberi makan kembali kesalahan. Saat ini ada harga seperti itu untuk kredit yang sangat sedikit. Mengalokasikan sumber daya untuk pengembangan. McKinsey mengklaim sistem seperti itu akan memakan waktu 6 - 10 bulan untuk berkembang. Gagasan atau komentar lebih lanjut diminta, karena kami perlu mengembangkan strategi kami secepatnya. Deskripsi model di atas cukup kabur, karena kami belum memiliki pengetahuan yang diperlukan untuk mengisi detail spesifik. Bantuan lebih lanjut akan sangat diperlukan dalam hal ini jika kita ingin terus bergerak dengan 'kecepatan internet'. Salam Ben"
ham,"Anggota Baru Orang -orang berikut ini bergabung dengan kelompok penelitian yang melapor kepada saya efektif segera. Pastikan transfer mereka dari EES ke grup kami tercermin dalam sistem pendukung. Oren v. (""Dayne"") Zimmerman Chuanli (""Ken"") Deng Anguel G Grigorov terima kasih, Krishna."
ham,"Re: Vacation Shirley, tidak masalah. Vince Shirley Crenshaw 11/13 / 2000 10: 21 pagi untuk: Vince J Kaminski / Hou / ect @ ect CC: Anita DuPont / Na / Enron @ Enron, Kevin G Moore / Hou / ECT @ ECT Subjek: Vacation Vince: Saya akan Ingin berlibur Selasa dan Rabu depan, 21 ST dan 22 ND? Tolong beri tahu saya jika tidak apa -apa. Anita akan ada di sini. terima kasih ! Shirley"
ham,"Model Penyimpanan Buku Penyimpanan / Luken Harap rencanakan untuk menghadiri pertemuan pada hari Kamis, 27 April, dari 3: 00 - 5: 00 hal. M . Untuk membahas model penyimpanan Luken dan, yang lebih penting, di mana kami ingin pergi dengan buku penyimpanan. Pertemuan ini akan berada di EB - 30 Cl. Setiap pertanyaan, hubungi Mark Breese (ext. 3 - 6751) atau Gerri Irvine (ext. 3 - 6145)."
ham,Seri Seminar Keuangan Rice / Enron - Attl. htm
ham,"Re: Memilih Tingkat Risiko -Risiko sayang semua, saya lengkap setuju dengan Ben bahwa Treasury adalah tolok ukur yang paling likuid dan andal. Saya juga berpikir bahwa FMA memiliki kelebihan dan kekurangannya sendiri. Namun, sepertinya akan sangat sulit bagi kita untuk menghindari penggunaan LIBOR sebagai tolok ukur - setidaknya untuk harga apa pun yang terkait dengan pasar modal (misalnya, swap default kredit). Harga kami akan selalu berbeda dari itu di pasar modal jika kami menggunakan tolok ukur yang berbeda dari pasar. Sebagai solusi setengah jalan, kita dapat memiliki tolok ukur yang berbeda - misalnya, menggunakan apa pun, yang kita putuskan paling dekat dengan risiko - gratis, untuk menilai produk secara signifikan berbeda dari harga di pasar modal, dan LIBOR untuk semua yang dihargai di pasar modal. Kami dapat menyesuaikan dengan memanipulasi koefisien lain (peristiwa, likuiditas, pemulihan) untuk tujuan kami, tetapi sepertinya patokan harus LIBOR. Untuk menghindari probabilit default negatif (untuk entitas referensi yang berperingkat tinggi) kami dapat menambahkan biaya untuk repo dan potongan rambut (seperti yang dilakukan semua bankir). Mari kita lanjutkan diskusi kita tentang ini. Slava Benjamin Parsons 13/03/2000 20: 07 TO: Bryan Seyfried / Lon / ECT @ ect, Martin McDermott / Lon / ect @ ect, viacheslav Danilov / lon / ect @ ect, stuart ffoulkes / lon / ect @ lon, EKLAVE @ EKLAV sareen / lon / ect @ ect ,  tomas valnek / lon / ect @ ect , john metzler / lon / ect @ ect , simon brooks / lon / ect @ ect ,  konstantin malinovski / lon / ect @ ect  cc : vasant shanbhogue / hou / ect @ ect, vince j Kaminski / hou / ect @ ect, steven leppard / lon / ect @ ect, jitendra patel / lon / ect @ ect, William s bradford / hou / ect @ ect, harry arora / hou / ect @ ect / ect / ect @ ect, harry arora / hou / ect @ ect / ect / ect Subjek: Memilih tingkat risiko yang bebas semua, mengikuti dari diskusi yang dilakukan dengan Vince et al beberapa minggu yang lalu, mengenai masalah yang melekat dalam menggunakan Treasuries sebagai kurva risiko benchmark kami, saya telah menulis dokumen pendek terlampir. Kesimpulan awal saya adalah sebagai berikut: gejolak baru -baru ini di pasar treasury sebagian besar mencapai obligasi 10 dan 30 tahun. Treasury masih merupakan kurva yang paling cair, dan yang digunakan oleh bank untuk membandingkan hutang berisiko. Ada cukup banyak premi likuiditas / kelangkaan yang melekat di dalam perusahaan - spread Treasury, yang tidak kami pertimbangkan. Pengukuran premi ini lebih akurat harus memungkinkan kami untuk menghitung harga kebangkrutan berdasarkan perbendaharaan, yang konsisten dengan pasar. Semua komentar lebih lanjut tentu saja diterima. Salam Ben"
ham,"Wawancara Telepon dengan Bill Anderson - - - - - - - - - - - - - - - - - - - - - - - - diteruskan oleh Kevin Kindall / Corp / Enron pada 03/07 / 2001 08: 58 AM - - - - - - - - - - - - - - - - - - - - - - - - - - - - - - ""Wander"" pada 03/06 / 2001 08: 09: 42 PM ke: CC: Subjek: Wawancara telepon 3/5 . Kindall, saya hanya ingin memberi tahu Anda bahwa saya menghargai waktu yang Anda berikan kepada saya pada hari Senin, dan bahwa saya sangat tertarik untuk mengejar karir di Enron. Saya merasa bahwa manajemen risiko dan pengalaman perbendaharaan saya akan terbukti berharga di perusahaan Anda, dan saya sangat ingin melanjutkan diskusi dengan Anda jika posisi yang sesuai menjadi terbuka. Sekali lagi terima kasih telah meluangkan waktu untuk mengobrol dengan saya, dan saya menunggu kabar dari Anda segera. Hormat kami, Bill Anderson"
ham,"Pelaporan Penelitian Tani - Apakah Anda senang memiliki Steve Leppard dan pelaporan penelitian kepada Anda di London, dengan garis putus -putus yang tebal ke Vince di Houston. Hingga saat ini ia telah dilaporkan ke Dale, jadi masuk akal untuk beralih ke Anda. Steve ingin garis putus -putus ke komersial, yang saya senang miliki untuk saya karena dia melakukan banyak pekerjaan untuk kita. Richard"
ham,"Bab 3 Vince dan Grant ,? Bisakah Anda mengirimkan spreadsheet Excel Anda yang digunakan untuk menghasilkan grafik? ? Kita perlu mengeditnya sehingga mereka akan terlihat seperti grafik di seluruh buku. ? Vince, ketika Anda mengirimi kami setengahnya, maukah Anda memberi kami referensi dan catatan kaki? ? Grant, terima kasih atas setengahnya. ? Nantikan kabar dari Anda segera, terima kasih, Julie"
ham,"2000 Penghargaan Ketua Pahlawan Sehari -hari ada di sekitar kita di Enron, menjalani nilai -nilai inti kami dari rasa hormat, integritas, komunikasi, dan keunggulan dalam segala hal yang mereka lakukan. Beberapa pahlawan ini membuat percikan besar sementara yang lain diam -diam membuat perbedaan di tempat kerja di sekitar mereka. Either way, orang -orang istimewa ini layak diakui dengan nominasi untuk penghargaan ketua 2000. Karena ada lebih dari sekadar satu karyawan yang hidup di Enron, program penghargaan ini akan menghormati 10 karyawan sebagai anggota meja bundar Ketua. Dari kelompok itu, satu individu yang paling mewujudkan nilai -nilai kami akan disajikan dengan penghargaan Ketua di Konferensi Manajemen di San Antonio pada bulan November. Keindahan program penghargaan ini adalah bahwa itu sepenuhnya karyawan - didorong dari awal hingga akhir. Dari nominasi Anda, komite karyawan internasional akan memilih meja bundar Ketua dan akhirnya, pemenang penghargaan Ketua. Peran Anda mencalonkan pahlawan kita sehari -hari sangat penting bagi kesuksesan program. Jika seseorang telah membuat kesan positif pada Anda, silakan luangkan waktu untuk mengisi formulir nominasi dan mengirimkannya ke Charla Reese pada 1 Oktober 2000. Anda dapat mengklik di sini untuk formulir yang dapat dicetak: http: / / home. Enron. com / mengumumkan / Ketua _ NOM / Formulir 3. DOC Untuk informasi lebih lanjut tentang penghargaan Ketua, termasuk detail tentang anggota meja bundar tahun lalu dan pemenang sebelumnya, repit Sumiyono dan Bobbye Brown, silakan klik di sini: http: / / home. Enron. com / mengumumkan / Ketua _ nom lagi, ini adalah penghargaan yang sangat istimewa di Enron dan kami dengan tulus berterima kasih atas partisipasi Anda. Ken, Jeff dan Joe"
ham,"Re: Selamat dan untuk diri sendiri - sangat pantas. sampai berjumpa lagi . B . Vince J Kaminski 11/01 / 2000 16: 04 ke: Barry Pearce / Lon / ECT @ ECT CC: Subjek: Selamat Barry, Selamat. sangat layak . Vince"
ham,"Artikel Encounter - Shalesh Ganjoo sebagai tindak lanjut ke pesan di bawah ini, saya ingin menghubungi Anda untuk melihat apakah Anda memiliki kesempatan untuk meninjau artikel terlampir. Artikel ini akan dicetak dalam dua minggu ke depan. Oleh karena itu, saya ingin memastikan keakuratan informasi yang diberikan. Sekali lagi terima kasih atas usaha Anda, Tracy Arthur - - - - - - - - - - - - - - - - - - - - - - - diteruskan oleh Tracy l Arthur / Hou / ect pada 03/26 / 2001 09: 47 pagi - - - - - - - - - - - - - - - - - - - - - - - - - - - ' Komunikasi, Vince J Kaminski / Hou / ect @ ect CC: Shelly Jones / Hou / ect @ ect Subjek: Artikel pertemuan - Shalesh Ganjoo Kami telah melakukan wawancara dan menulis artikel yang terlampir untuk edisi mendatang dari The Encounter, The Associate & Analis The Associate & Analisy dan The Associate & Analisy dan The Associate dan The Associate dan The Article yang akan datang untuk edisi The Encounter, The Associate & The Associate & Analis yang akan datang Newsletter Program. Wawancara dilakukan dengan Shalesh Ganjoo sehubungan dengan partisipasinya dengan implementasi kapasitas penyimpanan sebagai komoditas. Untuk memastikan publikasi kami mencetak informasi paling akurat, saya telah melampirkan artikel untuk ulasan Anda. Harap konfirmasi bahwa informasi yang diberikan dari Shalesh Ganjoo akurat. Terima kasih sebelumnya atas bantuan Anda, Tracy Arthur Communication Specialist Associate & Analyst Department 713 - 345 - 7853"
ham,"Re: Tindak lanjut dari Iris Mack Hi lagi, saya pikir mungkin akan membantu jika saya meneruskan dokumen yang menjelaskan beberapa produk terstruktur hibrida yang telah saya renungkan. Silakan merujuk ke file terlampir. Selain itu, ada informasi lebih lanjut tentang kedatangan saya ke Houston? Salam, iris (lihat file terlampir: Produk terstruktur hibrida. DOC) (lihat file terlampir: Diagram opsi pengiriman pesawat. Doc) - - - - - - - - - - - - - - - - Pesan ini bersifat rahasia; Ikannya bukan merupakan komitmen oleh BNP Paribas Group * kecuali jika disediakan dalam perjanjian tertulis antara Anda dan BNP Paribas Group *. Setiap pengungkapan, penggunaan atau diseminasi yang tidak sah, baik secara keseluruhan atau sebagian, dilarang. Jika Anda bukan penerima pesan yang dituju, harap segera beri tahu pengirim. * BNP Paribas Group adalah nama perdagangan BNP SA dan Paribas SA CE CE EST Confidentiel; Son contenu ne mewakili en aucun cas un ungagement de la part du groupe bnp paribas * sous cadangan de tout Accord kesimpulan par ecrit entre vous et le groupe bnp paribas *. publikasi toute, pemanfaatan difusi, partielle meme, doit etre autorisee prealablement. SI VOUS N 'ETES pas destinataire de ce pesan, Merci d' en avertir segera l 'expediteur. * le groupe bnp paribas est le nom komersial menggunakan par bnp sa et paribas sa - produk terstruktur hibrida. DOC - Diagram opsi pengiriman pesawat. dokter"
ham,Pertemuan selama ENERGY Expo Ini akan mengkonfirmasi pertemuan kami di kantor Anda pada tanggal 16 Maret 2000 pukul 8 pagi. Kami akan berada di Booth Expo Energy NBR. 931 pada tanggal 14 - 16 dan menginap di Allen Park Inn di Allen Parkway jika Anda perlu menghubungi kami. Liam Leahy untuk dr. Robert E. Brooks Direct Line (323) 913 - 3355 Jalur Utama (323) 663 - 4831 http: / / gpcm. RBAC. com / - attl. htm
ham,"Re: Wawancara dengan Enron Pierre Philippe, kami memiliki dua opsi. Kevin akan mewawancarai pada pertengahan Desember di Pittsburgh dan dia dapat berbicara dengan Anda Anda atau kami dapat mengundang Anda ke Houston. apa yang Anda minati ? Posisi kuant atau pekerjaan perdagangan? Meja perdagangan kami mencari orang dengan pengalaman perdagangan. Vince ""Pierre - Philippe Ste - Marie"" pada 11/29/2000 07: 36: 19:00 ke: CC: Subjek: Wawancara dengan Enron Dear MR. Kaminski ,? Meskipun saya tidak dapat lulus wawancara ""resmi"", saya ingin berdiskusi dengan Enron. Saya sangat terkesan dengan presentasi Anda dan saya pikir saya akan cocok untuk perusahaan Anda. ? Saya tahu bahwa Anda? Akan segera merekrut di kampus, mungkin kita bisa membuat ""pertemuan informal"". Hubungi saya di rumah (412 - 802 - 6429) atau kirimkan saya email di alamat ini. Saya akan menghargai meskipun tidak muncul di daftar wawancara. ? Pierre - Philippe Ste - Marie http: / / pstemarie. Homestead. com"
ham,"Re: (tidak ada subjek) Jana, minggu depan akan bekerja untuk saya. Saya terbang ke San Antonio dari Florida. Saya akan kembali pada hari Minggu. Bagaimana dengan hari Jumat atau Sabtu minggu depan? vince jlpnymex @ aol. com pada 04/04/2000 09: 59: 01 AM ke: Vince. J . Kaminski @ Enron. Com CC: Subjek: Re: (tidak ada subjek) Vince, senang mendengar dari Anda. Kami akan merindukanmu pada Kamis malam. Apakah Anda masih ingin bergabung dengan kami untuk film kapan -kapan? Jana"
ham,"Re: Re: Lisensi Perangkat Lunak MS. Geman, saya minta maaf atas keterlambatan ini, tetapi saya akhirnya telah menyusun perjanjian escrow untuk menempatkan perangkat lunak di escrow dengan pengacara Anda. Harap tinjau dan tinjau pengacara Anda dan beri tahu saya jika dapat diterima. Saya akan meninggalkan departemen tempat saya bekerja dan pindah ke anak perusahaan Enron yang berbeda pada 13 Oktober. Jika memungkinkan, dapatkah kita mencoba mendapatkan perjanjian lisensi perangkat lunak dan perjanjian escrow terbungkus sebelum saya pergi sehingga orang lain tidak harus mencoba mengambil di mana saya tinggalkan? Saya pikir kami baru saja setuju dengan bagian lisensi perangkat lunak. Sepertinya satu -satunya pertanyaan luar biasa berkaitan dengan kekhawatiran Anda tentang memberikan waktu respons 2 hari kerja. Saya tidak punya jawaban tentang itu - mungkin Vince Kaminski atau Stinson Gibner dapat menanggapi masalah ini. Saya berharap dapat mendengar dari Anda dan mencoba menyelesaikan ini dalam 2 minggu ke depan jika memungkinkan. Terima kasih, Karla Feldman Enron Corp. (713) 646 - 7554"
ham,P . C . Kami berbicara tentang hal. C . untuk Trisha Tlapek. Lokasi EB 3132 b. co. # 0011 r. C . 100038 Terima kasih Kevin Moore x 34710
ham,"Jadwal Ravi untuk proyek minggu depan Hamachi hidup! John Griebling meminta kru untuk kembali pada 7 - 10 Maret. Kristy, tolong pesan saya untuk kembali ke Project Hamachi (Omin Hotel di Broomfield). Artinya, saya harus kembali ke Broomfield, CO minggu depan: Tiba di Omin Hotel dan berada di kantor di sini pukul 12:00 siang 7 Maret 2000. Jadi saya perlu mengambil penerbangan paling awal dari Houston untuk sampai ke Bandara Denver tepat waktu untuk masuk ke hotel, dll. . . . Jadi saya perlu mendarat ~ 10 pagi. Saya akan kembali ke Houston akhir hari Jumat. Terima kasih, Ravi."
ham,"Presentasi Simulasi WTI - John terbaru, ini adalah presentasi yang diperbarui untuk Asumsi Terbuka - Tutup. Saya akan menyelesaikan case tutup - tutup (perdagangan berkelanjutan). Zimin"
ham,"Re: Periksa Julie, ya, ini adalah cara kami membagi biaya ini secara internal. Tolong, kirimkan kepada saya. Vince ""Julie"" pada 10/11/2000 01: 57: 55 AM ke: CC: Subjek: Re: Periksa Vince ,? Oh . ? Saya mengirim faktur ke Habiba untuk AUS 5 K beberapa waktu lalu, dan dia memberi tahu saya bahwa dia meneruskannya kepada orang -orang yang menangani perjanjian sekarang (saya menganggap itu sebagai Fiona Grant di London?). ? Saya kemudian akan mengirimkan faktur lain dari AUS 5 K di minggu depan atau lebih untuk saldo yang tersisa. ? Haruskah saya mengirim faktur kepada Anda? ? Terima kasih, Julie - - - - - Pesan Asli - - - - - dari: Vince. J . Kaminski @ Enron. com ke: Julie @ Lacima. co. UK CC: Vince. J . Kaminski @ Enron. Com Dikirim: Senin, 30 Oktober 2000 9: 12 PM Subjek: Re: Periksa Julie, sebuah klarifikasi. Kami memiliki kesepakatan dengan Chris dan Les untuk berkontribusi? AUS 10.000 sebagai bagian dari biaya. Vince ""Julie"" pada 10/30/2000 12: 32: 14 PM untuk :? ? CC: Subjek :? Re: Periksa Vince, terima kasih atas email Anda. Kami akan mengirimkan salinan buku ini segera setelah tersedia, yang sekarang kami perkirakan sekitar 21 November (tidak perlu mengirimi kami cek; Anda layak mendapatkannya). Beri tahu kami jika kami harus menggunakan alamat yang berbeda dari kantor Anda? di Houston. Sekali lagi terima kasih atas semua bantuan Anda. Julie - - - - - Pesan Asli - - - - - dari :? Vince. J . Kaminski @ Enron. com ke: Julie @ Lacima. co. UK CC: Vince. J . Kaminski @ Enron. Com Dikirim: Senin, 30 Oktober 2000 2: 16? Subjek PM: Periksa Julie, pesan ini dikembalikan kepada saya beberapa kali? Saya mengirimkannya dari alamat rumah saya. vince - - - - - - - - - - - - - - - - - - - - - - - -? diteruskan oleh Vince J Kaminski / Hou / ECT pada 10/30/2000 08: 00 AM? - - - - - - - - - - - - - - - - - - - - - - - - - - - - - - vkaminski @ aol. com pada 10/28/220 12: 12: 57? PM ke: Julie @ Lacima. co. UK CC: vkaminski @ aol. com, vkamins @ enron. Subjek com :? Periksa Julie, karena buku ini akan dirilis ke? Pasar, saya ingin memulai proses untuk mengeluarkan cek ke Lacima. ? Siapa yang akan menjadi penerima pembayaran (Lacima) dan apa itu? alamat ? Vince"
ham,"Mid - Year 2000 Kinerja Umpan Balik Catatan: Anda akan menerima pesan ini setiap kali Anda dipilih sebagai pengulas. Anda telah dipilih untuk berpartisipasi dalam proses manajemen kinerja pertengahan tahun 2000 dengan memberikan umpan balik yang berarti pada karyawan tertentu yang telah diidentifikasi untuk Anda. Umpan balik Anda memainkan peran penting dalam proses manajemen kinerja, dan partisipasi Anda sangat penting untuk keberhasilan tujuan manajemen kinerja Enron. Harap berikan umpan balik pada karyawan yang tercantum di bawah ini dengan mengakses Sistem Manajemen Kinerja (PEP) dan mengisi formulir umpan balik online seperti yang dijelaskan dalam ""Panduan Referensi Cepat Manajemen Kinerja"". Anda dapat segera memulai masukan umpan balik Anda. Harap minta semua formulir umpan balik diisi pada tanggal yang disebutkan di bawah ini. Jika Anda memiliki pertanyaan tentang PEP atau tanggung jawab Anda dalam proses tersebut, silakan hubungi Pep Help Desk di nomor berikut: di U. S . : 1 - 713 - 853 - 4777, Opsi 4 di Eropa: 44 - 207 - 783 - 4040, Opsi 4 di Kanada: 1 - 403 - 974 - 6724 (hanya karyawan Kanada) atau e - kirimkan pertanyaan Anda ke: perfmgmt @ enron . com Terima kasih atas partisipasi Anda dalam proses penting ini. Daftar karyawan berikut adalah daftar kumulatif dari semua permintaan umpan balik, oleh perusahaan operasi, yang memiliki status umpan balik ""terbuka"". Nama karyawan tidak akan lagi muncul setelah Anda mengisi formulir umpan balik dan memilih tombol ""Kirim"" di Pep. Grup Tinjauan: Tanggal Jatuh Tempo Umpan Balik Enron: 16 Juni 2000 Nama Pengawas Nama Karyawan Tanggal yang Dipilih - - - - - - - - - - - - - - - - - - - - - - - - - - - - - - - - - - - - - - - - - - - - - Ahmad, Anjam Dale Surbey 22 Mei 2000 Zipter, Rudi C Theodore R Murphy 25 Mei 2000"
ham,"Pengumuman Organisasi FYI. - - - - - - - - - - - - - - - - ' - - - - - - - - - - - - - - - ' Pembicaraan lantai beberapa minggu yang lalu, kami menindaklanjuti dengan e - Mail yang menggambarkan perubahan terbaru dalam fungsi kami dan kembali - fungsi kantor yang sekarang lengkap. Manajemen risiko EES dan sebagian besar kontrol risiko EES dan kelompok operasi akan menjadi kelompok baru dalam layanan grosir Enron. Fungsi satu -satunya grup ini adalah untuk menyediakan harga, penataan, manajemen risiko komoditas, logistik dan layanan punggung untuk EES. Baik Don Black dan Wanda Curry akan melapor ke kantor Ketua EWS. Perubahan ini didorong oleh pertumbuhan eksplosif EES dan kebutuhan yang dihasilkan untuk memanfaatkan sistem, sumber daya, dan keahlian risiko kelompok grosir untuk terus tumbuh dan memanfaatkan peluang pasar saat ini. Perubahan ini akan memungkinkan kita untuk lebih cepat menangkap manfaat dari skala, proses, dan teknologi dalam risiko, logistik, dan fungsi kantor dari kemampuan Enron yang lebih besar. Seperti yang dibahas pada pertemuan semua karyawan pada bulan Maret, ini adalah tujuan penting, dan perubahan ini memungkinkan kita untuk mencapai tujuan -tujuan itu lebih cepat. Secara khusus, kelompok -kelompok berikut dalam grup manajemen risiko EES sebelumnya, akan menjadi bagian dari kelompok baru ini yang melaporkan kepada Don Black: - Gas, Kekuatan dan Meja Tarif, - Meja Opsi, - Profil Situs dan Meja Konsumsi, dan - Meja Produk Matriks / Produk Sekunder. DSM Group dan IAM, bersama dengan kemampuan eksekusi, akan tetap berada di EES dan melapor ke kantor EES Ketua. Kami senang mengumumkan bahwa Ozzie Pagan telah setuju untuk memimpin fungsi ini. Ozzie adalah pembuat kesepakatan komersial yang mapan di ENA. Dia memiliki pengalaman dalam perdagangan daya, asal dan pengembangan tanaman. Selain itu, kelompok layanan, yang akan memberikan penagihan, informasi, dan layanan ritel lainnya, yang dipimpin oleh Evan Hughes, akan tetap berada di EES dan melapor ke EES OOC. Semua fungsi dukungan, dalam kelompok kontrol risiko EES dan kelompok operasi sebelumnya, yang saat ini mendukung DSM dan kelompok layanan, akan tetap ada di EES. Bagian yang tersisa dari kelompok kontrol risiko dan operasi akan menjadi bagian dari pelaporan EWS ke Wanda Curry. Sebagai bagian dari perubahan ini, kami senang menambahkan Evan Hughes dan Ozzie Pagan ke Komite Operasi EES. Selain itu, kelompok penataan, yang dipimpin oleh Sean Holmes, akan dinobatkan sebagai manajemen kesepakatan. Visi untuk kelompok ini tetap sama dengan yang dibahas pada pertemuan semua karyawan; Namun, ini juga akan memfasilitasi dan memastikan interaksi transaksi produktif antara EES dan EWS. Kami telah bertanya, Marty Sunde, sebagai bagian dari peran wakil ketuanya, untuk sumber daya dan memimpin kelompok restrukturisasi formal untuk meningkatkan atau melindungi nilai dalam beberapa transaksi utama dalam portofolio kami terutama di California. Fungsi TI yang baru dibuat, yang dipimpin oleh Anthony Dayao, akan terus melaporkan ke dalam EES OOC tetapi akan mendukung persyaratan EES dan EES. Selain perubahan -perubahan ini, struktur organisasi, visi, dan tujuan yang dirinci untuk EES di semua - pertemuan karyawan pada bulan Maret tetap ada. Kita perlu terus memahami dan mendorong lebih dalam ke pasar kita, mengelola hubungan klien kita, menambang portofolio kita, membangun produk baru dan melaksanakan peluang kita. Terima kasih atas semua kerja keras Anda. Dengan bantuan Anda, kami akan menjadi pengecer energi terkemuka di dunia dan divisi terkemuka Enron. Jika Anda memiliki pertanyaan, jangan ragu untuk bertanya"
ham,"Matthew Patteson, penemu Cindy, ini adalah tinjauan awal kami tentang dokumentasi yang dikirim oleh MR. Patteson. Satu orang lagi akan melihatnya. vince - - - - - - - - - - - - - - - - - - - - - - - - Dikeret oleh Vince J Kaminski / Hou / ECT pada 10/25 / 2000 03: 13 PM - - - - - - - - - - - - - - - - - - - - - - - - - - - - ' dll, Kevin Kindall / Corp / Enron @ Enron Subjek: Matthew Patteson, Inventor Vince, setelah meninjau dokumen yang disediakan oleh MR. Patteson, saya tidak merasa bahwa Enron harus mempertimbangkan untuk terlibat dalam pengujian, pengembangan, atau lisensi generator yang diusulkan karena alasan berikut: 1. Enron saat ini tidak dalam bisnis mengembangkan atau memproduksi peralatan pembangkit listrik dan tidak merencanakan, sejauh yang saya tahu, untuk memasuki bisnis ini. Satu -satunya pengecualian adalah kepemilikan kita dalam entitas yang mengembangkan energi dan energi terbarukan. 2. Enron tidak memiliki fasilitas atau keahlian yang tepat untuk menguji atau mengembangkan MR. Pattesons mengusulkan generator. 3. Mungkin ada risiko besar dalam menguji generator ini karena akan melibatkan perebusan bahan yang mudah terbakar di bawah tekanan. 4. Saya tidak percaya bahwa generator yang diusulkan akan menghasilkan daya listrik dalam jumlah yang signifikan. Generator menghasilkan kekuatan dengan induksi. Artinya, arus listrik diinduksi oleh medan magnet yang berubah. Mekanisme yang memberi daya pada medan magnet yang berubah adalah pergerakan dipol magnetik yang ditangguhkan dalam media mendidih. Karena perebusan akan menghasilkan gerakan cairan yang agak acak, ""gerakan"" atau perubahan dalam medan magnet akan sangat acak dan karenanya tidak cocok untuk menghasilkan arus listrik yang stabil atau andal. Saya telah meminta Martin Lin untuk juga meninjau dokumen untuk memberikan pendapat independen dari proposal ini. dengan hormat, dr. Stinson Gibner PhD. Fisika VP Research, Enron North America p. S . Kevin dan Zimin: Jika Anda tertarik untuk meninjau MR. Proposal Patteson, tolong beri tahu saya."
ham,"BI - Laporan Pembaruan Transmisi Mingguan Sumber Info Energi diistimewakan untuk menyediakan bagi Anda masalah sampel gratis dari Laporan Pembaruan Transmisi BI - Mingguan (terlampir). Laporan ini berisi berita transmisi ISO, RTO, utilitas, dan pedagang terbaru yang disediakan dalam format PDF yang dikirimkan kepada Anda melalui email setiap minggu semua hanya dengan $ 75 / tahun untuk berlangganan individu (langganan perusahaan untuk beberapa pengguna tersedia dengan harga $ 200 / tahun ) . Lihat dan jika Anda ingin berlangganan, klik tautan berikut untuk memesan secara online atau hubungi kami di 888 - 986 - 2250 untuk memesan melalui telepon. Kami menerima Visa / MasterCard / American Express atau dapat menagih perusahaan Anda. Melihat laporan membutuhkan Adobe Acrobat Reader 4. 0 atau lebih tinggi, tersedia gratis di: - - - - - - - - - - - - - - - - - - - - - - - - Jika Anda ingin dihapus dari milis kami atau untuk informasi lebih lanjut: Sumber Info Energi, Inc . Email: CustSVC @ EnergyInfosource. Com Telepon: 888 - 986 - 2250 - Transo 7 _ 23. pdf"
ham,"Re: Pelatihan teknis di Houston Energy Expo! Vince: Sepertinya nilai yang sangat baik secara keseluruhan jika mereka mencakup topik yang sama di kelas -kelas ini seperti di kelas internal Enron. Situs web mengatakan bahwa mendaftar untuk salah satu kelas secara otomatis mendaftarkan Anda ke Expo. Saya ingin merekomendasikan mereka ke tim saya. Apakah seseorang dari grup kami sudah mendaftar untuk ini? Terima kasih Krishna. Vince J Kaminski 02/12 / 2001 01: 50 PM ke: Pinnamaneni Krishnarao / Hou / ECT @ ECT CC: Subjek: Pelatihan Teknis di Houston Energy Expo! Krishna, tolong, lihatlah. vince - - - - - - - - - - - - - - - - - - - - - - - - Dikeret oleh Vince J Kaminski / Hou / ECT pada 02/12 / 2001 01: 50 PM - - - - - - - - - - - - - - - - - - - - - - - - - ' Pelatihan Teknis Sehubungan dengan Houston Energy Expo 20 - 21 Maret 2001 Hyatt Regency Hotel - Pusat Kota Kami Menawarkan: Dasar -dasar Dasar -Dasar Listrik Manajemen Risiko Gas Alam - Kepala Sumur untuk Burnertip Hanya ada 25 tempat di setiap kelas, jadi daftar hari ini Lai Pergi ke www. Nesanet. org, dalam program pendidikan, setiap kelas terdaftar dengan detail dan formulir pendaftaran. Harga anggota adalah $ 545 per orang. Harga non - anggota adalah $ 745 per orang. Jika Anda memiliki pertanyaan, tolong hubungi saya! ! Lana Moore (713) 856 - 6525"
ham,"Permintaan Validasi Model Arthur Andersen Vince, tujuan kami adalah untuk memvalidasi bahwa administrator Buku Pasar Global Enron secara akurat menggunakan ""Model Opsi Spread"" sebagaimana dikembangkan oleh Grup Penelitian. Untuk menentukan ini, kami ingin memberi Anda input untuk kesepakatan tertentu (seperti yang disediakan oleh administrator buku pasar global) dan apakah Anda telah menghitung ulang nilai kesepakatan. Kami kemudian akan membandingkan hasil Anda dengan nilai yang dihitung oleh pasar global. Dua kesepakatan Koch telah dipilih karena efek P / L yang substansial. Saya telah melampirkan data kesepakatan dalam dua bentuk: (1) Model opsi spread yang Kara Boudreau, Administrator Buku EGM, disediakan dan (2) spreadsheet Excel yang mengisolasi 2 transaksi. Jika ada lagi yang bisa kami berikan, tolong jangan ragu untuk menelepon saya di X 30968. Terima kasih banyak atas semua bantuan Anda. Gillian 1. 2."
ham,"Mengunjungi Enron 4 Mei Christie, FYI. Pesan yang saya terima dari Stanford. vince - - - - - - - - - - - - - - - - - - - - - - - - Dikeret oleh Vince J Kaminski / Hou / ect pada 04/09 / 2001 11: 20 pagi - - - - - - - - - - - - - - - - - - - - - - - - - - - - - - ""Susan c. Hansen"" pada 04/06 / 2001 06: 14: 10 PM ke: Vince. J . Kaminski @ Enron. Com CC: Clovell @ Stanford. Edu, Donna Lawrence, Hillh @ Stanford. Edu, Bambos @ Stanford. Subjek Edu: Mengunjungi Enron 4 Mei Vince sayang, ini adalah berita bagus! Donna dan saya senang Anda punya waktu untuk melihat kami pada tanggal 4 Mei. Saya akan keluar dari kantor minggu depan. Dengan salinan email ini kepada asisten saya, Carol Lovell, saya akan memintanya untuk menghubungi Shirley untuk penjadwalan serta arah di mana harus bertemu dengan Anda. Kami akan senang bertemu dengan Christie Patrick juga. Menantikan untuk bertemu dengan Anda, Susan pada pukul 05: 36 siang 4/6/01 - 0500, Anda menulis:> Susan, >> Terima kasih atas pesan Anda. Saya akan senang bertemu dengan Anda pada Mei> 4 th. > Saya akan meminta asisten saya, Shirley Crenshaw (713) 853 5290, untuk menghubungi Anda untuk> mengatur rapat. >> Juga, untuk informasi Anda, kami baru -baru ini mengatur unit khusus untuk> mengoordinasikan hubungan Enron> dengan universitas. Orang yang menjalankan unit ini adalah> Christie Patrick. > Tolong, jangan ragu untuk menghubunginya dan memberikan nama saya sebagai referensi. Saya akan> mengoordinasikan pertemuan> pada tanggal 4 Mei bersamanya. >> vince >>> Informasi tambahan kembali Christie: >> Telepon: (713) 853 - 6117 >> Email: Christie _ Patrick @ Enron. com >>>>> ""Susan c. Hansen"" di 04/03/2001 04: 33: 54 pm >> ke: vkamins @ enron. com> CC:> Subjek: Kunjungi dari Stanford? >>> Dr Dear. Kaminski, >> Izinkan saya memperkenalkan diri secara singkat, saya adalah Direktur Hubungan Korporat> untuk Sekolah Teknik di Universitas Stanford. Dalam peran ini, saya selalu berjaga -jaga untuk menyatukan fakultas kami dengan perusahaan> yang memiliki selera untuk keterlibatan dengan lembaga penelitian tingkat atas. >> Saya yakin Anda tahu Hill Huntington, yang merupakan peneliti senior dengan> Forum Pemodelan Energi Stanford. Dia menyarankan agar saya menghubungi Anda untuk> beberapa ide tentang kontak di Enron. Saya sedang dalam proses perencanaan perjalanan> ke Texas pada awal Mei bersama dengan kolega saya Donna Lawrence, Direktur Hubungan Korporat Universitas. Kami berharap dapat> memasukkan berhenti di Enron di rencana perjalanan kami. Saat ini tampaknya hari Jumat,> 4 Mei akan bekerja paling baik bagi kami, tetapi kami berada di awal perjalanan kami> Perencanaan. >> Tujuan dari kunjungan kami adalah untuk meninjau hubungan saat ini> antara Enron dan Stanford, untuk memberi Anda ikhtisar prioritas saat ini> di School of Engineering, dan meminta bantuan Anda dalam mengidentifikasi poin kontak> terbaik. >> Saya berharap dapat mendengar dari Anda tentang ketersediaan Anda, >> dengan tulus,> Susan Hansen >>>>> Susan c. Hansen> Direktur, Hubungan Korporat> Sekolah Teknik> Universitas Stanford> Stanford, CA 94305 - 4027> (650) 725 - 4219 Susan c. Direktur Hansen, Hubungan Korporat Sekolah Teknik Universitas Stanford Stanford, CA 94305 - 4027 (650) 725 - 4219"
ham,"Re: Kunjungan Anda dengan Vince Kaminski - Enron Corp. meneliti mr sayang. FUJITA: Profesor Kaminski akan senang makan malam dengan Anda dan kolega Anda MR. Yamada. Saya telah menempatkan Anda di kalendernya pada pukul 3:00 siang. dengan makan malam untuk diikuti di sore hari. Tolong beri tahu saya jika Anda ingin saya membuat reservasi makan malam untuk Anda. Hormat kami, koordinator administrasi Shirley Crenshaw Enron Corp. Kelompok Penelitian 713 /853 - 5290 Masayuki Fujita pada 04/04/2000 11: 07: 19:00 hingga: Shirley Crenshaw CC: Subjek: Re: Kunjungan Anda dengan Vince Kaminski - Enron Corp. Penelitian Grup Penelitian Koordinator Administrasi Shirley Crenshaw Enron Corp Dear MS. Crenshaw, saya sangat senang melihat Profesor Kaminski membiarkan saya bertemu dengannya. Saya menawarkan untuk mengunjungi Anda sekitar 3 p. M . pada hari Senin 17. Saya bertanya -tanya apakah kami dapat mengundangnya untuk makan malam malam itu karena kolega saya MR. Yamada yang juga ingin bertemu dengannya akan menghadiri seminar publikasi risiko hingga 5 hal. M . pada hari itu . Tolong beri tahu Profesor Kaminski kami memahami tawaran ini dapat mempengaruhi waktu pribadinya dan kami tidak bersikeras. Saya sangat menantikan untuk melihatnya. Salam, Masayuki Fujita Principal Financial Engineer Teknologi Keuangan Bagian Mitsubishi Research Institute, Inc. 3 - 6 Otemachi 2 - Chome, Chiyoda - Ku Tokyo 100 - 8141 Jepang Tel + 81 - 3 - 3277 - 0582 Faks + 81 - 3 - 3277 - 0521"
ham,"Re: Exotica (Permintaan Kedua) Silakan lihat terlampir: Enron Eropa dari: Sharad Agnihotri 09/10/2000 11: 56 hingga: Anjam Ahmad / Lon / ect @ ect CC: Steven Leppard / lon / ect @ ect, Vince J Kamininski / Subjek hou / ect @ ect: Exotica (permintaan kedua) Anjam, saya telah mencoba menelepon Anda di ponsel Anda tetapi tanpa hasil. Pastikan Anda mengirimi saya kode eksotika. sharad"
ham,"Re: Lanjutkan Hai, MR. Kaminski: Apa kabar? Saya harap Anda memiliki liburan yang indah. Saya baru saja kembali dari Chicago. Ada wawancara Enron di kampus di CMU yang dijadwalkan pada 12/11. Apakah ini wawancara untuk kelas kami atau untuk siswa MBA? Saya khawatir karena saya tidak dipilih untuk wawancara ini, dan saya sangat ingin memiliki kesempatan untuk berbicara tentang apa yang dapat saya lakukan di Enron. Frank - - - - - Pesan Asli - - - - - - Dari: ke: CC: Terkirim: Selasa, 21 November 2000 2: 13 PM Subjek: Re: Resume >> Frank, >> Kami akan mewawancarai para siswa dari Kelas Anda di kampus. > Saya dapat berpartisipasi dalam wawancara. >> Memiliki Thanksgiving yang sangat bahagia. >>> Vince >>>>>> ""Frank Qian"" pada 11/14 / 2000 12: 48: 14:00 >> ke: ""Vince J. Kaminski""> CC:> Subjek: Lanjutkan >> Dear MR. Kaminski: >> Apa kabar? Saya harap semuanya berjalan dengan baik untuk Anda di tempat kerja. Enron> Perekrutan> di CMU baru saja dimulai. Saya telah mengirimkan resume saya melalui karier> layanan. > Batas waktu untuk memilih yang diwawancarai adalah Nov. 21 st. Saya ingin meyakinkan> Anda> minat saya pada program associate / analis di Enron. >> Seperti yang Anda ketahui, program MSCF adalah pelatihan dalam matematika> yang digunakan untuk algoritma dan pemodelan keuangan serta lanjutan> statistik> alat yang diperlukan untuk menganalisis dan memprediksi perilaku pasar keuangan. > Melalui pembelajaran kelas intensif yang dikombinasikan dengan proyek -proyek praktis> menggunakan data keuangan waktu nyata, saya telah mendapatkan latar belakang yang kuat di> status - dari - teknik kuantitatif seni yang digunakan dalam industri keuangan, seperti> harga turunan, simulasi Monte Carlo, dan VAR, dan VAR analisis . Dengan> keterampilan pemrograman saya di C + +, S - Plus, dan Java, saya juga dapat menerapkan> model keuangan atau perdagangan yang canggih dalam praktiknya. >> Saya orang yang sangat termotivasi, andal, dan berorientasi tim tidak hanya memiliki> keterampilan kuantitatif, tetapi juga memiliki pengetahuan luas tentang produk keuangan. > Saya> campuran unik dari set keterampilan akan memungkinkan saya memberikan kontribusi yang signifikan> ke> enron. Pengalaman dan kredensial penelitian akademis saya semuanya menyusun> aset berharga bagi organisasi Anda. Bekerja di Enron akan sangat meningkatkan> pengalaman belajar saya dan pengembangan karir di masa depan. Resume saya terlampir> untuk ulasan Anda. Saya ingin dimasukkan pada orang yang dipilih sebelumnya diwawancarai> Daftar> dan berharap dapat bertemu Anda lagi. >> Salam, >> Frank Qian> fqian @ Andrew. CMU. edu >>> (lihat file terlampir: enron _ resume. doc) >>"
ham,"Makalah Istilah DR. Kaminski, terlampir silakan temukan salinan kertas istilah kami. Sarankan jika Anda mengalami masalah membuka lampiran. Salam, Ken Jett - Combo 2 [1]. V 2. dokter"
ham,Re: Wawancara Bruno Repetto dengan Enron Corp. Kelompok Penelitian Bruno Repetto akan berada di kantor pada 11 Mei mulai pukul 1:00 siang. Berikut ini adalah jadwal wawancara: Vince Kaminski 1: 00 PM Stinson Gibner 1: 30 PM Grant Masson 2: 00 PM Vasant Shanbhogue 2: 30 PM Krishna Krishnarao 3: 00 PM Zimin Lu 3: 30 pm Tany Tamarchenko 4: 00 PM Semua wawancara semua PM Zimin LU 3: 30 PM Tany Tamarchenko 4: 00 PM Semua wawancara semua wawancara akan dilakukan di EBL 938. Kalender yang saya miliki akses telah ditandai. terima kasih ! Shirley
ham,Vince Kaminski Bullet Points * Definisi volatilitas harga * Historis vs. tersirat vs. Model Turunnya Volatilitas * Estimasi volatilitas dari data historis di hadapan? ? ? ? ? ? - Musim? ? ? ? ? ? - melompat? ? ? ? ? ? - Ekor lemak * Model volatilitas stokastik * Kasus volatilitas harga ekstrem baru -baru ini di pasar listrik di AS: Penyebab dan Pemulihan
ham,"Seminar Zingales FYI! - - - - - - - - - - - - - - - - - - - - - - ' - - - - - - - - - - - - - - - - ' Sekolah Pascasarjana Manajemen, Universitas Rice Luigi Zingales University of Chicago akan memberikan seminar di Sekolah Jones pada hari Jumat, 27 April, ""Pembalikan Besar: Politik Pengembangan Keuangan di abad ke -20."" Seminar ini akan dimulai pukul 3: 30 di kamar 105. PDF makalah ini tersedia melalui situs web seminar: http: / / www. ruf. beras . edu / ~ jgsfss /. Fu - Kuo Albert Wang Asisten Profesor Jones Sekolah Manajemen - - MS 531 Rice University 6100 Main Street Houston, TX 77005 Telepon: 713 - 348 - 5404 Faks: 713 - 348 - 5251 Email: Wangfa @ Rice. edu http: / / www. ruf. beras . edu / ~ wangfa /"
ham,"PJML 01: Dasar -Dasar - 16 Januari 2001 01/04/01 PJM TO: Vincent Kaminski Enron Re: ""PJM 101: Kursus Pelatihan Dasar -dasar Selasa, 27 Februari 2001 dari jam 9: 00 a. M . hingga 12: 00 siang dan 1: 00 hal. M . ke 4: 00 hal. M . di internet . Kami mendorong Anda untuk mengoordinasikan partisipasi dalam lokakarya ini dengan orang lain di lokasi Anda dengan mengatur ruang konferensi dengan akses internet dan telepon. Tidak ada biaya yang akan dibebankan kepada anggota PJM; NonMembers akan ditagih $ 500. 00 untuk menghadiri kursus. Biaya tidak dapat dikembalikan. Non - anggota akan dikenakan biaya hanya untuk setiap koneksi. Beberapa peserta dapat menonton satu koneksi. Untuk berpartisipasi dalam kursus, Anda akan memerlukan komputer dengan koneksi internet pada setidaknya modem 56 K dan browser yang sesuai dengan Java, setidaknya versi 4. 5 dari Netscape atau Internet Explorer. Anda juga akan membutuhkan koneksi telepon. Biaya telepon akan dibayar oleh PJM untuk penelepon domestik. Penelepon internasional harus membayar biaya jarak jauh mereka sendiri. Kursus kami diproduksi oleh virtual - lokakarya. com. Beberapa hari dari sekarang Anda akan menerima konfirmasi pendaftaran dari mereka. Beberapa hari sebelum kursus, Anda akan menerima instruksi log - aktif dan dial up dari mereka serta file slide yang akan digunakan sehingga Anda dapat mencetaknya dan membuat catatan jika perlu. Jika Anda memerlukan detail tambahan, Anda dapat menghubungi saya di 610 - 666 - 8981 atau hubungi hotline layanan pelanggan kami di (610) 666 - 8980. Kami menantikan kehadiran Anda di program kami. Hormat kami, Hubungan & Pelatihan Pelanggan Carolyn Mullen"
ham,"Re: Pembaruan Berlangganan Susan: Vince ingin memperbarui semua langganan di bawah ini, kecuali ""Institusi & Instrumen Pasar Keuangan untuk AS Kanada & Meksiko"". terima kasih ! Shirley Enron North America Corp. Dari: Susan L Kennedy 10/09/2000 03: 27 PM ke: Shirley Crenshaw / Hou / ect @ ect CC: Subjek: Pembaruan Berlangganan Shirley, saya harap akhir pekan Anda menyenangkan. Langganan berikut untuk Vince siap untuk pembaruan. Tolong beri tahu saya mana yang ingin diperpanjang: Derivatif: Peraturan Pajak & Keuangan Derivatif Triwulanan Strategi Derivatif Energi Ekonom Pasar Keuangan Lembaga & Instrumen untuk US Canada & Meksiko Jurnal Derivatif Jurnal Penghasilan Tetap Penghasilan Matematika / Tinjauan CATO Bisnis & CATO Tinjauan Pemerintah atas Studi Keuangan SWAPS Monitor New York Times Beberapa mungkin sudah kita perbarui. Hubungi saya dengan pertanyaan apa pun. Terima kasih Susan"
ham,"Pertemuan mingguan Maureen, ini untuk mengingatkan Anda bahwa kami menjadwalkan, atas permintaan Anda, pertemuan mingguan reguler. Kita seharusnya bertemu setiap hari Jumat pukul 8: 00 a. M . Jika saya tidak berada di kantor, pertemuan itu akan dijadwal ulang. Vince"
ham,"Re: Anshuman Neil, Anda pasti sudah mendapatkan surat klarifikasi saya sebelumnya. Ke depan, saya setuju dengan Anda bahwa kami harus memulai rintangan lebih awal daripada terlambat. Namun, saya tidak perlu menunggu bahkan sampai 5 Februari. Tawaran untuk LNG harus keluar pada tanggal 15 Februari, dan kita perlu melakukan banyak analisis berbasis bahan bakar sebelum itu. Oleh karena itu, jika dimungkinkan untuk Anshuman OT tersedia sebelum itu, saya akan sangat menghargainya. Mungkin bahkan pada hari Senin atau Selasa jika memungkinkan? ? Salam, Sandeep. neil mcgregor @ enron _ pengembangan 01/25 / 2001 10: 19 pagi untuk: vince j kaminski / hou / ect @ ect cc: neil mcgregor / sin / ect @ ect, molly magee / hou / ect @ ect, vince j kaminski / hou / ect @ ect, sandeep kohli @ enron @ ect subjek: re: anshuman terima kasih atas klarifikasi yang saya hargai. Kami memiliki masalah sumber daya yang signifikan di sini di India, mengingat kami memiliki negosiasi ulang tentang jatuh di pangkuan kami. Anshuman adalah salah satu analis utama kami dan kami sangat bangga dengan kemampuannya dan potensi masa depan untuk Enron. Begitu kami memiliki dabhol dari ""sistem pendukung kehidupan"", kami dapat melihat tugas yang lebih lama. Sejauh menyangkut penugasan satu bulan saat ini, saya lebih suka memulai awal, katakanlah 5 Februari hingga 5 Maret. Apakah ini nyaman bagi Anda dan Jeff. neil vince j kaminski @ ect 01 /24 /2001 10: 41 pm ke: neil mcgregor / sin / ect @ ect cc: molly magee / hou / ect @ ect, vince j kaminski / hou / ect @ ect, sandeep kohli @ enron Subjek: Anshuman Neil, saya ingin meminta maaf atas kebingungan tentang Anshuman. Kami telah melayang sejumlah skenario yang mungkin mengenai perjalanannya ke Houston dan ada banyak kebingungan mengenai persyaratan (mengingat bahwa saya sedang berbicara dengan Sandeep setiap beberapa hari). Saat ini, kami berharap Anshuman datang ke Houston selama satu bulan untuk mengerjakan proyek DPC (atas permintaan Jeff Shankman). Para pengacara menasihati saya bahwa kita membutuhkan visa LL untuknya, terlepas dari durasi masa tinggalnya. maaf bila membingungkan . Direktur Pelaksana Vincent Kaminski - Research Enron Corp. 1400 Smith Street Room EBL 962 Houston, TX 77002 - 7361 Telepon: (713) 853 3848 Faks: (713) 646 2503 E - Surat: Vkamins @ Enron. com"
